nome,rango,genere,famiglia,ordine,classe,phylum,origine_dataset,fonte_riempimento_tassonomia
Isisaurus colberti,species,Isisaurus,,Saurischia,Saurischia,Chordata,0,dataset_extra_dinosauri
Amygdalodon patagonicus,species,Amygdalodon,,Saurischia,Saurischia,Chordata,0,dataset_extra_dinosauri
Lewisuchus admixtus,species,Lewisuchus,Silesauridae,,Ornithischia,Chordata,0,
Scutellosaurus lawleri,species,Scutellosaurus,,Ornithischia,Ornithischia,Chordata,0,dataset_extra_dinosauri
Goyocephale lattimorei,species,Goyocephale,,Ornithischia,Ornithischia,Chordata,0,dataset_extra_dinosauri
Efraasia minor,species,Efraasia,,Saurischia,Saurischia,Chordata,0,dataset_extra_dinosauri
Ichthyornis dispar,species,Ichthyornis,,Ichthyornithes,Reptilia,Chordata,0,
Megaloolithus siruguei,species,Megaloolithus,Megaloolithidae,,Saurischia,Chordata,0,
Owenodon,genus,Owenodon,,Ornithischia,Ornithischia,Chordata,0,dataset_extra_dinosauri
Hispanosauropus hauboldi,species,Hispanosauropus,,,Reptilia,Chordata,0,
Macroolithus rugustus,species,Macroolithus,Elongatoolithidae,,Reptilia,Chordata,0,
Paraspheroolithus irenensis,species,Paraspheroolithus,Spheroolithidae,,Ornithischia,Chordata,0,
Patagopteryx deferrariisi,species,Patagopteryx,,,Reptilia,Chordata,0,
Neuquenornis volans,species,Neuquenornis,Avisauridae,,Reptilia,Chordata,0,
Graciliceratops mongoliensis,species,Graciliceratops,,Ornithischia,Ornithischia,Chordata,0,dataset_extra_dinosauri
Gobipteryx minuta,species,Gobipteryx,,,Reptilia,Chordata,0,
Dendroolithus,genus,Dendroolithus,Phaceloolithidae,,Reptilia,Chordata,0,
Eolambia caroljonesa,species,Eolambia,,Ornithischia,Ornithischia,Chordata,0,dataset_extra_dinosauri
Megaloolithus jabalpurensis,species,Megaloolithus,Megaloolithidae,,Saurischia,Chordata,0,
Iguanodon bernissartensis,species,Iguanodon,,Ornithischia,Ornithischia,Chordata,0,dataset_extra_dinosauri
Kotasaurus yamanpalliensis,species,Kotasaurus,,Saurischia,Saurischia,Chordata,0,dataset_extra_dinosauri
Camptosaurus,genus,Camptosaurus,,Ornithischia,Ornithischia,Chordata,0,dataset_extra_dinosauri
Liliensternus,genus,Liliensternus,,Saurischia,Reptilia,Chordata,0,dataset_extra_dinosauri
Potamornis skutchi,species,Potamornis,,Hesperornithiformes,Reptilia,Chordata,0,
Sauroposeidon proteles,species,Sauroposeidon,,Saurischia,Saurischia,Chordata,0,dataset_extra_dinosauri
Macroolithus yaotunensis,species,Macroolithus,Elongatoolithidae,,Reptilia,Chordata,0,
Ovaloolithus chinkangkouensis,species,Ovaloolithus,Ovaloolithidae,,Ornithischia,Chordata,0,
Elongatoolithus andrewsi,species,Elongatoolithus,Elongatoolithidae,,Reptilia,Chordata,0,
Dryptosaurus,genus,Dryptosaurus,,Saurischia,Reptilia,Chordata,0,dataset_extra_dinosauri
Coelurosaurichnus perriauxi,species,Coelurosaurichnus,,,Saurischia,Chordata,0,
Eoraptor lunensis,species,Eoraptor,,Saurischia,Saurischia,Chordata,0,dataset_extra_dinosauri
Protohadros byrdi,species,Protohadros,,Ornithischia,Ornithischia,Chordata,0,dataset_extra_dinosauri
Iguanodon,genus,Iguanodon,,Ornithischia,Ornithischia,Chordata,0,dataset_extra_dinosauri
Haestasaurus becklesii,species,Haestasaurus,,Saurischia,Saurischia,Chordata,0,dataset_extra_dinosauri
Wannanosaurus yansiensis,species,Wannanosaurus,,Ornithischia,Ornithischia,Chordata,0,dataset_extra_dinosauri
Vorona berivotrensis,species,Vorona,,,Reptilia,Chordata,0,
Sinosaurus triassicus,species,Sinosaurus,,Saurischia,Reptilia,Chordata,0,dataset_extra_dinosauri
Yunnanosaurus,genus,Yunnanosaurus,,Saurischia,Saurischia,Chordata,0,dataset_extra_dinosauri
Bahariasaurus ingens,species,Bahariasaurus,,Avetheropoda,Reptilia,Chordata,0,
Aegyptosaurus baharijensis,species,Aegyptosaurus,,Saurischia,Saurischia,Chordata,0,dataset_extra_dinosauri
Spinostropheus gautieri,species,Spinostropheus,,Saurischia,Reptilia,Chordata,0,dataset_extra_dinosauri
Ouranosaurus nigeriensis,species,Ouranosaurus,,Ornithischia,Ornithischia,Chordata,0,dataset_extra_dinosauri
Jainosaurus septentrionalis,species,Jainosaurus,,Saurischia,Saurischia,Chordata,0,dataset_extra_dinosauri
Pisanosaurus mertii,species,Pisanosaurus,,Ornithischia,Ornithischia,Chordata,0,dataset_extra_dinosauri
Cumnoria prestwichii,species,Cumnoria,,Ornithischia,Ornithischia,Chordata,0,dataset_extra_dinosauri
Duriatitan humerocristatus,species,Duriatitan,,Saurischia,Saurischia,Chordata,0,dataset_extra_dinosauri
Ornithopsis hulkei,species,Ornithopsis,,Saurischia,Saurischia,Chordata,0,dataset_extra_dinosauri
Eosauropus,genus,Eosauropus,,Saurischia,Saurischia,Chordata,0,dataset_extra_dinosauri
Pantydraco caducus,species,Pantydraco,,Saurischia,Saurischia,Chordata,0,dataset_extra_dinosauri
Moabosaurus utahensis,species,Moabosaurus,,Saurischia,Saurischia,Chordata,0,dataset_extra_dinosauri
Epidendrosaurus ningchengensis,species,Epidendrosaurus,,Saurischia,Reptilia,Chordata,0,dataset_extra_dinosauri
Fuscinapedis woodbinensis,species,Fuscinapedis,,Saurischia,Reptilia,Chordata,0,dataset_extra_dinosauri
Caririchnium,genus,Caririchnium,Iguanodontipodidae,,Ornithischia,Chordata,0,
Iberomesornis romerali,species,Iberomesornis,,,Reptilia,Chordata,0,
Coelurosaurichnus sabinensis,species,Coelurosaurichnus,,,Saurischia,Chordata,0,
Dendroolithus wangdianensis,species,Dendroolithus,Phaceloolithidae,,Reptilia,Chordata,0,
Shunosaurus lii,species,Shunosaurus,,Saurischia,Saurischia,Chordata,0,dataset_extra_dinosauri
Anomoepus,genus,Anomoepus,Moyenisauropodidae,,Ornithischia,Chordata,0,
Dystrophaeus viaemalae,species,Dystrophaeus,,Saurischia,Saurischia,Chordata,0,dataset_extra_dinosauri
Claosaurus agilis,species,Claosaurus,,Ornithischia,Ornithischia,Chordata,0,dataset_extra_dinosauri
Coelurus,genus,Coelurus,,Saurischia,Reptilia,Chordata,0,dataset_extra_dinosauri
Volkheimeria chubutensis,species,Volkheimeria,,Saurischia,Saurischia,Chordata,0,dataset_extra_dinosauri
Lurdusaurus arenatus,species,Lurdusaurus,,Ornithischia,Ornithischia,Chordata,0,dataset_extra_dinosauri
Lesothosaurus diagnosticus,species,Lesothosaurus,,Ornithischia,Ornithischia,Chordata,0,dataset_extra_dinosauri
Wintonopus latomorum,species,Wintonopus,,,Ornithischia,Chordata,0,
Amblydactylus,genus,Amblydactylus,Iguanodontipodidae,,Ornithischia,Chordata,0,
Lirainosaurus astibiae,species,Lirainosaurus,,Saurischia,Saurischia,Chordata,0,dataset_extra_dinosauri
Enantiornis leali,species,Enantiornis,,,Reptilia,Chordata,0,
Sarcosaurus woodi,species,Sarcosaurus,,Saurischia,Reptilia,Chordata,0,dataset_extra_dinosauri
Megalosauropus,genus,Megalosauropus,,Saurischia,Reptilia,Chordata,0,dataset_extra_dinosauri
Albalophosaurus yamaguchiorum,species,Albalophosaurus,,Ornithischia,Ornithischia,Chordata,0,dataset_extra_dinosauri
Traukutitan eocaudata,species,Traukutitan,,Saurischia,Saurischia,Chordata,0,dataset_extra_dinosauri
Aeolosaurus,genus,Aeolosaurus,,Saurischia,Saurischia,Chordata,0,dataset_extra_dinosauri
Zupaysaurus rougieri,species,Zupaysaurus,,Saurischia,Reptilia,Chordata,0,dataset_extra_dinosauri
Coelurosaurichnus ziegelangernensis,species,Coelurosaurichnus,,,Saurischia,Chordata,0,
Coelurosaurichnus,genus,Coelurosaurichnus,,,Saurischia,Chordata,0,
Coelurosaurichnus kronbergeri,species,Coelurosaurichnus,,,Saurischia,Chordata,0,
Perijasaurus lapaz,species,Perijasaurus,,,Saurischia,Chordata,0,
Megalosauropus broomensis,species,Megalosauropus,,Saurischia,Reptilia,Chordata,0,dataset_extra_dinosauri
Syntarsus kayentakatae,species,Syntarsus,,Saurischia,Reptilia,Chordata,0,dataset_extra_dinosauri
Austrosaurus mckillopi,species,Austrosaurus,,Saurischia,Saurischia,Chordata,0,dataset_extra_dinosauri
Mendozasaurus neguyelap,species,Mendozasaurus,,Saurischia,Saurischia,Chordata,0,dataset_extra_dinosauri
Appalachiosaurus montgomeriensis,species,Appalachiosaurus,,Saurischia,Reptilia,Chordata,0,dataset_extra_dinosauri
Blikanasaurus cromptoni,species,Blikanasaurus,,Saurischia,Saurischia,Chordata,0,dataset_extra_dinosauri
Thecodontosaurus,genus,Thecodontosaurus,,Saurischia,Saurischia,Chordata,0,dataset_extra_dinosauri
Ovaloolithus,genus,Ovaloolithus,Ovaloolithidae,,Ornithischia,Chordata,0,
Megaloolithus aureliensis,species,Megaloolithus,Megaloolithidae,,Saurischia,Chordata,0,
Kinnareemimus khonkaenensis,species,Kinnareemimus,,Saurischia,Reptilia,Chordata,0,dataset_extra_dinosauri
Coelurosaurichnus palissyi,species,Coelurosaurichnus,,,Saurischia,Chordata,0,
Calorckosauripus lazari,species,Calorckosauripus,,,Saurischia,Chordata,0,
Ligabueichnium bolivianum,species,Ligabueichnium,,Ornithischia,Ornithischia,Chordata,0,dataset_extra_dinosauri
Kayentapus,genus,Kayentapus,,,Reptilia,Chordata,0,
Aragosaurus ischiaticus,species,Aragosaurus,,Saurischia,Saurischia,Chordata,0,dataset_extra_dinosauri
Ornithopsis,genus,Ornithopsis,,Saurischia,Saurischia,Chordata,0,dataset_extra_dinosauri
Fusioolithus baghensis,species,Fusioolithus,Fusioolithidae,,Reptilia,Chordata,0,
Ferganocephale adenticulatum,species,Ferganocephale,,Ornithischia,Ornithischia,Chordata,0,dataset_extra_dinosauri
Gettyia gloriae,species,Gettyia,Avisauridae,,Reptilia,Chordata,0,
Fukuisaurus tetoriensis,species,Fukuisaurus,,Ornithischia,Ornithischia,Chordata,0,dataset_extra_dinosauri
Chubutisaurus insignis,species,Chubutisaurus,,Saurischia,Saurischia,Chordata,0,dataset_extra_dinosauri
Timimus hermani,species,Timimus,,Saurischia,Reptilia,Chordata,0,dataset_extra_dinosauri
Serendipaceratops arthurcclarkei,species,Serendipaceratops,,Ornithischia,Ornithischia,Chordata,0,dataset_extra_dinosauri
Leaellynasaura amicagraphica,species,Leaellynasaura,,Ornithischia,Ornithischia,Chordata,0,dataset_extra_dinosauri
Atlascopcosaurus loadsi,species,Atlascopcosaurus,,Ornithischia,Ornithischia,Chordata,0,dataset_extra_dinosauri
Fulgurotherium australe,species,Fulgurotherium,,,Ornithischia,Chordata,0,
Hexinlusaurus multidens,species,Hexinlusaurus,,Ornithischia,Ornithischia,Chordata,0,dataset_extra_dinosauri
Agilisaurus louderbacki,species,Agilisaurus,,Ornithischia,Ornithischia,Chordata,0,dataset_extra_dinosauri
Gasosaurus constructus,species,Gasosaurus,,Saurischia,Reptilia,Chordata,0,dataset_extra_dinosauri
Datousaurus bashanensis,species,Datousaurus,,Saurischia,Saurischia,Chordata,0,dataset_extra_dinosauri
Ceratosaurus,genus,Ceratosaurus,,Saurischia,Reptilia,Chordata,0,dataset_extra_dinosauri
Aviatyrannis jurassica,species,Aviatyrannis,,Saurischia,Reptilia,Chordata,0,dataset_extra_dinosauri
Ouranosaurus,genus,Ouranosaurus,,Ornithischia,Ornithischia,Chordata,0,dataset_extra_dinosauri
Malawisaurus dixeyi,species,Malawisaurus,,Saurischia,Saurischia,Chordata,0,dataset_extra_dinosauri
Epachthosaurus sciuttoi,species,Epachthosaurus,,Saurischia,Saurischia,Chordata,0,dataset_extra_dinosauri
Rapetosaurus krausei,species,Rapetosaurus,,Saurischia,Saurischia,Chordata,0,dataset_extra_dinosauri
Rhoetosaurus brownei,species,Rhoetosaurus,,Saurischia,Saurischia,Chordata,0,dataset_extra_dinosauri
Camptosaurus dispar,species,Camptosaurus,,Ornithischia,Ornithischia,Chordata,0,dataset_extra_dinosauri
Osmakasaurus depressus,species,Osmakasaurus,,Ornithischia,Ornithischia,Chordata,0,dataset_extra_dinosauri
Coelurus fragilis,species,Coelurus,,Saurischia,Reptilia,Chordata,0,dataset_extra_dinosauri
Ceratosaurus nasicornis,species,Ceratosaurus,,Saurischia,Reptilia,Chordata,0,dataset_extra_dinosauri
Nanosaurus agilis,species,Nanosaurus,,Ornithischia,Ornithischia,Chordata,0,dataset_extra_dinosauri
Losillasaurus giganteus,species,Losillasaurus,,Saurischia,Saurischia,Chordata,0,dataset_extra_dinosauri
Sibirotitan astrosacralis,species,Sibirotitan,,,Saurischia,Chordata,0,
Ancistrodon,genus,Ancistrodon,,,Reptilia,Chordata,0,
Taoperdix,genus,Taoperdix,,Galliformes,Reptilia,Chordata,0,
Hadrosauropodus,genus,Hadrosauropodus,Iguanodontipodidae,,Ornithischia,Chordata,0,
Martinavis vincei,species,Martinavis,,,Reptilia,Chordata,0,
Hadrosaurichnus,genus,Hadrosaurichnus,,Saurischia,Reptilia,Chordata,0,dataset_extra_dinosauri
Salfitichnus mentoor,species,Salfitichnus,,Saurischia,Reptilia,Chordata,0,dataset_extra_dinosauri
Avisaurus archibaldi,species,Avisaurus,Avisauridae,,Reptilia,Chordata,0,
Gongpoquansaurus mazongshanensis,species,Gongpoquansaurus,,Ornithischia,Ornithischia,Chordata,0,dataset_extra_dinosauri
Archaeoceratops oshimai,species,Archaeoceratops,,Ornithischia,Ornithischia,Chordata,0,dataset_extra_dinosauri
Apsaravis ukhaana,species,Apsaravis,,,Reptilia,Chordata,0,
Bonitasaura salgadoi,species,Bonitasaura,,Saurischia,Saurischia,Chordata,0,dataset_extra_dinosauri
Andesaurus delgadoi,species,Andesaurus,,Saurischia,Saurischia,Chordata,0,dataset_extra_dinosauri
Equijubus normani,species,Equijubus,,Ornithischia,Ornithischia,Chordata,0,dataset_extra_dinosauri
Dracovenator regenti,species,Dracovenator,,Saurischia,Reptilia,Chordata,0,dataset_extra_dinosauri
Atlasaurus imelakei,species,Atlasaurus,,Saurischia,Saurischia,Chordata,0,dataset_extra_dinosauri
Genyodectes serus,species,Genyodectes,,Saurischia,Reptilia,Chordata,0,dataset_extra_dinosauri
Notoceratops bonarelli,species,Notoceratops,,,Ornithischia,Chordata,0,
Tetrapodosaurus borealis,species,Tetrapodosaurus,Tetrapodosauridae,,Ornithischia,Chordata,0,
Nanosaurus,genus,Nanosaurus,,Ornithischia,Ornithischia,Chordata,0,dataset_extra_dinosauri
Dakotasaurus browni,species,Dakotasaurus,,Ornithischia,Ornithischia,Chordata,0,dataset_extra_dinosauri
Monolophosaurus jiangi,species,Monolophosaurus,,Saurischia,Reptilia,Chordata,0,dataset_extra_dinosauri
Alxasaurus elesitaiensis,species,Alxasaurus,,Saurischia,Reptilia,Chordata,0,dataset_extra_dinosauri
Jingshanosaurus xinwaensis,species,Jingshanosaurus,,Saurischia,Saurischia,Chordata,0,dataset_extra_dinosauri
Elongatoolithus,genus,Elongatoolithus,Elongatoolithidae,,Reptilia,Chordata,0,
Kunbarrasaurus ieversi,species,Kunbarrasaurus,,,Ornithischia,Chordata,0,
Muttaburrasaurus,genus,Muttaburrasaurus,,Ornithischia,Ornithischia,Chordata,0,dataset_extra_dinosauri
Cryolophosaurus ellioti,species,Cryolophosaurus,,Saurischia,Reptilia,Chordata,0,dataset_extra_dinosauri
Paralititan stromeri,species,Paralititan,,Saurischia,Saurischia,Chordata,0,dataset_extra_dinosauri
Janenschia robusta,species,Janenschia,,Saurischia,Saurischia,Chordata,0,dataset_extra_dinosauri
Yaverlandia bitholus,species,Yaverlandia,,Saurischia,Reptilia,Chordata,0,dataset_extra_dinosauri
Sarcolestes leedsi,species,Sarcolestes,,Ornithischia,Ornithischia,Chordata,0,dataset_extra_dinosauri
Dracopelta zbyszewskii,species,Dracopelta,,Ornithischia,Ornithischia,Chordata,0,dataset_extra_dinosauri
Gresslyosaurus ingens,species,Gresslyosaurus,,,Saurischia,Chordata,0,
Continuoolithus canadensis,species,Continuoolithus,Elongatoolithidae,,Reptilia,Chordata,0,
Megaloolithus mamillare,species,Megaloolithus,Megaloolithidae,,Saurischia,Chordata,0,
Preprismatoolithus coloradensis,species,Preprismatoolithus,Prismatoolithidae,,Ornithischia,Chordata,0,
Tendaguria tanzaniensis,species,Tendaguria,,Saurischia,Saurischia,Chordata,0,dataset_extra_dinosauri
Syntarsus,genus,Syntarsus,,Saurischia,Reptilia,Chordata,0,dataset_extra_dinosauri
Dryptosaurus aquilunguis,species,Dryptosaurus,,Saurischia,Reptilia,Chordata,0,dataset_extra_dinosauri
Gresslyosaurus plieningeri,species,Gresslyosaurus,,,Saurischia,Chordata,0,
Camelotia borealis,species,Camelotia,,Saurischia,Saurischia,Chordata,0,dataset_extra_dinosauri
Juratyrant langhami,species,Juratyrant,,Saurischia,Reptilia,Chordata,0,dataset_extra_dinosauri
Liliensternus liliensterni,species,Liliensternus,,Saurischia,Reptilia,Chordata,0,dataset_extra_dinosauri
Ampelosaurus atacis,species,Ampelosaurus,,Saurischia,Saurischia,Chordata,0,dataset_extra_dinosauri
Gargantuavis philoinos,species,Gargantuavis,Gargantuaviidae,,Reptilia,Chordata,0,
Obelignathus septimanicus,species,Obelignathus,,,Ornithischia,Chordata,0,
Isanosaurus attavipachi,species,Isanosaurus,,Saurischia,Saurischia,Chordata,0,dataset_extra_dinosauri
Prismatoolithus,genus,Prismatoolithus,Prismatoolithidae,,Ornithischia,Chordata,0,
Megaloolithus,genus,Megaloolithus,Megaloolithidae,,Saurischia,Chordata,0,
Fenestrosaurus philoceratops,species,Fenestrosaurus,,Saurischia,Reptilia,Chordata,0,dataset_extra_dinosauri
Mongolosaurus haplodon,species,Mongolosaurus,,Saurischia,Saurischia,Chordata,0,dataset_extra_dinosauri
Ovoraptor djadochtari,species,Ovoraptor,,Saurischia,Reptilia,Chordata,0,dataset_extra_dinosauri
Ornithoides oshiensis,species,Ornithoides,,Saurischia,Reptilia,Chordata,0,dataset_extra_dinosauri
Tugulusaurus faciles,species,Tugulusaurus,,Saurischia,Reptilia,Chordata,0,dataset_extra_dinosauri
Xinjiangovenator parvus,species,Xinjiangovenator,,Saurischia,Reptilia,Chordata,0,dataset_extra_dinosauri
Anabisetia saldiviai,species,Anabisetia,,Ornithischia,Ornithischia,Chordata,0,dataset_extra_dinosauri
Lourinhanosaurus antunesi,species,Lourinhanosaurus,,Saurischia,Reptilia,Chordata,0,dataset_extra_dinosauri
Draconyx loureiroi,species,Draconyx,,Ornithischia,Ornithischia,Chordata,0,dataset_extra_dinosauri
Streptospondylus altdorfensis,species,Streptospondylus,,Saurischia,Reptilia,Chordata,0,dataset_extra_dinosauri
Alectrosaurus olseni,species,Alectrosaurus,,Saurischia,Reptilia,Chordata,0,dataset_extra_dinosauri
Dakotadon lakotaensis,species,Dakotadon,,Ornithischia,Ornithischia,Chordata,0,dataset_extra_dinosauri
Sauropodichnus giganteus,species,Sauropodichnus,,,Reptilia,Chordata,0,
Abelichnus astigarrae,species,Abelichnus,,Avetheropoda,Reptilia,Chordata,0,
Futalognkosaurus dukei,species,Futalognkosaurus,,Saurischia,Saurischia,Chordata,0,dataset_extra_dinosauri
Gojirasaurus quayi,species,Gojirasaurus,,Saurischia,Reptilia,Chordata,0,dataset_extra_dinosauri
Stokesosaurus,genus,Stokesosaurus,,Saurischia,Reptilia,Chordata,0,dataset_extra_dinosauri
Lophostropheus airelensis,species,Lophostropheus,,Saurischia,Reptilia,Chordata,0,dataset_extra_dinosauri
Stokesosaurus clevelandi,species,Stokesosaurus,,Saurischia,Reptilia,Chordata,0,dataset_extra_dinosauri
Chinshakiangosaurus chunghoensis,species,Chinshakiangosaurus,,Saurischia,Saurischia,Chordata,0,dataset_extra_dinosauri
Falcarius utahensis,species,Falcarius,,Saurischia,Reptilia,Chordata,0,dataset_extra_dinosauri
Iberomesornis,genus,Iberomesornis,,,Reptilia,Chordata,0,
Eoalulavis hoyasi,species,Eoalulavis,,,Reptilia,Chordata,0,
Saurexallopus lovei,species,Saurexallopus,,Saurischia,Reptilia,Chordata,0,dataset_extra_dinosauri
Ohmdenosaurus liasicus,species,Ohmdenosaurus,,Saurischia,Saurischia,Chordata,0,dataset_extra_dinosauri
Karongasaurus gittelmani,species,Karongasaurus,,Saurischia,Saurischia,Chordata,0,dataset_extra_dinosauri
Narindasaurus thevenini,species,Narindasaurus,,,Saurischia,Chordata,0,
Craspedodon lonzeensis,species,Craspedodon,,Ornithischia,Ornithischia,Chordata,0,dataset_extra_dinosauri
Lectavis bretincola,species,Lectavis,,,Reptilia,Chordata,0,
Soroavisaurus australis,species,Soroavisaurus,Avisauridae,,Reptilia,Chordata,0,
Yungavolucris brevipedalis,species,Yungavolucris,,,Reptilia,Chordata,0,
Antarctosaurus,genus,Antarctosaurus,,Saurischia,Saurischia,Chordata,0,dataset_extra_dinosauri
Pellegrinisaurus powelli,species,Pellegrinisaurus,,Saurischia,Saurischia,Chordata,0,dataset_extra_dinosauri
Antarctosaurus wichmannianus,species,Antarctosaurus,,Saurischia,Saurischia,Chordata,0,dataset_extra_dinosauri
Bonitasaura,genus,Bonitasaura,,Saurischia,Saurischia,Chordata,0,dataset_extra_dinosauri
Argyrosaurus superbus,species,Argyrosaurus,,Saurischia,Saurischia,Chordata,0,dataset_extra_dinosauri
Elaltitan lilloi,species,Elaltitan,,Saurischia,Saurischia,Chordata,0,dataset_extra_dinosauri
Nullotitan glaciaris,species,Nullotitan,,,Saurischia,Chordata,0,
Adamantisaurus mezzalirai,species,Adamantisaurus,,Saurischia,Saurischia,Chordata,0,dataset_extra_dinosauri
Burianosaurus augustai,species,Burianosaurus,,,Ornithischia,Chordata,0,
Kayentavenator elysiae,species,Kayentavenator,,Saurischia,Reptilia,Chordata,0,dataset_extra_dinosauri
Lapparentosaurus madagascariensis,species,Lapparentosaurus,,Saurischia,Saurischia,Chordata,0,dataset_extra_dinosauri
Tehuelchesaurus benitezii,species,Tehuelchesaurus,,Saurischia,Saurischia,Chordata,0,dataset_extra_dinosauri
Choconsaurus baileywillisi,species,Choconsaurus,,,Saurischia,Chordata,0,
Gondwanatitan faustoi,species,Gondwanatitan,,Saurischia,Saurischia,Chordata,0,dataset_extra_dinosauri
Qantassaurus intrepidus,species,Qantassaurus,,Ornithischia,Ornithischia,Chordata,0,dataset_extra_dinosauri
Thecodontosaurus antiquus,species,Thecodontosaurus,,Saurischia,Saurischia,Chordata,0,dataset_extra_dinosauri
Gongxianosaurus shibeiensis,species,Gongxianosaurus,,Saurischia,Saurischia,Chordata,0,dataset_extra_dinosauri
Argentinosaurus huinculensis,species,Argentinosaurus,,Saurischia,Saurischia,Chordata,0,dataset_extra_dinosauri
Aegyptosaurus,genus,Aegyptosaurus,,Saurischia,Saurischia,Chordata,0,dataset_extra_dinosauri
Zuniceratops christopheri,species,Zuniceratops,,Ornithischia,Ornithischia,Chordata,0,dataset_extra_dinosauri
Hadrosauropodus leonardii,species,Hadrosauropodus,Iguanodontipodidae,,Ornithischia,Chordata,0,
Claosaurus,genus,Claosaurus,,Ornithischia,Ornithischia,Chordata,0,dataset_extra_dinosauri
Brontopodus birdi,species,Brontopodus,,,Saurischia,Chordata,0,
Owenodon hoggii,species,Owenodon,,Ornithischia,Ornithischia,Chordata,0,dataset_extra_dinosauri
Hypselospinus fittoni,species,Hypselospinus,,Ornithischia,Ornithischia,Chordata,0,dataset_extra_dinosauri
Nedcolbertia justinhoffmanni,species,Nedcolbertia,,Saurischia,Reptilia,Chordata,0,dataset_extra_dinosauri
Suskityrannus hazelae,species,Suskityrannus,,,Reptilia,Chordata,0,
Jeyawati rugoculus,species,Jeyawati,,Ornithischia,Ornithischia,Chordata,0,dataset_extra_dinosauri
Tetrapodosaurus,genus,Tetrapodosaurus,Tetrapodosauridae,,Ornithischia,Chordata,0,
Irenesauripus mclearni,species,Irenesauripus,,Saurischia,Reptilia,Chordata,0,dataset_extra_dinosauri
Gasparinisaura cincosaltensis,species,Gasparinisaura,,Ornithischia,Ornithischia,Chordata,0,dataset_extra_dinosauri
Krzyzanowskisaurus hunti,species,Krzyzanowskisaurus,,,Ornithischia,Chordata,0,
Megalosauropus titanopelobatidus,species,Megalosauropus,,Saurischia,Reptilia,Chordata,0,dataset_extra_dinosauri
Amanzia greppini,species,Amanzia,,,Saurischia,Chordata,0,
Becklespinax altispinax,species,Becklespinax,,Saurischia,Reptilia,Chordata,0,dataset_extra_dinosauri
Oplosaurus armatus,species,Oplosaurus,,,Saurischia,Chordata,0,
Irenesauripus,genus,Irenesauripus,,Saurischia,Reptilia,Chordata,0,dataset_extra_dinosauri
Irenesauripus acutus,species,Irenesauripus,,Saurischia,Reptilia,Chordata,0,dataset_extra_dinosauri
Amblydactylus kortmeyeri,species,Amblydactylus,Iguanodontipodidae,,Ornithischia,Chordata,0,
Kayentapus xiaohebaensis,species,Kayentapus,,,Reptilia,Chordata,0,
Shensipus tungchuanensis,species,Anomoepus,Moyenisauropodidae,,Ornithischia,Chordata,0,
Jialingpus yuechiensis,species,Jialingpus,,Saurischia,Reptilia,Chordata,0,dataset_extra_dinosauri
Xiangxipus chenxiensis,species,Xiangxipus,,Saurischia,Reptilia,Chordata,0,dataset_extra_dinosauri
Xiangxipus youngi,species,Xiangxipus,,Saurischia,Reptilia,Chordata,0,dataset_extra_dinosauri
Hunanpus jiuquwanensis,species,Hunanpus,,Saurischia,Reptilia,Chordata,0,dataset_extra_dinosauri
Dinosauropodes bransfordii,species,Dinosauropodes,,Ornithischia,Ornithischia,Chordata,0,dataset_extra_dinosauri
Dinosauropodes magrawii,species,Dinosauropodes,,Ornithischia,Ornithischia,Chordata,0,dataset_extra_dinosauri
Dinosauropodes osborni,species,Dinosauropodes,,Ornithischia,Ornithischia,Chordata,0,dataset_extra_dinosauri
Gypsichnites pacensis,species,Gypsichnites,,,Reptilia,Chordata,0,
Shixingoolithus erbeni,species,Shixingoolithus,Stalicoolithidae,,Reptilia,Chordata,0,
Aeolosaurus colhuehuapensis,species,Aeolosaurus,,Saurischia,Saurischia,Chordata,0,dataset_extra_dinosauri
Sektensaurus sanjuanboscoi,species,Sektensaurus,,,Ornithischia,Chordata,0,
Prismatoolithus hukouensis,species,Prismatoolithus,Prismatoolithidae,,Ornithischia,Chordata,0,
Prismatoolithus gebiensis,species,Prismatoolithus,Prismatoolithidae,,Ornithischia,Chordata,0,
Macroelongatoolithus carlylei,species,Macroelongatoolithus,Elongatoolithidae,,Reptilia,Chordata,0,
Talenkauen santacrucensis,species,Talenkauen,,Ornithischia,Ornithischia,Chordata,0,dataset_extra_dinosauri
Faveoloolithus,genus,Faveoloolithus,Faveoloolithidae,,Saurischia,Chordata,0,
Coralloidoolithus,genus,Coralloidoolithus,Stalicoolithidae,,Reptilia,Chordata,0,
Anomoepus crassus,species,Anomoepus,Moyenisauropodidae,,Ornithischia,Chordata,0,
Kayentapus minor,species,Kayentapus,,,Reptilia,Chordata,0,
Anomoepus scambus,species,Anomoepus,Moyenisauropodidae,,Ornithischia,Chordata,0,
Spheroolithus albertensis,species,Spheroolithus,Spheroolithidae,,Ornithischia,Chordata,0,
Anticheiropus pilulatus,species,Anticheiropus,,Saurischia,Saurischia,Chordata,0,dataset_extra_dinosauri
Lagunculapes latus,species,Lagunculapes,,,Reptilia,Chordata,0,
Platypterna deanii,species,Platypterna,,Saurischia,Saurischia,Chordata,0,dataset_extra_dinosauri
Platypterna concamerata,species,Platypterna,,Saurischia,Saurischia,Chordata,0,dataset_extra_dinosauri
Platypterna digitigrada,species,Platypterna,,Saurischia,Saurischia,Chordata,0,dataset_extra_dinosauri
Trihamus elegans,species,Trihamus,,,Saurischia,Chordata,0,
Anomoepus lacertoideus,species,Anomoepus,Moyenisauropodidae,,Ornithischia,Chordata,0,
Plectropterna minitans,species,Plectropterna,,,Reptilia,Chordata,0,
Harpedactylus tenuissimus,species,Platypterna,,Saurischia,Saurischia,Chordata,0,dataset_extra_dinosauri
Xiphopeza triplex,species,Xiphopeza,,,Reptilia,Chordata,0,
Selenichnus breviusculus,species,Selenichnus,,Saurischia,Reptilia,Chordata,0,dataset_extra_dinosauri
Pasquiaornis hardiei,species,Pasquiaornis,,Hesperornithiformes,Reptilia,Chordata,0,
Pasquiaornis tankei,species,Pasquiaornis,,Hesperornithiformes,Reptilia,Chordata,0,
Ichthyornis,genus,Ichthyornis,,Ichthyornithes,Reptilia,Chordata,0,
Plectropterna elegans,species,Plectropterna,,,Reptilia,Chordata,0,
Argoides minimus,species,Argoides,,Saurischia,Saurischia,Chordata,0,dataset_extra_dinosauri
Argoides macrodactylus,species,Argoides,,Saurischia,Saurischia,Chordata,0,dataset_extra_dinosauri
Platypterna tenuis,species,Platypterna,,Saurischia,Saurischia,Chordata,0,dataset_extra_dinosauri
Argoides redfieldii,species,Argoides,,Saurischia,Saurischia,Chordata,0,dataset_extra_dinosauri
Ravatichnus kotshnevi,species,Ravatichnus,,Saurischia,Saurischia,Chordata,0,dataset_extra_dinosauri
Coelurosaurichnus romanovskyi,species,Coelurosaurichnus,,,Saurischia,Chordata,0,
Ferganasaurus verzilini,species,Ferganasaurus,,Saurischia,Saurischia,Chordata,0,dataset_extra_dinosauri
Riabininohadros weberae,species,Riabininohadros,,,Ornithischia,Chordata,0,
Prismatoolithus levis,species,Prismatoolithus,Prismatoolithidae,,Ornithischia,Chordata,0,
Cetiosauriscus stewarti,species,Cetiosauriscus,,Saurischia,Saurischia,Chordata,0,dataset_extra_dinosauri
Probactrosaurus gobiensis,species,Probactrosaurus,,Ornithischia,Ornithischia,Chordata,0,dataset_extra_dinosauri
Iguanodontipus,genus,Iguanodontipus,Iguanodontipodidae,,Ornithischia,Chordata,0,
Camptosaurus aphanoecetes,species,Camptosaurus,,Ornithischia,Ornithischia,Chordata,0,dataset_extra_dinosauri
Chenanisaurus barbaricus,species,Chenanisaurus,,,Reptilia,Chordata,0,
Eucoelophysis baldwini,species,Eucoelophysis,Silesauridae,,Ornithischia,Chordata,0,
Brontopodus,genus,Brontopodus,,,Saurischia,Chordata,0,
Choyrodon barsboldi,species,Choyrodon,,,Ornithischia,Chordata,0,
Pseudotetrasauropus,genus,Pseudotetrasauropus,,Saurischia,Saurischia,Chordata,0,dataset_extra_dinosauri
Laquintasaura venezuelae,species,Laquintasaura,,Ornithischia,Ornithischia,Chordata,0,dataset_extra_dinosauri
Coelurosaurichnus grancieri,species,Coelurosaurichnus,,,Saurischia,Chordata,0,
Asylosaurus yalensis,species,Asylosaurus,,Saurischia,Saurischia,Chordata,0,dataset_extra_dinosauri
Stormbergia,genus,Stormbergia,,Filicales,Ornithischia,Chordata,0,dataset_interno_genere_to_ordine
Lesothosaurus,genus,Lesothosaurus,,Ornithischia,Ornithischia,Chordata,0,dataset_extra_dinosauri
Sacisaurus agudoensis,species,Sacisaurus,Silesauridae,,Ornithischia,Chordata,0,
Macrogryphosaurus gondwanicus,species,Macrogryphosaurus,,Ornithischia,Ornithischia,Chordata,0,dataset_extra_dinosauri
Muyelensaurus pecheni,species,Muyelensaurus,,Saurischia,Saurischia,Chordata,0,dataset_extra_dinosauri
Brasilotitan nemophagus,species,Brasilotitan,,Saurischia,Saurischia,Chordata,0,dataset_extra_dinosauri
Tanycolagreus topwilsoni,species,Tanycolagreus,,Saurischia,Reptilia,Chordata,0,dataset_extra_dinosauri
Eotyrannus lengi,species,Eotyrannus,,Saurischia,Reptilia,Chordata,0,dataset_extra_dinosauri
Arkansaurus fridayi,species,Arkansaurus,,,Reptilia,Chordata,0,
Incisivosaurus gauthieri,species,Incisivosaurus,,Saurischia,Reptilia,Chordata,0,dataset_extra_dinosauri
Liaoceratops yanzigouensis,species,Liaoceratops,,Ornithischia,Ornithischia,Chordata,0,dataset_extra_dinosauri
Nanyangosaurus zhugeii,species,Nanyangosaurus,,Ornithischia,Ornithischia,Chordata,0,dataset_extra_dinosauri
Youngoolithus xiaguanensis,species,Youngoolithus,Youngoolithidae,,Reptilia,Chordata,0,
Dilong paradoxus,species,Dilong,,Saurischia,Reptilia,Chordata,0,dataset_extra_dinosauri
Dilong,genus,Dilong,,Saurischia,Reptilia,Chordata,0,dataset_extra_dinosauri
Pedopenna daohugouensis,species,Pedopenna,,Saurischia,Reptilia,Chordata,0,dataset_extra_dinosauri
Archaeodontosaurus descouensi,species,Archaeodontosaurus,,Saurischia,Saurischia,Chordata,0,dataset_extra_dinosauri
Trisauropodiscus galliforma,species,Trisauropodiscus,,,Reptilia,Chordata,0,
Kholumolumo ellenbergerorum,species,Kholumolumo,,,Saurischia,Chordata,0,
Trisauropodiscus aviforma,species,Trisauropodiscus,,,Reptilia,Chordata,0,
Pseudotetrasauropus bipedoida,species,Pseudotetrasauropus,,Saurischia,Saurischia,Chordata,0,dataset_extra_dinosauri
Yimenosaurus youngi,species,Yimenosaurus,,Saurischia,Saurischia,Chordata,0,dataset_extra_dinosauri
Rinconsaurus caudamirus,species,Rinconsaurus,,Saurischia,Saurischia,Chordata,0,dataset_extra_dinosauri
Moraesichnium barberenae,species,Moraesichnium,,Saurischia,Reptilia,Chordata,0,dataset_extra_dinosauri
Carmelopodus untermannorum,species,Carmelopodus,,Saurischia,Reptilia,Chordata,0,dataset_extra_dinosauri
Huehuecanauhtlus tiquichensis,species,Huehuecanauhtlus,,Ornithischia,Ornithischia,Chordata,0,dataset_extra_dinosauri
Alwalkeria maleriensis,species,Alwalkeria,,Saurischia,Saurischia,Chordata,0,dataset_extra_dinosauri
Yandusaurus hongheensis,species,Yandusaurus,,Ornithischia,Ornithischia,Chordata,0,dataset_extra_dinosauri
Therangospodus,genus,Therangospodus,,,Reptilia,Chordata,0,
Galinhapodus gomesi,species,Galinhapodus,,,Saurischia,Chordata,0,
Gypsichnites,genus,Gypsichnites,,,Reptilia,Chordata,0,
Alectrosaurus,genus,Alectrosaurus,,Saurischia,Reptilia,Chordata,0,dataset_extra_dinosauri
Saltopus elginensis,species,Saltopus,,Saurischia,Saurischia,Chordata,0,dataset_extra_dinosauri
Camelotia,genus,Camelotia,,Saurischia,Saurischia,Chordata,0,dataset_extra_dinosauri
Turanoceratops tardabilis,species,Turanoceratops,,Ornithischia,Ornithischia,Chordata,0,dataset_extra_dinosauri
Levnesovia transoxiana,species,Levnesovia,,Ornithischia,Ornithischia,Chordata,0,dataset_extra_dinosauri
Kuszholia,genus,Kuszholia,,,Reptilia,Chordata,0,
Tastavinsaurus sanzi,species,Tastavinsaurus,,Saurischia,Saurischia,Chordata,0,dataset_extra_dinosauri
Aeolosaurus rionegrinus,species,Aeolosaurus,,Saurischia,Saurischia,Chordata,0,dataset_extra_dinosauri
Deuterotrisauropus,genus,Deuterotrisauropus,,,Saurischia,Chordata,0,
Technosaurus smalli,species,Technosaurus,Silesauridae,,Ornithischia,Chordata,0,
Protoavis texensis,species,Protoavis,,Saurischia,Reptilia,Chordata,0,dataset_extra_dinosauri
Megaloolithus cylindricus,species,Megaloolithus,Megaloolithidae,,Saurischia,Chordata,0,
Magnamanus soriaensis,species,Magnamanus,,,Ornithischia,Chordata,0,
Iguanodon galvensis,species,Iguanodon,,Ornithischia,Ornithischia,Chordata,0,dataset_extra_dinosauri
Caririchnium lotus,species,Caririchnium,Iguanodontipodidae,,Ornithischia,Chordata,0,
Porituberoolithus,genus,Porituberoolithus,Elongatoolithidae,,Reptilia,Chordata,0,
Spheroolithus,genus,Spheroolithus,Spheroolithidae,,Ornithischia,Chordata,0,
Siamopodus khaoyaiensis,species,Siamopodus,,Saurischia,Reptilia,Chordata,0,dataset_extra_dinosauri
Prismatoolithus caboti,species,Prismatoolithus,Prismatoolithidae,,Ornithischia,Chordata,0,
Prismatoolithus tenuis,species,Prismatoolithus,Prismatoolithidae,,Ornithischia,Chordata,0,
Ageroolithus,genus,Ageroolithus,,,Reptilia,Chordata,0,
Pseudogeckoolithus,genus,Pseudogeckoolithus,,,Reptilia,Chordata,0,
Meroktenos thabanensis,species,Meroktenos,,Saurischia,Saurischia,Chordata,0,dataset_extra_dinosauri
Muttaburrasaurus langdoni,species,Muttaburrasaurus,,Ornithischia,Ornithischia,Chordata,0,dataset_extra_dinosauri
Iranosauripus zerabensis,species,Iranosauripus,,Saurischia,Reptilia,Chordata,0,dataset_extra_dinosauri
Kharkushosauropus kharkushensis,species,Kharkushosauropus,Iguanodontipodidae,,Ornithischia,Chordata,0,
Jobaria tiguidensis,species,Jobaria,,Saurischia,Saurischia,Chordata,0,dataset_extra_dinosauri
Satapliasaurus tschabukianii,species,Satapliasaurus,,Saurischia,Reptilia,Chordata,0,dataset_extra_dinosauri
Tetrasauropus,genus,Tetrasauropus,,Saurischia,Saurischia,Chordata,0,dataset_extra_dinosauri
Cairanoolithus roussetensis,species,Cairanoolithus,Cairanoolithidae,,Ornithischia,Chordata,0,
Atacamatitan chilensis,species,Atacamatitan,,Saurischia,Saurischia,Chordata,0,dataset_extra_dinosauri
Isisaurus,genus,Isisaurus,,Saurischia,Saurischia,Chordata,0,dataset_extra_dinosauri
Saurexallopus zerbsti,species,Saurexallopus,,Saurischia,Reptilia,Chordata,0,dataset_extra_dinosauri
Parafaveoloolithus,genus,Parafaveoloolithus,Faveoloolithidae,,Saurischia,Chordata,0,
Changpeipus carbonicus,species,Changpeipus,,Avetheropoda,Reptilia,Chordata,0,
Jialingpus,genus,Jialingpus,,Saurischia,Reptilia,Chordata,0,dataset_extra_dinosauri
Brontopodus changlingensis,species,Brontopodus,,,Saurischia,Chordata,0,
Therangospodus pandemicus,species,Therangospodus,,,Reptilia,Chordata,0,
Iguanodontipus burreyi,species,Iguanodontipus,Iguanodontipodidae,,Ornithischia,Chordata,0,
Yunnanpus huangcaoensis,species,Yunnanpus,,,Reptilia,Chordata,0,
Kayentapus nananensis,species,Kayentapus,,,Reptilia,Chordata,0,
Yangtzepus yipingensis,species,Yangtzepus,,Saurischia,Reptilia,Chordata,0,dataset_extra_dinosauri
Minisauripus chuanzhuensis,species,Minisauripus,,Saurischia,Ornithischia,Chordata,0,dataset_extra_dinosauri
Changpeipus,genus,Changpeipus,,Avetheropoda,Reptilia,Chordata,0,
Toyamasauripus masuiae,species,Toyamasauripus,,,Reptilia,Chordata,0,
Kayentapus otariensis,species,Kayentapus,,,Reptilia,Chordata,0,
Ellipsoolithus khedaensis,species,Ellipsoolithus,Elongatoolithidae,,Reptilia,Chordata,0,
Anomoepus shingi,species,Anomoepus,Moyenisauropodidae,,Ornithischia,Chordata,0,
Garbina roeorum,species,Garbina,,,Ornithischia,Chordata,0,
Wintonotitan wattsi,species,Wintonotitan,,Saurischia,Saurischia,Chordata,0,dataset_extra_dinosauri
Iberosauripus,genus,Iberosauripus,,,Reptilia,Chordata,0,
Ligabuesaurus leanzai,species,Ligabuesaurus,,Saurischia,Saurischia,Chordata,0,dataset_extra_dinosauri
Silesaurus opolensis,species,Silesaurus,Silesauridae,,Ornithischia,Chordata,0,
Fusioolithus mohabeyi,species,Fusioolithus,Fusioolithidae,,Reptilia,Chordata,0,
Megaloolithus khempurensis,species,Megaloolithus,Megaloolithidae,,Saurischia,Chordata,0,
Megaloolithus dhoridungriensis,species,Megaloolithus,Megaloolithidae,,Saurischia,Chordata,0,
Megaloolithus megadermus,species,Megaloolithus,Megaloolithidae,,Saurischia,Chordata,0,
Megaloolithus problematica,species,Megaloolithus,Megaloolithidae,,Saurischia,Chordata,0,
Fusioolithus dholiyaensis,species,Fusioolithus,Fusioolithidae,,Reptilia,Chordata,0,
Megaloolithus microtuberculata,species,Megaloolithus,Megaloolithidae,,Saurischia,Chordata,0,
Oobardjidama foulkesi,species,Oobardjidama,,Saurischia,Saurischia,Chordata,0,dataset_extra_dinosauri
Deltapodus brodricki,species,Deltapodus,,,Ornithischia,Chordata,0,
Megalosauropus brionensis,species,Megalosauropus,,Saurischia,Reptilia,Chordata,0,dataset_extra_dinosauri
Titanosaurimanus nana,species,Titanosaurimanus,,Saurischia,Saurischia,Chordata,0,dataset_extra_dinosauri
Porituberoolithus warnerensis,species,Porituberoolithus,Elongatoolithidae,,Reptilia,Chordata,0,
Dispersituberoolithus exilis,species,Dispersituberoolithus,,,Reptilia,Chordata,0,
Tristraguloolithus cracioides,species,Tristraguloolithus,,,Reptilia,Chordata,0,
Luluichnus mueckei,species,Luluichnus,,Ornithischia,Ornithischia,Chordata,0,dataset_extra_dinosauri
Iberosauripus grandis,species,Iberosauripus,,,Reptilia,Chordata,0,
Pelecanimimus polyodon,species,Pelecanimimus,,Saurischia,Reptilia,Chordata,0,dataset_extra_dinosauri
Puertasaurus reuili,species,Puertasaurus,,Saurischia,Saurischia,Chordata,0,dataset_extra_dinosauri
Sonidosaurus saihangaobiensis,species,Sonidosaurus,,Saurischia,Saurischia,Chordata,0,dataset_extra_dinosauri
Borealosaurus wimani,species,Borealosaurus,,Saurischia,Saurischia,Chordata,0,dataset_extra_dinosauri
Shuangmiaosaurus gilmorei,species,Shuangmiaosaurus,,Ornithischia,Ornithischia,Chordata,0,dataset_extra_dinosauri
Brasileosaurus pachecoi,species,Brasileosaurus,,,Reptilia,Chordata,0,
Irenesauripus occidentalis,species,Irenesauripus,,Saurischia,Reptilia,Chordata,0,dataset_extra_dinosauri
Paraortyx,genus,Paraortyx,,Galliformes,Reptilia,Chordata,0,
Tacuarembouvum oblongum,species,Tacuarembovum,,Ornithischia,Ornithischia,Chordata,0,dataset_extra_dinosauri
Faveoloolithus ningxiaensis,species,Faveoloolithus,Faveoloolithidae,,Saurischia,Chordata,0,
Dendroolithus microporosus,species,Dendroolithus,Phaceloolithidae,,Reptilia,Chordata,0,
Spheroolithus maiasauroides,species,Spheroolithus,Spheroolithidae,,Ornithischia,Chordata,0,
Ovaloolithus dinornithoides,species,Ovaloolithus,Ovaloolithidae,,Ornithischia,Chordata,0,
Elongatoolithus subtitectorius,species,Elongatoolithus,Elongatoolithidae,,Reptilia,Chordata,0,
Cairanoolithus dughii,species,Cairanoolithus,Cairanoolithidae,,Ornithischia,Chordata,0,
Megaloolithus petralta,species,Megaloolithus,Megaloolithidae,,Saurischia,Chordata,0,
Dictyoolithus hongpoensis,species,Dictyoolithus,Dictyoolithidae,,Reptilia,Chordata,0,
Protodictyoolithus neixiangensis,species,Protodictyoolithus,Dictyoolithidae,,Reptilia,Chordata,0,
Reticuloolithus hirschi,species,Reticuloolithus,,,Reptilia,Chordata,0,
Notohypsilophodon comodorensis,species,Notohypsilophodon,,Ornithischia,Ornithischia,Chordata,0,dataset_extra_dinosauri
Yunnanosaurus huangi,species,Yunnanosaurus,,Saurischia,Saurischia,Chordata,0,dataset_extra_dinosauri
Yunnanosaurus robustus,species,Yunnanosaurus,,Saurischia,Saurischia,Chordata,0,dataset_extra_dinosauri
Apulosauripus federicianus,species,Apulosauripus,,Ornithischia,Ornithischia,Chordata,0,dataset_extra_dinosauri
Titanosaurus blanfordi,species,Titanosaurus,,Saurischia,Saurischia,Chordata,0,dataset_extra_dinosauri
Arrudatitan maximus,species,Arrudatitan,,,Saurischia,Chordata,0,
Magyarosaurus dacus,species,Magyarosaurus,,Saurischia,Saurischia,Chordata,0,dataset_extra_dinosauri
Turiasaurus riodevensis,species,Turiasaurus,,Saurischia,Saurischia,Chordata,0,dataset_extra_dinosauri
Oblitosaurus bunnueli,species,Oblitosaurus,,,Ornithischia,Chordata,0,
Protopteryx fengningensis,species,Protopteryx,,,Reptilia,Chordata,0,
Megaloolithus walpurensis,species,Megaloolithus,Megaloolithidae,,Saurischia,Chordata,0,
Elongatoolithus elongatus,species,Elongatoolithus,Elongatoolithidae,,Reptilia,Chordata,0,
Foskeia pelendonum,species,Foskeia,,,Ornithischia,Chordata,0,
Europatitan eastwoodi,species,Europatitan,,,Saurischia,Chordata,0,
Delapparentia turolensis,species,Delapparentia,,Ornithischia,Ornithischia,Chordata,0,dataset_extra_dinosauri
Lamplughsaura dharmaramensis,species,Lamplughsaura,,Saurischia,Saurischia,Chordata,0,dataset_extra_dinosauri
Trachoolithus,genus,Trachoolithus,Elongatoolithidae,,Reptilia,Chordata,0,
Deltapodus,genus,Deltapodus,,,Ornithischia,Chordata,0,
Caririchnium magnificum,species,Caririchnium,Iguanodontipodidae,,Ornithischia,Chordata,0,
Platypterna lockatong,species,Platypterna,,Saurischia,Saurischia,Chordata,0,dataset_extra_dinosauri
Coelurosaurichnus toscanus,species,Coelurosaurichnus,,,Saurischia,Chordata,0,
Gregaripus bairdi,species,Gregaripus,,Ornithischia,Ornithischia,Chordata,0,dataset_extra_dinosauri
Hypsiloichnus marylandicus,species,Hypsiloichnus,,Ornithischia,Ornithischia,Chordata,0,dataset_extra_dinosauri
Theiophytalia kerri,species,Theiophytalia,,Ornithischia,Ornithischia,Chordata,0,dataset_extra_dinosauri
Amitabha urbsinterdictensis,species,Amitabha,,Galliformes,Reptilia,Chordata,0,
Prismatoolithus matellensis,species,Prismatoolithus,Prismatoolithidae,,Ornithischia,Chordata,0,
Prismatoolithus trempii,species,Prismatoolithus,Prismatoolithidae,,Ornithischia,Chordata,0,
Pseudogeckoolithus nodosus,species,Pseudogeckoolithus,,,Reptilia,Chordata,0,
Ageroolithus fontllongensis,species,Ageroolithus,,,Reptilia,Chordata,0,
Micropachycephalosaurus hongtuyanensis,species,Micropachycephalosaurus,,Ornithischia,Ornithischia,Chordata,0,dataset_extra_dinosauri
Phaceloolithus hunanensis,species,Phaceloolithus,Phaceloolithidae,,Reptilia,Chordata,0,
Elongatoolithus magnus,species,Elongatoolithus,Elongatoolithidae,,Reptilia,Chordata,0,
Spheroolithus spheroides,species,Spheroolithus,Spheroolithidae,,Ornithischia,Chordata,0,
Spheroolithus chiangchiungtingensis,species,Spheroolithus,Spheroolithidae,,Ornithischia,Chordata,0,
Australodocus bohetii,species,Australodocus,,Saurischia,Saurischia,Chordata,0,dataset_extra_dinosauri
Fukuipteryx prima,species,Fukuipteryx,,,Reptilia,Chordata,0,
Homalocephale calathocercos,species,Homalocephale,,Ornithischia,Ornithischia,Chordata,0,dataset_extra_dinosauri
Eocursor parvus,species,Eocursor,,Ornithischia,Ornithischia,Chordata,0,dataset_extra_dinosauri
Cedrorestes crichtoni,species,Cedrorestes,,Ornithischia,Ornithischia,Chordata,0,dataset_extra_dinosauri
Gondwanatitan,genus,Gondwanatitan,,Saurischia,Saurischia,Chordata,0,dataset_extra_dinosauri
Procrax brevipes,species,Procrax,,Galliformes,Reptilia,Chordata,0,
Martinavis,genus,Martinavis,,,Reptilia,Chordata,0,
Martinavis cruzyensis,species,Martinavis,,,Reptilia,Chordata,0,
Minisauripus zhenshuonani,species,Minisauripus,,Saurischia,Ornithischia,Chordata,0,dataset_extra_dinosauri
Aardonyx celestae,species,Aardonyx,,Saurischia,Saurischia,Chordata,0,dataset_extra_dinosauri
Pulanesaura eocollum,species,Pulanesaura,,Saurischia,Saurischia,Chordata,0,dataset_extra_dinosauri
Arcusaurus pereirabdalorum,species,Arcusaurus,,Saurischia,Saurischia,Chordata,0,dataset_extra_dinosauri
Cardiodon rugulosus,species,Cardiodon,,Saurischia,Saurischia,Chordata,0,dataset_extra_dinosauri
Boluochia zhengi,species,Boluochia,Longipterygidae,,Reptilia,Chordata,0,
Cathayornis yandica,species,Cathayornis,,,Reptilia,Chordata,0,
Chaoyangia beishanensis,species,Chaoyangia,,,Reptilia,Chordata,0,
Longipteryx,genus,Longipteryx,Longipterygidae,,Reptilia,Chordata,0,
Hongshanornis longicresta,species,Hongshanornis,Hongshanornithidae,,Reptilia,Chordata,0,
Vescornis hebeiensis,species,Vescornis,,,Reptilia,Chordata,0,
Eoenantiornis buhleri,species,Eoenantiornis,,,Reptilia,Chordata,0,
Yixianornis grabaui,species,Yixianornis,Hongshanornithidae,,Reptilia,Chordata,0,
Elongatoolithus sigillarius,species,Elongatoolithus,Elongatoolithidae,,Reptilia,Chordata,0,
Pamparaptor micros,species,Pamparaptor,,Saurischia,Reptilia,Chordata,0,dataset_extra_dinosauri
Malakhelisaurus mianwali,species,Malakhelisaurus,,,Saurischia,Chordata,0,
Ovaloolithus laminadermus,species,Ovaloolithus,Ovaloolithidae,,Ornithischia,Chordata,0,
Yamaceratops dorngobiensis,species,Yamaceratops,,Ornithischia,Ornithischia,Chordata,0,dataset_extra_dinosauri
Minisauripus,genus,Minisauripus,,Saurischia,Ornithischia,Chordata,0,dataset_extra_dinosauri
Iguanodon major,species,Iguanodon,,Ornithischia,Ornithischia,Chordata,0,dataset_extra_dinosauri
Ferenceratops shqiperorum,species,Ferenceratops,,,Ornithischia,Chordata,0,
Halimornis thompsoni,species,Halimornis,Avisauridae,,Reptilia,Chordata,0,
Zhongornis haoae,species,Zhongornis,,Saurischia,Reptilia,Chordata,0,dataset_extra_dinosauri
Uberabatitan ribeiroi,species,Uberabatitan,,Saurischia,Saurischia,Chordata,0,dataset_extra_dinosauri
Kayentapus soltykovensis,species,Kayentapus,,,Reptilia,Chordata,0,
Carmelopodus,genus,Carmelopodus,,Saurischia,Reptilia,Chordata,0,dataset_extra_dinosauri
Anomoepus pienkovskii,species,Anomoepus,Moyenisauropodidae,,Ornithischia,Chordata,0,
Moyenisauropus karaszevskii,species,Anomoepus,Moyenisauropodidae,,Ornithischia,Chordata,0,
Lanzhousaurus magnidens,species,Lanzhousaurus,,Ornithischia,Ornithischia,Chordata,0,dataset_extra_dinosauri
Chilesaurus diegosuarezi,species,Chilesaurus,,Saurischia,Ornithischia,Chordata,0,dataset_extra_dinosauri
Barrancapus cresapi,species,Barrancapus,,Saurischia,Saurischia,Chordata,0,dataset_extra_dinosauri
Bosiutrisauropus phuthiatsani,species,Bosiutrisauropus,,Avetheropoda,Reptilia,Chordata,0,
Pseudotetrasauropus jaquesi,species,Pseudotetrasauropus,,Saurischia,Saurischia,Chordata,0,dataset_extra_dinosauri
Cridotrisauropus cruentus,species,Cridotrisauropus,,,Reptilia,Chordata,0,
Anomoepus palmipes,species,Anomoepus,Moyenisauropodidae,,Ornithischia,Chordata,0,
Trisauropodiscus superavipes,species,Trisauropodiscus,,,Reptilia,Chordata,0,
Mafatrisauropus errans,species,Mafatrisauropus,,Avetheropoda,Reptilia,Chordata,0,
Barrancapus,genus,Barrancapus,,Saurischia,Saurischia,Chordata,0,dataset_extra_dinosauri
Dalingheornis liweii,species,Dalingheornis,,,Reptilia,Chordata,0,
Macroolithus,genus,Macroolithus,Elongatoolithidae,,Reptilia,Chordata,0,
Janavis finalidens,species,Janavis,,Ichthyornithes,Reptilia,Chordata,0,
Huanghetitan liujiaxiaensis,species,Huanghetitan,,Saurischia,Saurischia,Chordata,0,dataset_extra_dinosauri
Titanosaurimanus,genus,Titanosaurimanus,,Saurischia,Saurischia,Chordata,0,dataset_extra_dinosauri
Concornis lacustris,species,Concornis,,,Reptilia,Chordata,0,
Eocathayornis walkeri,species,Eocathayornis,,,Reptilia,Chordata,0,
Longipteryx chaoyangensis,species,Longipteryx,Longipterygidae,,Reptilia,Chordata,0,
Paraprotopteryx gracilis,species,Paraprotopteryx,,,Reptilia,Chordata,0,
Sinornis santensis,species,Sinornis,,,Reptilia,Chordata,0,
Ambiortus dementjevi,species,Ambiortus,,,Reptilia,Chordata,0,
Liaoningornis longidigitris,species,Liaoningornis,,,Reptilia,Chordata,0,
Enaliornis barretti,species,Enaliornis,,Hesperornithiformes,Reptilia,Chordata,0,
Enaliornis sedgwicki,species,Enaliornis,,Hesperornithiformes,Reptilia,Chordata,0,
Noguerornis gonzalezi,species,Noguerornis,,,Reptilia,Chordata,0,
Apatornis celer,species,Apatornis,,,Reptilia,Chordata,0,
Otogornis genghisi,species,Otogornis,,,Reptilia,Chordata,0,
Epidexipteryx hui,species,Epidexipteryx,,Saurischia,Reptilia,Chordata,0,dataset_extra_dinosauri
Wildeichnus navesi,species,Wildeichnus,,Saurischia,Reptilia,Chordata,0,dataset_extra_dinosauri
Sarmientichnus scagliai,species,Sarmientichnus,,Saurischia,Reptilia,Chordata,0,dataset_extra_dinosauri
Enantiophoenix electrophyla,species,Enantiophoenix,Avisauridae,,Reptilia,Chordata,0,
Pitekunsaurus macayai,species,Pitekunsaurus,,Saurischia,Saurischia,Chordata,0,dataset_extra_dinosauri
Malarguesaurus florenciae,species,Malarguesaurus,,Saurischia,Saurischia,Chordata,0,dataset_extra_dinosauri
Limenavis patagonica,species,Limenavis,,,Reptilia,Chordata,0,
Satapliasaurus dsocenidzei,species,Satapliasaurus,,Saurischia,Reptilia,Chordata,0,dataset_extra_dinosauri
Satapliasaurus kandelakii,species,Satapliasaurus,,Saurischia,Reptilia,Chordata,0,dataset_extra_dinosauri
Dinosauropodes wilsoni,species,Dinosauropodes,,Ornithischia,Ornithischia,Chordata,0,dataset_extra_dinosauri
Fukuititan nipponensis,species,Fukuititan,,Saurischia,Saurischia,Chordata,0,dataset_extra_dinosauri
Byakudansauropus,genus,Byakudansauropus,,Saurischia,Reptilia,Chordata,0,dataset_extra_dinosauri
Beipiaosaurus,genus,Beipiaosaurus,,Saurischia,Reptilia,Chordata,0,dataset_extra_dinosauri
Petrustitan hungaricus,species,Petrustitan,,,Saurischia,Chordata,0,
Xiongguanlong baimoensis,species,Xiongguanlong,,Saurischia,Reptilia,Chordata,0,dataset_extra_dinosauri
Beishanlong grandis,species,Beishanlong,,Saurischia,Reptilia,Chordata,0,dataset_extra_dinosauri
Shanweiniao cooperorum,species,Shanweiniao,Longipterygidae,,Reptilia,Chordata,0,
Saurischichnus primitivus,species,Saurischichnus,,Saurischia,Saurischia,Chordata,0,dataset_extra_dinosauri
Rapaxavis pani,species,Rapaxavis,Longipterygidae,,Reptilia,Chordata,0,
Caririchnium billsarjeanti,species,Caririchnium,Iguanodontipodidae,,Ornithischia,Chordata,0,
Diamantinasaurus matildae,species,Diamantinasaurus,,Saurischia,Saurischia,Chordata,0,dataset_extra_dinosauri
Barrosasaurus casamiquelai,species,Barrosasaurus,,Saurischia,Saurischia,Chordata,0,dataset_extra_dinosauri
Dongbeititan dongi,species,Dongbeititan,,Saurischia,Saurischia,Chordata,0,dataset_extra_dinosauri
Baotianmansaurus henanensis,species,Baotianmansaurus,,Saurischia,Saurischia,Chordata,0,dataset_extra_dinosauri
Fusuisaurus zhaoi,species,Fusuisaurus,,Saurischia,Saurischia,Chordata,0,dataset_extra_dinosauri
Deltapodus ibericus,species,Deltapodus,,,Ornithischia,Chordata,0,
Raptorex kriegsteini,species,Raptorex,,Saurischia,Reptilia,Chordata,0,dataset_extra_dinosauri
Titanopodus mendozensis,species,Titanopodus,,Saurischia,Saurischia,Chordata,0,dataset_extra_dinosauri
Anomoepus major,species,Anomoepus,Moyenisauropodidae,,Ornithischia,Chordata,0,
Plesiornis pilulatus,species,Plesiornis,,Saurischia,Saurischia,Chordata,0,dataset_extra_dinosauri
Plectropterna gracilis,species,Plectropterna,,,Reptilia,Chordata,0,
Plectropterna angusta,species,Plectropterna,,,Reptilia,Chordata,0,
Plectropterna lineans,species,Plectropterna,,,Reptilia,Chordata,0,
Platypterna recta,species,Platypterna,,Saurischia,Saurischia,Chordata,0,dataset_extra_dinosauri
Platypterna delicatula,species,Platypterna,,Saurischia,Saurischia,Chordata,0,dataset_extra_dinosauri
Anticheiropus hamatus,species,Anticheiropus,,Saurischia,Saurischia,Chordata,0,dataset_extra_dinosauri
Platypterna,genus,Platypterna,,Saurischia,Saurischia,Chordata,0,dataset_extra_dinosauri
Plectropterna,genus,Plectropterna,,,Reptilia,Chordata,0,
Harpedactylus gracilior,species,Platypterna,,Saurischia,Saurischia,Chordata,0,dataset_extra_dinosauri
Argoides,genus,Argoides,,Saurischia,Saurischia,Chordata,0,dataset_extra_dinosauri
Selenichnus falcatus,species,Selenichnus,,Saurischia,Reptilia,Chordata,0,dataset_extra_dinosauri
Harpedactylus crassus,species,Platypterna,,Saurischia,Saurischia,Chordata,0,dataset_extra_dinosauri
Platypterna gracillima,species,Platypterna,,Saurischia,Saurischia,Chordata,0,dataset_extra_dinosauri
Plectropus longipes,species,Plectropus,,Saurischia,Reptilia,Chordata,0,dataset_extra_dinosauri
Trihamus magnus,species,Trihamus,,,Saurischia,Chordata,0,
Plesiornis,genus,Plesiornis,,Saurischia,Saurischia,Chordata,0,dataset_extra_dinosauri
Lohuecotitan pandafilandi,species,Lohuecotitan,,Saurischia,Saurischia,Chordata,0,dataset_extra_dinosauri
Pelorosaurus,genus,Pelorosaurus,,Saurischia,Saurischia,Chordata,0,dataset_extra_dinosauri
Cerebavis cenomanica,species,Cerebavis,,,Reptilia,Chordata,0,
Taupezia landeri,species,Taupezia,,Saurischia,Reptilia,Chordata,0,dataset_extra_dinosauri
Wildeichnus,genus,Wildeichnus,,Saurischia,Reptilia,Chordata,0,dataset_extra_dinosauri
Tawa hallae,species,Tawa,,Saurischia,Saurischia,Chordata,0,dataset_extra_dinosauri
Auroraceratops rugosus,species,Auroraceratops,,Ornithischia,Ornithischia,Chordata,0,dataset_extra_dinosauri
Penelopognathus weishampeli,species,Penelopognathus,,Ornithischia,Ornithischia,Chordata,0,dataset_extra_dinosauri
Magyarosaurus,genus,Magyarosaurus,,Saurischia,Saurischia,Chordata,0,dataset_extra_dinosauri
Flexomornis howei,species,Flexomornis,,,Reptilia,Chordata,0,
Spheroolithus choteauensis,species,Spheroolithus,Spheroolithidae,,Ornithischia,Chordata,0,
Prismatoolithus hirschi,species,Prismatoolithus,Prismatoolithidae,,Ornithischia,Chordata,0,
Eucoelophysis,genus,Eucoelophysis,Silesauridae,,Ornithischia,Chordata,0,
Asilisaurus kongwe,species,Asilisaurus,Silesauridae,,Ornithischia,Chordata,0,
Cruxicheiros newmanorum,species,Cruxicheiros,,Saurischia,Reptilia,Chordata,0,dataset_extra_dinosauri
Seitaad ruessi,species,Seitaad,,Saurischia,Saurischia,Chordata,0,dataset_extra_dinosauri
Longicrusavis houi,species,Longicrusavis,Hongshanornithidae,,Reptilia,Chordata,0,
Fusioolithus berthei,species,Fusioolithus,Fusioolithidae,,Reptilia,Chordata,0,
Shenqiornis mengi,species,Shenqiornis,Bohaiornithidae,,Reptilia,Chordata,0,
Pengornis houi,species,Pengornis,Pengornithidae,,Reptilia,Chordata,0,
Ajkaceratops kozmai,species,Ajkaceratops,,Ornithischia,Ornithischia,Chordata,0,dataset_extra_dinosauri
Nanhsiungoolithus chuetienensis,species,Nanhsiungoolithus,Elongatoolithidae,,Reptilia,Chordata,0,
Pneumatoraptor fodori,species,Pneumatoraptor,,Saurischia,Reptilia,Chordata,0,dataset_extra_dinosauri
Incisivosaurus,genus,Incisivosaurus,,Saurischia,Reptilia,Chordata,0,dataset_extra_dinosauri
Archaeovolans repatriatus,species,Archaeovolans,,,Reptilia,Chordata,0,
Pinnatoolithus sangequanensis,species,Pinnatoolithus,Pinnatoolithidae,,Reptilia,Chordata,0,
Yixianosaurus longimanus,species,Yixianosaurus,,Saurischia,Reptilia,Chordata,0,dataset_extra_dinosauri
Bauxitornis mindszentyae,species,Bauxitornis,Avisauridae,,Reptilia,Chordata,0,
Archaeoceratops yujingziensis,species,Archaeoceratops,,Ornithischia,Ornithischia,Chordata,0,dataset_extra_dinosauri
Dendroolithus sanlimiaoensis,species,Dendroolithus,Phaceloolithidae,,Reptilia,Chordata,0,
Paraspheroolithus,genus,Paraspheroolithus,Spheroolithidae,,Ornithischia,Chordata,0,
Ovaloolithus turpanensis,species,Ovaloolithus,Ovaloolithidae,,Ornithischia,Chordata,0,
Brontomerus mcintoshi,species,Brontomerus,,,Saurischia,Chordata,0,
Iguanacolossus,genus,Iguanacolossus,,Ornithischia,Ornithischia,Chordata,0,dataset_extra_dinosauri
Falcarius,genus,Falcarius,,Saurischia,Reptilia,Chordata,0,dataset_extra_dinosauri
Iguanacolossus fortis,species,Iguanacolossus,,Ornithischia,Ornithischia,Chordata,0,dataset_extra_dinosauri
Bressanichnus patagonicus,species,Bressanichnus,,Saurischia,Reptilia,Chordata,0,dataset_extra_dinosauri
Deferrariischnium mapuchensis,species,Deferrariischnium,,,Reptilia,Chordata,0,
Picunichnus benedettoi,species,Picunichnus,,Saurischia,Reptilia,Chordata,0,dataset_extra_dinosauri
Parafaveoloolithus microporus,species,Parafaveoloolithus,Faveoloolithidae,,Saurischia,Chordata,0,
Parafaveoloolithus macroporus,species,Parafaveoloolithus,Faveoloolithidae,,Saurischia,Chordata,0,
Parafaveoloolithus tiansicunensis,species,Parafaveoloolithus,Faveoloolithidae,,Saurischia,Chordata,0,
Paraelongatoolithus reticulatus,species,Paraelongatoolithus,Elongatoolithidae,,Reptilia,Chordata,0,
Panamericansaurus schroederi,species,Panamericansaurus,,Saurischia,Saurischia,Chordata,0,dataset_extra_dinosauri
Siamodon nimngami,species,Siamodon,,,Ornithischia,Chordata,0,
Sirindhorna khoratensis,species,Sirindhorna,,,Ornithischia,Chordata,0,
Tubercuoolithus tetonensis,species,Tubercuoolithus,,,Reptilia,Chordata,0,
Triprismatoolithus stephensi,species,Triprismatoolithus,,,Reptilia,Chordata,0,
Protohadros,genus,Protohadros,,Ornithischia,Ornithischia,Chordata,0,dataset_extra_dinosauri
Eodromaeus murphi,species,Eodromaeus,,Saurischia,Saurischia,Chordata,0,dataset_extra_dinosauri
Leonerasaurus taquetrensis,species,Leonerasaurus,,Saurischia,Saurischia,Chordata,0,dataset_extra_dinosauri
Yuornis junchangi,species,Yuornis,,,Reptilia,Chordata,0,
Liubangosaurus hei,species,Liubangosaurus,,Saurischia,Saurischia,Chordata,0,dataset_extra_dinosauri
Jiuquanornis niui,species,Jiuquanornis,,,Reptilia,Chordata,0,
Liujianpus shunan,species,Liujianpus,,,Saurischia,Chordata,0,
Jintasaurus meniscus,species,Jintasaurus,,Ornithischia,Ornithischia,Chordata,0,dataset_extra_dinosauri
Xuwulong yueluni,species,Xuwulong,,Ornithischia,Ornithischia,Chordata,0,dataset_extra_dinosauri
Spinophorosaurus nigerensis,species,Spinophorosaurus,,Saurischia,Saurischia,Chordata,0,dataset_extra_dinosauri
Galinhapodus,genus,Galinhapodus,,,Saurischia,Chordata,0,
Gregaripus,genus,Gregaripus,,Ornithischia,Ornithischia,Chordata,0,dataset_extra_dinosauri
Hippodraco scutodens,species,Hippodraco,,Ornithischia,Ornithischia,Chordata,0,dataset_extra_dinosauri
Bohaiornis guoi,species,Bohaiornis,Bohaiornithidae,,Reptilia,Chordata,0,
Daemonosaurus chauliodus,species,Daemonosaurus,,Saurischia,Saurischia,Chordata,0,dataset_extra_dinosauri
Kayentapus hailiutuensis,species,Kayentapus,,,Reptilia,Chordata,0,
Huoshanornis huji,species,Huoshanornis,,,Reptilia,Chordata,0,
Drusilasaura deseadensis,species,Drusilasaura,,Saurischia,Saurischia,Chordata,0,dataset_extra_dinosauri
Bagualia alba,species,Bagualia,,,Saurischia,Chordata,0,
Camptodontornis yangi,species,Camptodontornis,Longipterygidae,,Reptilia,Chordata,0,
Continuoolithus,genus,Continuoolithus,Elongatoolithidae,,Reptilia,Chordata,0,
Qiliania graffini,species,Qiliania,,,Reptilia,Chordata,0,
Kuwajimasauropus,genus,Kuwajimasauropus,,Saurischia,Reptilia,Chordata,0,dataset_extra_dinosauri
Namaortyx sperrgebietensis,species,Namaortyx,,Galliformes,Reptilia,Chordata,0,
Santanaraptor placidus,species,Santanaraptor,,Saurischia,Reptilia,Chordata,0,dataset_extra_dinosauri
Saltriovenator zanellai,species,Saltriovenator,,,Reptilia,Chordata,0,
Paludititan nalatzensis,species,Paludititan,,Saurischia,Saurischia,Chordata,0,dataset_extra_dinosauri
Epachthosaurus,genus,Epachthosaurus,,Saurischia,Saurischia,Chordata,0,dataset_extra_dinosauri
Houornis caudatus,species,Houornis,,,Reptilia,Chordata,0,
Alamitornis minutus,species,Alamitornis,,,Reptilia,Chordata,0,
Songlingornis linghensis,species,Songlingornis,Hongshanornithidae,,Reptilia,Chordata,0,
Narambuenatitan palomoi,species,Narambuenatitan,,Saurischia,Saurischia,Chordata,0,dataset_extra_dinosauri
Dongyangosaurus sinensis,species,Dongyangosaurus,,Saurischia,Saurischia,Chordata,0,dataset_extra_dinosauri
Diodorus scytobrachion,species,Diodorus,Silesauridae,,Ornithischia,Chordata,0,
Shenzhousaurus orientalis,species,Shenzhousaurus,,Saurischia,Reptilia,Chordata,0,dataset_extra_dinosauri
Zhongjianornis yangi,species,Zhongjianornis,,,Reptilia,Chordata,0,
Jianchangornis microdonta,species,Jianchangornis,,,Reptilia,Chordata,0,
Ichthyornis minusculus,species,Ichthyornis,,Ichthyornithes,Reptilia,Chordata,0,
Enantiornis,genus,Enantiornis,,,Reptilia,Chordata,0,
Martinavis saltariensis,species,Martinavis,,,Reptilia,Chordata,0,
Martinavis minor,species,Martinavis,,,Reptilia,Chordata,0,
Martinavis whetstonei,species,Martinavis,,,Reptilia,Chordata,0,
Elbretornis bonapartei,species,Elbretornis,,,Reptilia,Chordata,0,
Elbretornis,genus,Elbretornis,,,Reptilia,Chordata,0,
Parahongshanornis chaoyangensis,species,Parahongshanornis,Hongshanornithidae,,Reptilia,Chordata,0,
Corpulentapus lilasia,species,Corpulentapus,,Saurischia,Reptilia,Chordata,0,dataset_extra_dinosauri
Longirostravis hani,species,Longirostravis,Longipterygidae,,Reptilia,Chordata,0,
Archaeorhynchus spathula,species,Archaeorhynchus,,,Reptilia,Chordata,0,
Boutakioutichnium atlasicus,species,Boutakioutichnium,,Saurischia,Reptilia,Chordata,0,dataset_extra_dinosauri
Coelurosaurichnus sassendorfensis,species,Coelurosaurichnus,,,Saurischia,Chordata,0,
Schizooura lii,species,Schizooura,,,Reptilia,Chordata,0,
Elongatoolithus frustrabilis,species,Elongatoolithus,Elongatoolithidae,,Reptilia,Chordata,0,
Kayentapus hopii,species,Kayentapus,,,Reptilia,Chordata,0,
Xiangornis shenmi,species,Xiangornis,,,Reptilia,Chordata,0,
Sciurumimus albersdoerferi,species,Sciurumimus,,Saurischia,Reptilia,Chordata,0,dataset_extra_dinosauri
Dictyoolithus,genus,Dictyoolithus,Dictyoolithidae,,Reptilia,Chordata,0,
Protoceratopsidovum,genus,Protoceratopsidovum,Prismatoolithidae,,Ornithischia,Chordata,0,
Nanhsiungoolithus,genus,Nanhsiungoolithus,Elongatoolithidae,,Reptilia,Chordata,0,
Coralloidoolithus verrucarius,species,Coralloidoolithus,Stalicoolithidae,,Reptilia,Chordata,0,
Dalianraptor cuhe,species,Dalianraptor,,Saurischia,Reptilia,Chordata,0,dataset_extra_dinosauri
Nambalia roychowdhurii,species,Nambalia,,Saurischia,Saurischia,Chordata,0,dataset_extra_dinosauri
Ratchasimasaurus suranareae,species,Ratchasimasaurus,,Ornithischia,Ornithischia,Chordata,0,dataset_extra_dinosauri
Bicentenaria argentina,species,Bicentenaria,,Saurischia,Reptilia,Chordata,0,dataset_extra_dinosauri
Hexing qingyi,species,Hexing,,Saurischia,Reptilia,Chordata,0,dataset_extra_dinosauri
Batyrosaurus rozhdestvenskyi,species,Batyrosaurus,,Ornithischia,Ornithischia,Chordata,0,dataset_extra_dinosauri
Qinornis paleocenica,species,Qinornis,,,Reptilia,Chordata,0,
Martharaptor greenriverensis,species,Martharaptor,,Saurischia,Reptilia,Chordata,0,dataset_extra_dinosauri
Intiornis inexpectatus,species,Intiornis,Avisauridae,,Reptilia,Chordata,0,
Udelartitan celeste,species,Udelartitan,,,Saurischia,Chordata,0,
Prismatoolithus heyuanensis,species,Prismatoolithus,Prismatoolithidae,,Ornithischia,Chordata,0,
Shengjingornis yangi,species,Shengjingornis,Longipterygidae,,Reptilia,Chordata,0,
Proa valdearinnoensis,species,Proa,,Ornithischia,Ornithischia,Chordata,0,dataset_extra_dinosauri
Nyasasaurus parringtoni,species,Nyasasaurus,,,Reptilia,Chordata,0,
Astrophocaudia slaughteri,species,Astrophocaudia,,Saurischia,Saurischia,Chordata,0,dataset_extra_dinosauri
Zuolong salleei,species,Zuolong,,Saurischia,Reptilia,Chordata,0,dataset_extra_dinosauri
Haplocheirus sollers,species,Haplocheirus,,Saurischia,Reptilia,Chordata,0,dataset_extra_dinosauri
Gobihadros mongoliensis,species,Gobihadros,,,Ornithischia,Chordata,0,
Trinisaura santamartaensis,species,Trinisaura,,Ornithischia,Ornithischia,Chordata,0,dataset_extra_dinosauri
Sulcavis geeorum,species,Sulcavis,Bohaiornithidae,,Reptilia,Chordata,0,
Protoceratopsidovum sincerum,species,Protoceratopsidovum,Prismatoolithidae,,Ornithischia,Chordata,0,
Protoceratopsidovum minimum,species,Protoceratopsidovum,Prismatoolithidae,,Ornithischia,Chordata,0,
Protoceratopsidovum fluxuosum,species,Protoceratopsidovum,Prismatoolithidae,,Ornithischia,Chordata,0,
Spheruprismatoolithus condensus,species,Spheruprismatoolithus,Prismatoolithidae,,Ornithischia,Chordata,0,
Spheruprismatoolithus,genus,Spheruprismatoolithus,Prismatoolithidae,,Ornithischia,Chordata,0,
Prismatoolithus jenseni,species,Prismatoolithus,Prismatoolithidae,,Ornithischia,Chordata,0,
Ovaloolithus utahensis,species,Ovaloolithus,Ovaloolithidae,,Ornithischia,Chordata,0,
Ovaloolithus tenuisus,species,Ovaloolithus,Ovaloolithidae,,Ornithischia,Chordata,0,
Sankofa pyrenaica,species,Sankofa,Prismatoolithidae,,Ornithischia,Chordata,0,
Montanoolithus strongorum,species,Montanoolithus,Montanoolithidae,,Reptilia,Chordata,0,
Eosinopteryx brevipenna,species,Eosinopteryx,,Saurischia,Reptilia,Chordata,0,dataset_extra_dinosauri
Zby atlanticus,species,Zby,,Saurischia,Saurischia,Chordata,0,dataset_extra_dinosauri
Ampelosaurus,genus,Ampelosaurus,,Saurischia,Saurischia,Chordata,0,dataset_extra_dinosauri
Coelurosaurichnus schlehenbergensis,species,Coelurosaurichnus,,,Saurischia,Chordata,0,
Coelurosaurichnus schlauersbachense,species,Coelurosaurichnus,,,Saurischia,Chordata,0,
Velocipes guerichi,species,Velocipes,,,Reptilia,Chordata,0,
Sanpasaurus yaoi,species,Sanpasaurus,,Saurischia,Saurischia,Chordata,0,dataset_extra_dinosauri
Ningyuansaurus wangi,species,Ningyuansaurus,,Saurischia,Reptilia,Chordata,0,dataset_extra_dinosauri
Normanniasaurus genceyi,species,Normanniasaurus,,Saurischia,Saurischia,Chordata,0,dataset_extra_dinosauri
Komlosaurus carbonis,species,Komlosaurus,,Ornithischia,Ornithischia,Chordata,0,dataset_extra_dinosauri
Lapparentichnus oleronensis,species,Lapparentichnus,,,Reptilia,Chordata,0,
Metatetrapous valdensis,species,Metatetrapous,,,Ornithischia,Chordata,0,
Changpeipus bartholomaii,species,Changpeipus,,Avetheropoda,Reptilia,Chordata,0,
Aorun zhaoi,species,Aorun,,Saurischia,Reptilia,Chordata,0,dataset_extra_dinosauri
Yunmenglong ruyangensis,species,Yunmenglong,,Saurischia,Saurischia,Chordata,0,dataset_extra_dinosauri
Aurornis xui,species,Aurornis,,Saurischia,Reptilia,Chordata,0,dataset_extra_dinosauri
Jianchangosaurus yixianensis,species,Jianchangosaurus,,Saurischia,Reptilia,Chordata,0,dataset_extra_dinosauri
Nebulasaurus taito,species,Nebulasaurus,,Saurischia,Saurischia,Chordata,0,dataset_extra_dinosauri
Savannasaurus elliottorum,species,Savannasaurus,,Saurischia,Saurischia,Chordata,0,dataset_extra_dinosauri
Gannansaurus sinensis,species,Gannansaurus,,Saurischia,Saurischia,Chordata,0,dataset_extra_dinosauri
Xinghaiornis lini,species,Xinghaiornis,,,Reptilia,Chordata,0,
Overosaurus paradasorum,species,Overosaurus,,Saurischia,Saurischia,Chordata,0,dataset_extra_dinosauri
Anomoepus minutus,species,Anomoepus,Moyenisauropodidae,,Ornithischia,Chordata,0,
Anomoepus turda,species,Anomoepus,Moyenisauropodidae,,Ornithischia,Chordata,0,
Anomoepus fringilla,species,Anomoepus,Moyenisauropodidae,,Ornithischia,Chordata,0,
Neotrisauropus minor,species,Neotrisauropus,,,Saurischia,Chordata,0,
Thecodontosaurus minimus,species,Thecodontosaurus,,Saurischia,Saurischia,Chordata,0,dataset_extra_dinosauri
Tetrasauropus unguiferus,species,Tetrasauropus,,Saurischia,Saurischia,Chordata,0,dataset_extra_dinosauri
Khankhuuluu mongoliensis,species,Khankhuuluu,,,Reptilia,Chordata,0,
Zhouornis hani,species,Zhouornis,Bohaiornithidae,,Reptilia,Chordata,0,
Changmaornis houi,species,Changmaornis,,,Reptilia,Chordata,0,
Yumenornis huangi,species,Yumenornis,,,Reptilia,Chordata,0,
Lutungutali sitwensis,species,Lutungutali,Silesauridae,,Ornithischia,Chordata,0,
Yunganglong datongensis,species,Yunganglong,,Ornithischia,Ornithischia,Chordata,0,dataset_extra_dinosauri
Spheroolithus quantouensis,species,Spheroolithus,Spheroolithidae,,Ornithischia,Chordata,0,
Undulatoolithus pengi,species,Undulatoolithus,Elongatoolithidae,,Reptilia,Chordata,0,
Gobipipus reshetovi,species,Gobipipus,,,Reptilia,Chordata,0,
Parvavis chuxiongensis,species,Parvavis,,,Reptilia,Chordata,0,
Brontopodus oncalensis,species,Brontopodus,,,Saurischia,Chordata,0,
Quetecsaurus rusconii,species,Quetecsaurus,,Saurischia,Saurischia,Chordata,0,dataset_extra_dinosauri
Parabohaiornis martini,species,Parabohaiornis,Bohaiornithidae,,Reptilia,Chordata,0,
Longusunguis kurochkini,species,Longusunguis,Bohaiornithidae,,Reptilia,Chordata,0,
Parapengornis eurycaudatus,species,Parapengornis,Pengornithidae,,Reptilia,Chordata,0,
Sinankylosaurus zhuchengensis,species,Sinankylosaurus,,,Ornithischia,Chordata,0,
Saurexallopus,genus,Saurexallopus,,Saurischia,Reptilia,Chordata,0,dataset_extra_dinosauri
Arriagadoolithus patagoniensis,species,Arriagadoolithus,Arriagadoolithidae,,Reptilia,Chordata,0,
Brontopodus plagnensis,species,Brontopodus,,,Saurischia,Chordata,0,
Paracorpulentapus zhangsanfengi,species,Paracorpulentapus,,Saurischia,Reptilia,Chordata,0,dataset_extra_dinosauri
Qiyunshanpus,genus,Qiyunshanpus,,Ornithischia,Ornithischia,Chordata,0,dataset_extra_dinosauri
Xiuningpus,genus,Xiuningpus,,Saurischia,Reptilia,Chordata,0,dataset_extra_dinosauri
Vahiny depereti,species,Vahiny,,Saurischia,Saurischia,Chordata,0,dataset_extra_dinosauri
Fortunguavis xiaotaizicus,species,Fortunguavis,,,Reptilia,Chordata,0,
Evgenavis nobilis,species,Evgenavis,,,Reptilia,Chordata,0,
Deltapodus curriei,species,Deltapodus,,,Ornithischia,Chordata,0,
Stegopodus czerkasi,species,Stegopodus,,Ornithischia,Ornithischia,Chordata,0,dataset_extra_dinosauri
Tianyuornis cheni,species,Tianyuornis,Hongshanornithidae,,Reptilia,Chordata,0,
Zhanghenglong yangchengensis,species,Zhanghenglong,,Ornithischia,Ornithischia,Chordata,0,dataset_extra_dinosauri
Hadrosauropodus langstoni,species,Hadrosauropodus,Iguanodontipodidae,,Ornithischia,Chordata,0,
Kulindadromeus zabaikalicus,species,Kulindadromeus,,Ornithischia,Ornithischia,Chordata,0,dataset_extra_dinosauri
Struthopus schaumburgensis,species,Iguanodon,,Ornithischia,Ornithischia,Chordata,0,dataset_extra_dinosauri
Multifissoolithus megadermus,species,Multifissoolithus,Dongyangoolithidae,,Reptilia,Chordata,0,
Delapparentia,genus,Delapparentia,,Ornithischia,Ornithischia,Chordata,0,dataset_extra_dinosauri
Grabauornis lingyuanensis,species,Grabauornis,,,Reptilia,Chordata,0,
Datanglong guangxiensis,species,Datanglong,,Saurischia,Reptilia,Chordata,0,dataset_extra_dinosauri
Dreadnoughtus schrani,species,Dreadnoughtus,,Saurischia,Saurischia,Chordata,0,dataset_extra_dinosauri
Eopengornis martini,species,Eopengornis,Pengornithidae,,Reptilia,Chordata,0,
Gobipteryx,genus,Gobipteryx,,,Reptilia,Chordata,0,
Aquilops americanus,species,Aquilops,,Ornithischia,Ornithischia,Chordata,0,dataset_extra_dinosauri
Scopelortyx klinghardtensis,species,Scopelortyx,,Galliformes,Reptilia,Chordata,0,
Ngexisaurus dapukaensis,species,Ngexisaurus,,Saurischia,Reptilia,Chordata,0,dataset_extra_dinosauri
Microdontosaurus dayensis,species,Microdontosaurus,,Saurischia,Saurischia,Chordata,0,dataset_extra_dinosauri
Damalasaurus magnus,species,Damalasaurus,,Saurischia,Saurischia,Chordata,0,dataset_extra_dinosauri
Koshisaurus katsuyama,species,Koshisaurus,,Ornithischia,Ornithischia,Chordata,0,dataset_extra_dinosauri
Fukuivenator paradoxus,species,Fukuivenator,,,Reptilia,Chordata,0,
Teratopodus malarguensis,species,Teratopodus,,,Saurischia,Chordata,0,
Guegoolithus turolensis,species,Guegoolithus,Spheroolithidae,,Ornithischia,Chordata,0,
Teihivenator macropus,species,Teihivenator,,,Reptilia,Chordata,0,
Plesiohadros djadokhtaensis,species,Plesiohadros,,Ornithischia,Ornithischia,Chordata,0,dataset_extra_dinosauri
Yuanjiawaornis viriosus,species,Yuanjiawaornis,,,Reptilia,Chordata,0,
Ulughbegsaurus uzbekistanensis,species,Ulughbegsaurus,,,Reptilia,Chordata,0,
Garumbatitan morellensis,species,Garumbatitan,,,Saurischia,Chordata,0,
Elsornis keni,species,Elsornis,,,Reptilia,Chordata,0,
Archaeornithura meemannae,species,Archaeornithura,Hongshanornithidae,,Reptilia,Chordata,0,
Hollanda luceria,species,Hollanda,,,Reptilia,Chordata,0,
Rukwatitan bisepultus,species,Rukwatitan,,Saurischia,Saurischia,Chordata,0,dataset_extra_dinosauri
Cratoavis cearensis,species,Cratoavis,,,Reptilia,Chordata,0,
Juehuaornis zhangi,species,Juehuaornis,,,Reptilia,Chordata,0,
Holbotia ponomarenkoi,species,Holbotia,,,Reptilia,Chordata,0,
Kuszholia mengi,species,Kuszholia,,,Reptilia,Chordata,0,
Coelurosaurichnus moeni,species,Coelurosaurichnus,,,Saurischia,Chordata,0,
Coelurosaurichnus kehli,species,Coelurosaurichnus,,,Saurischia,Chordata,0,
Sefapanosaurus zastronensis,species,Sefapanosaurus,,Saurischia,Saurischia,Chordata,0,dataset_extra_dinosauri
Kayentapus damarensis,species,Kayentapus,,,Reptilia,Chordata,0,
Padillasaurus leivaensis,species,Padillasaurus,,Saurischia,Saurischia,Chordata,0,dataset_extra_dinosauri
Bicharracosaurus dionidei,species,Bicharracosaurus,,,Saurischia,Chordata,0,
Mosaiceratops azumai,species,Mosaiceratops,,Ornithischia,Ornithischia,Chordata,0,dataset_extra_dinosauri
Tapinosaurus,genus,Tapinosaurus,,Saurischia,Saurischia,Chordata,0,dataset_extra_dinosauri
Fumicollis hoffmani,species,Fumicollis,,Hesperornithiformes,Reptilia,Chordata,0,
Plesiothornipos binneyi,species,Plesiothornipus,,Saurischia,Reptilia,Chordata,0,dataset_extra_dinosauri
Tachiraptor admirabilis,species,Tachiraptor,,Saurischia,Reptilia,Chordata,0,dataset_extra_dinosauri
Notocolossus gonzalezparejasi,species,Notocolossus,,Saurischia,Saurischia,Chordata,0,dataset_extra_dinosauri
Morrosaurus antarcticus,species,Morrosaurus,,Ornithischia,Ornithischia,Chordata,0,dataset_extra_dinosauri
Dracoraptor hanigani,species,Dracoraptor,,Saurischia,Reptilia,Chordata,0,dataset_extra_dinosauri
Datonglong tianzhenensis,species,Datonglong,,Ornithischia,Ornithischia,Chordata,0,dataset_extra_dinosauri
Polyclonoolithus yangjiagouensis,species,Polyclonoolithus,Polyclonoolithidae,,Reptilia,Chordata,0,
Sarmientosaurus musacchioi,species,Sarmientosaurus,,Saurischia,Saurischia,Chordata,0,dataset_extra_dinosauri
Kalohipus bretunensis,species,Kalohipus,,Saurischia,Reptilia,Chordata,0,dataset_extra_dinosauri
Shanyangosaurus niupanggouensis,species,Shanyangosaurus,,Avetheropoda,Reptilia,Chordata,0,
Ovaloolithus sangpingensis,species,Ovaloolithus,Ovaloolithidae,,Ornithischia,Chordata,0,
Altirhinus kurzanovi,species,Altirhinus,,Ornithischia,Ornithischia,Chordata,0,dataset_extra_dinosauri
Elongatoolithus excellens,species,Elongatoolithus,Elongatoolithidae,,Reptilia,Chordata,0,
Dunhuangia cuii,species,Dunhuangia,,,Reptilia,Chordata,0,
Feitianius paradisi,species,Feitianius,,,Reptilia,Chordata,0,
Linyiornis amoena,species,Linyiornis,,,Reptilia,Chordata,0,
Eosauropus cimarronensis,species,Eosauropus,,Saurischia,Saurischia,Chordata,0,dataset_extra_dinosauri
Austroposeidon magnificus,species,Austroposeidon,,Saurischia,Saurischia,Chordata,0,dataset_extra_dinosauri
Iaceornis marshi,species,Iaceornis,,,Reptilia,Chordata,0,
Buriolestes schultzi,species,Buriolestes,,Saurischia,Saurischia,Chordata,0,dataset_extra_dinosauri
Hispanosauropus,genus,Hispanosauropus,,,Reptilia,Chordata,0,
Qijiangpus sinensis,species,Qijiangpus,,,Ornithischia,Chordata,0,
Chuandongocoelurus primitivus,species,Chuandongocoelurus,,Saurischia,Reptilia,Chordata,0,dataset_extra_dinosauri
Paraortyx lorteti,species,Paraortyx,,Galliformes,Reptilia,Chordata,0,
Triunfosaurus leonardii,species,Triunfosaurus,,Saurischia,Saurischia,Chordata,0,dataset_extra_dinosauri
Lusovenator santosi,species,Lusovenator,,,Reptilia,Chordata,0,
Tengrisaurus starkovi,species,Tengrisaurus,,Saurischia,Saurischia,Chordata,0,dataset_extra_dinosauri
Yangtzepus clarkei,species,Yangtzepus,,Saurischia,Reptilia,Chordata,0,dataset_extra_dinosauri
Wintonopus middletonae,species,Wintonopus,,,Ornithischia,Chordata,0,
Walmadanyichnus hunteri,species,Walmadanyichnus,,,Ornithischia,Chordata,0,
Deuterotetrapous plancus,species,Deuterotetrapous,,Saurischia,Saurischia,Chordata,0,dataset_extra_dinosauri
Rotundichnus muenchehagensis,species,Rotundichnus,,Saurischia,Saurischia,Chordata,0,dataset_extra_dinosauri
Patagotitan mayorum,species,Patagotitan,,,Saurischia,Chordata,0,
Piscivorenantiornis inusitatus,species,Piscivorenantiornis,,,Reptilia,Chordata,0,
Shingopana songwensis,species,Shingopana,,,Saurischia,Chordata,0,
Coelurosaurichnus palyssi,species,Coelurosaurichnus,,,Saurischia,Chordata,0,
Mierasaurus bobyoungi,species,Mierasaurus,,,Saurischia,Chordata,0,
Pelorosaurus conybeari,species,Pelorosaurus,,Saurischia,Saurischia,Chordata,0,dataset_extra_dinosauri
Mansourasaurus shahinae,species,Mansourasaurus,,,Saurischia,Chordata,0,
Megalosauropus (Eutynichnium) gomesi,species,Eutynichnium,,Saurischia,Reptilia,Chordata,0,dataset_extra_dinosauri
Shuangbaisaurus anlongbaoensis,species,Shuangbaisaurus,,,Reptilia,Chordata,0,
Bagualosaurus agudoensis,species,Bagualosaurus,,,Saurischia,Chordata,0,
Eogranivora edentulata,species,Eogranivora,,,Reptilia,Chordata,0,
Kaijiangosaurus lini,species,Kaijiangosaurus,,,Reptilia,Chordata,0,
Yandusaurus,genus,Yandusaurus,,Ornithischia,Ornithischia,Chordata,0,dataset_extra_dinosauri
Tingmiatornis arctica,species,Tingmiatornis,,,Reptilia,Chordata,0,
Chupkaornis keraorum,species,Chupkaornis,,Hesperornithiformes,Reptilia,Chordata,0,
Lavinipes cheminii,species,Lavinipes,,Saurischia,Saurischia,Chordata,0,dataset_extra_dinosauri
Xingxiulong chengi,species,Xingxiulong,,,Saurischia,Chordata,0,
Pandoravenator fernandezorum,species,Pandoravenator,,,Reptilia,Chordata,0,
Caihong juji,species,Caihong,,,Reptilia,Chordata,0,
Pterygornis dapingfangensis,species,Pterygornis,,,Reptilia,Chordata,0,
Morelladon beltrani,species,Morelladon,,,Ornithischia,Chordata,0,
Zuoyunlong huangi,species,Zuoyunlong,,,Ornithischia,Chordata,0,
Gualicho shinyae,species,Gualicho,,,Reptilia,Chordata,0,
Cruralispennia multidonta,species,Cruralispennia,,,Reptilia,Chordata,0,
Serikornis sungei,species,Serikornis,,,Reptilia,Chordata,0,
Bellulia rectusunguis,species,Bellulia,,,Reptilia,Chordata,0,
Lingwulong shenqi,species,Lingwulong,,,Saurischia,Chordata,0,
Liaoningotitan sinensis,species,Liaoningotitan,,,Saurischia,Chordata,0,
Ledumahadi mafube,species,Ledumahadi,,,Saurischia,Chordata,0,
Erythrovenator jacuiensis,species,Erythrovenator,,,Reptilia,Chordata,0,
Sobniogallus albinojamrozi,species,Sobniogallus,,Galliformes,Reptilia,Chordata,0,
Bayannurosaurus perfectus,species,Bayannurosaurus,,,Ornithischia,Chordata,0,
Mirarce eatoni,species,Mirarce,Avisauridae,,Reptilia,Chordata,0,
Chiappeavis magnapremaxillo,species,Chiappeavis,Pengornithidae,,Reptilia,Chordata,0,
Baalsaurus mansillai,species,Baalsaurus,,,Saurischia,Chordata,0,
Timurlengia euotica,species,Timurlengia,,,Reptilia,Chordata,0,
Beipiaosaurus inexpectus,species,Beipiaosaurus,,Saurischia,Reptilia,Chordata,0,dataset_extra_dinosauri
Kulindapteryx ukureica,species,Kulindapteryx,Jeholosauridae,,Ornithischia,Chordata,0,
Tendaguria,genus,Tendaguria,,Saurischia,Saurischia,Chordata,0,dataset_extra_dinosauri
Pareisactus evrostos,species,Pareisactus,,,Ornithischia,Chordata,0,
Mnyamawamtuka moyowamkia,species,Mnyamawamtuka,,,Saurischia,Chordata,0,
Nemegtonykus citus,species,Nemegtonykus,,,Reptilia,Chordata,0,
Coelurosaurichnus largentierensis,species,Coelurosaurichnus,,,Saurischia,Chordata,0,
Lepidocheirosaurus natatilis,species,Lepidocheirosaurus,Nqwebasauridae,,Reptilia,Chordata,0,
Bauxitornis,genus,Bauxitornis,Avisauridae,,Reptilia,Chordata,0,
Crateropteryx colei,species,Crateropteryx,,,Reptilia,Chordata,0,
Macroelongatoolithus,genus,Macroelongatoolithus,Elongatoolithidae,,Reptilia,Chordata,0,
Kaijutitan maui,species,Kaijutitan,,,Saurischia,Chordata,0,
Piscivoravis lii,species,Piscivoravis,,,Reptilia,Chordata,0,
Monoenantiornis sihedangia,species,Monoenantiornis,,,Reptilia,Chordata,0,
Dingavis longimaxilla,species,Dingavis,,,Reptilia,Chordata,0,
Soumyasaurus aenigmaticus,species,Soumyasaurus,Silesauridae,,Ornithischia,Chordata,0,
Yizhousaurus sunae,species,Yizhousaurus,,,Saurischia,Chordata,0,
Oceanotitan dantasi,species,Oceanotitan,,,Saurischia,Chordata,0,
Paravipus didactyloides,species,Paravipus,,,Reptilia,Chordata,0,
Brontopodus pentadactylus,species,Brontopodus,,,Saurischia,Chordata,0,
Vayuraptor nongbualamphuensis,species,Vayuraptor,,,Reptilia,Chordata,0,
Phuwiangvenator yaemniyomi,species,Phuwiangvenator,,,Reptilia,Chordata,0,
Enantiornis walkeri,species,Enantiornis,,,Reptilia,Chordata,0,
Trachoolithus faticanus,species,Trachoolithus,Elongatoolithidae,,Reptilia,Chordata,0,
Oblongoolithus glaber,species,Oblongoolithus,Oblongoolithidae,,Reptilia,Chordata,0,
Elektorornis chenguangi,species,Elektorornis,,,Reptilia,Chordata,0,
Wintonopus,genus,Wintonopus,,,Ornithischia,Chordata,0,
Bannykus wulatensis,species,Bannykus,,,Reptilia,Chordata,0,
Xiyunykus pengi,species,Xiyunykus,,,Reptilia,Chordata,0,
Afromimus tenerensis,species,Afromimus,,,Reptilia,Chordata,0,
Microenantiornis vulgaris,species,Microenantiornis,,,Reptilia,Chordata,0,
Junornis houi,species,Junornis,,,Reptilia,Chordata,0,
Qiupanykus zhangi,species,Qiupanykus,,,Reptilia,Chordata,0,
Notatesseraeraptor frickensis,species,Notatesseraeraptor,,,Reptilia,Chordata,0,
Orienantius ritteri,species,Orienantius,,,Reptilia,Chordata,0,
Nhandumirim waldsangae,species,Nhandumirim,,,Saurischia,Chordata,0,
Alcmonavis poeschli,species,Alcmonavis,,,Reptilia,Chordata,0,
Similifaveoloolithus shuangtangensis,species,Similifaveoloolithus,Similifaveoloolithidae,,Reptilia,Chordata,0,
Mosaicoolithus zhangtoucaoensis,species,Mosaicoolithus,,,Reptilia,Chordata,0,
Prismatoolithus tiantaiensis,species,Prismatoolithus,Prismatoolithidae,,Ornithischia,Chordata,0,
Macroelongatoolithus zhangi,species,Macroelongatoolithus,Elongatoolithidae,,Reptilia,Chordata,0,
Coralloidoolithus shizuiwanensis,species,Coralloidoolithus,Stalicoolithidae,,Reptilia,Chordata,0,
Elongatoolithus chichengshanensis,species,Elongatoolithus,Elongatoolithidae,,Reptilia,Chordata,0,
Hemifaveoloolithus muyushanensis,species,Hemifaveoloolithus,Faveoloolithidae,,Saurischia,Chordata,0,
Parafaveoloolithus guoqingsiensis,species,Parafaveoloolithus,Faveoloolithidae,,Saurischia,Chordata,0,
Spheroolithus jincunensis,species,Spheroolithus,Spheroolithidae,,Ornithischia,Chordata,0,
Stalicoolithus shifengensis,species,Stalicoolithus,Stalicoolithidae,,Reptilia,Chordata,0,
Similifaveoloolithus gongzhulingensis,species,Similifaveoloolithus,Similifaveoloolithidae,,Reptilia,Chordata,0,
Protodictyoolithus jiangi,species,Protodictyoolithus,Dictyoolithidae,,Reptilia,Chordata,0,
Paradictyoolithus zhuangqianensis,species,Paradictyoolithus,Dictyoolithidae,,Reptilia,Chordata,0,
Paradictyoolithus xiaxishanensis,species,Paradictyoolithus,Dictyoolithidae,,Reptilia,Chordata,0,
Duovallumoolithus shangdanensis,species,Duovallumoolithus,Faveoloolithidae,,Saurischia,Chordata,0,
Parafaveoloolithus pingxiangensis,species,Parafaveoloolithus,Faveoloolithidae,,Saurischia,Chordata,0,
Weewarrasaurus pobeni,species,Weewarrasaurus,,,Ornithischia,Chordata,0,
Fostoria,genus,Fostoria,,,Ornithischia,Chordata,0,
Elongatoolithus laijiaensis,species,Elongatoolithus,Elongatoolithidae,,Reptilia,Chordata,0,
Dendroolithus dendriticus,species,Dendroolithus,Phaceloolithidae,,Reptilia,Chordata,0,
Fushanosaurus qitaiensis,species,Fushanosaurus,,,Saurischia,Chordata,0,
Eutynichnium,genus,Eutynichnium,,Saurischia,Reptilia,Chordata,0,dataset_extra_dinosauri
Fostoria dhimbangunmal,species,Fostoria,,,Ornithischia,Chordata,0,
Kwanasaurus williamparkeri,species,Kwanasaurus,Silesauridae,,Ornithischia,Chordata,0,
Siamraptor suwati,species,Siamraptor,,,Reptilia,Chordata,0,
Nipponoolithus ramosus,species,Nipponoolithus,,,Reptilia,Chordata,0,
Megaloolithus maghrebiensis,species,Megaloolithus,Megaloolithidae,,Saurischia,Chordata,0,
Trigonoolithus amoae,species,Trigonoolithus,Prismatoolithidae,,Ornithischia,Chordata,0,
Spheroolithus europaeus,species,Spheroolithus,Spheroolithidae,,Ornithischia,Chordata,0,
Moros intrepidus,species,Moros,,,Reptilia,Chordata,0,
Mafatrisauropus,genus,Mafatrisauropus,,Avetheropoda,Reptilia,Chordata,0,
Rotodactylopus archaeus,species,Rotodactylopus,,,Saurischia,Chordata,0,
Anatrisauropus ginsburgi,species,Anatrisauropus,,,Saurischia,Chordata,0,
Trisauropodiscus superaviforma,species,Trisauropodiscus,,,Reptilia,Chordata,0,
Tritotrisauropus medius,species,Tritotrisauropus,,,Saurischia,Chordata,0,
Trisauropodiscus phasianiforma,species,Trisauropodiscus,,,Reptilia,Chordata,0,
Trisauropodiscus levis,species,Trisauropodiscus,,,Reptilia,Chordata,0,
Trisauropodiscus pompompoi,species,Trisauropodiscus,,,Reptilia,Chordata,0,
Fusioolithus,genus,Fusioolithus,Fusioolithidae,,Reptilia,Chordata,0,
Kookne yeutensis,species,Kookne,,,Reptilia,Chordata,0,
Isasicursor santacrucensis,species,Isasicursor,,,Ornithischia,Chordata,0,
Gretcheniao sinensis,species,Gretcheniao,,,Reptilia,Chordata,0,
Shangyang graciles,species,Shangyang,,,Reptilia,Chordata,0,
Mengciusornis dentatus,species,Mengciusornis,Schizoouridae,,Reptilia,Chordata,0,
Asfaltovenator vialidadi,species,Asfaltovenator,,,Reptilia,Chordata,0,
Argillipes aurorum,species,Argillipes,,Galliformes,Reptilia,Chordata,0,
Abdarainurus barsboldi,species,Abdarainurus,,,Saurischia,Chordata,0,
Antarcticavis capelambensis,species,Antarcticavis,,,Reptilia,Chordata,0,
Diluvicursor pickeringi,species,Diluvicursor,,,Ornithischia,Chordata,0,
Overoraptor chimentoi,species,Overoraptor,,,Reptilia,Chordata,0,
Irisosaurus yimenensis,species,Irisosaurus,,,Saurischia,Chordata,0,
Schleitheimia schutzi,species,Schleitheimia,,,Saurischia,Chordata,0,
Sanxiasaurus modaoxiensis,species,Sanxiasaurus,,,Ornithischia,Chordata,0,
Shishugounykus inexpectus,species,Shishugounykus,,,Reptilia,Chordata,0,
Jinbeisaurus wangi,species,Jinbeisaurus,,,Reptilia,Chordata,0,
Yunyangosaurus puanensis,species,Yunyangosaurus,,,Reptilia,Chordata,0,
Kompsornis longicaudus,species,Kompsornis,,Jeholornithiformes,Reptilia,Chordata,0,
Beg tse,species,Beg,,,Ornithischia,Chordata,0,
Vectaerovenator inopinatus,species,Vectaerovenator,,,Reptilia,Chordata,0,
Picunichnus,genus,Picunichnus,,Saurischia,Reptilia,Chordata,0,dataset_extra_dinosauri
Kayentapus ambrokholohali,species,Kayentapus,,,Reptilia,Chordata,0,
Saurichnium tetractis,species,Saurichnium,,Saurischia,Saurischia,Chordata,0,dataset_extra_dinosauri
Mahuidacursor lipanglef,species,Mahuidacursor,,,Ornithischia,Chordata,0,
Saurexallopus cordata,species,Saurexallopus,,Saurischia,Reptilia,Chordata,0,dataset_extra_dinosauri
Bravasaurus arrierosorum,species,Bravasaurus,,,Saurischia,Chordata,0,
Punatitan coughlini,species,Punatitan,,,Saurischia,Chordata,0,
Gigantibis incognita,species,Gigantibis,,Galliformes,Reptilia,Chordata,0,
Falcatakely forsterae,species,Falcatakely,,,Reptilia,Chordata,0,
Argillipes,genus,Argillipes,,Galliformes,Reptilia,Chordata,0,
Garrigatitan meridionalis,species,Garrigatitan,,,Saurischia,Chordata,0,
Scutellosaurus,genus,Scutellosaurus,,Ornithischia,Ornithischia,Chordata,0,dataset_extra_dinosauri
Ostendichnus bilobatus,species,Ostendichnus,,,Reptilia,Chordata,0,
Prismatoolithus ilekensis,species,Prismatoolithus,Prismatoolithidae,,Ornithischia,Chordata,0,
Lingyuanosaurus sihedangensis,species,Lingyuanosaurus,,,Reptilia,Chordata,0,
Tanycolagreus,genus,Tanycolagreus,,Saurischia,Reptilia,Chordata,0,dataset_extra_dinosauri
Dzharatitanis kingi,species,Dzharatitanis,,,Saurischia,Chordata,0,
Arackar licanantay,species,Arackar,,,Saurischia,Chordata,0,
Galleonosaurus dorisae,species,Galleonosaurus,,,Ornithischia,Chordata,0,
Duriatitan,genus,Duriatitan,,Saurischia,Saurischia,Chordata,0,dataset_extra_dinosauri
Uriash kadici,species,Uriash,,,Saurischia,Chordata,0,
Paludititan,genus,Paludititan,,Saurischia,Saurischia,Chordata,0,dataset_extra_dinosauri
Lirainosaurus,genus,Lirainosaurus,,Saurischia,Saurischia,Chordata,0,dataset_extra_dinosauri
Eutynichnium lusitanicum,species,Eutynichnium,,Saurischia,Reptilia,Chordata,0,dataset_extra_dinosauri
Deuterotetrapous triassicus,species,Deuterotetrapous,,Saurischia,Saurischia,Chordata,0,dataset_extra_dinosauri
Fusioolithus padiyalensis,species,Fusioolithus,Fusioolithidae,,Reptilia,Chordata,0,
Tiamat valdecii,species,Tiamat,,,Saurischia,Chordata,0,
Ninjatitan zapatai,species,Ninjatitan,,,Saurischia,Chordata,0,
Sarmientichnus,genus,Sarmientichnus,,Saurischia,Reptilia,Chordata,0,dataset_extra_dinosauri
Anomoepus moghrebensis,species,Anomoepus,Moyenisauropodidae,,Ornithischia,Chordata,0,
Castignovolucris sebei,species,Castignovolucris,,,Reptilia,Chordata,0,
Coelurosaurichnus ratumensis,species,Coelurosaurichnus,,,Saurischia,Chordata,0,
Caririchnium liucixini,species,Caririchnium,Iguanodontipodidae,,Ornithischia,Chordata,0,
Ordexallopus zhanglifui,species,Ordexallopus,,,Reptilia,Chordata,0,
Caririchnium yeongdongensis,species,Caririchnium,Iguanodontipodidae,,Ornithischia,Chordata,0,
Atsinganosaurus velauciensis,species,Atsinganosaurus,,Saurischia,Saurischia,Chordata,0,dataset_extra_dinosauri
Matheronodon provincialis,species,Matheronodon,,,Ornithischia,Chordata,0,
Pashtosaurus zhobi,species,Pashtosaurus,,,Saurischia,Chordata,0,
Gspsaurus pakistani,species,Gspsaurus,Gspsauridae,,Saurischia,Chordata,0,
Saraikimasoom vitakri,species,Saraikimasoom,Gspsauridae,,Saurischia,Chordata,0,
Ikqaumishan smqureshi,species,Ikqaumishan,Gspsauridae,,Saurischia,Chordata,0,
Dgkhansaurus maarri,species,Dgkhansaurus,,,Saurischia,Chordata,0,
Laiyangoolithus lixiangensis,species,Laiyangoolithus,Prismatoolithidae,,Ornithischia,Chordata,0,
Multifissoolithus chianensis,species,Multifissoolithus,Dongyangoolithidae,,Reptilia,Chordata,0,
Corpulentapus,genus,Corpulentapus,,Saurischia,Reptilia,Chordata,0,dataset_extra_dinosauri
Fylax thyrakolasus,species,Fylax,,,Ornithischia,Chordata,0,
Portellsaurus sosbaynati,species,Portellsaurus,,,Ornithischia,Chordata,0,
Hamititan xinjiangensis,species,Hamititan,,,Saurischia,Chordata,0,
Bumbanortyx transitoria,species,Bumbanortyx,,Galliformes,Reptilia,Chordata,0,
Bumbanipodius magnus,species,Bumbanipodius,,Galliformes,Reptilia,Chordata,0,
Pendraig milnerae,species,Pendraig,,,Reptilia,Chordata,0,
Yunnanosaurus youngi,species,Yunnanosaurus,,Saurischia,Saurischia,Chordata,0,dataset_extra_dinosauri
Sauroposeidon,genus,Sauroposeidon,,Saurischia,Saurischia,Chordata,0,dataset_extra_dinosauri
Macroolithus mutabilis,species,Macroolithus,Elongatoolithidae,,Reptilia,Chordata,0,
Spicomellus afer,species,Spicomellus,,,Ornithischia,Chordata,0,
Theroplantigrada encisensis,species,Theroplantigrada,,,Reptilia,Chordata,0,
Kayentapus ubacensis,species,Kayentapus,,,Reptilia,Chordata,0,
Stegouros elengassen,species,Stegouros,,,Ornithischia,Chordata,0,
Avimaia schweitzerae,species,Avimaia,,,Reptilia,Chordata,0,
Teratopodus,genus,Teratopodus,,,Saurischia,Chordata,0,
Himeoolithus murakamii,species,Himeoolithus,,,Reptilia,Chordata,0,
Siamopodus xui,species,Siamopodus,,Saurischia,Reptilia,Chordata,0,dataset_extra_dinosauri
Shensipus xiaoliheensis,species,Anomoepus,Moyenisauropodidae,,Ornithischia,Chordata,0,
Changpeipus longweimaoensis,species,Changpeipus,,Avetheropoda,Reptilia,Chordata,0,
Ningxiapus liupanshanensis,species,Ningxiapus,,,Ornithischia,Chordata,0,
Shanbeipus caudatus,species,Shanbeipus,,,Reptilia,Chordata,0,
Wakinyantanka styxi,species,Wakinyantanka,,,Reptilia,Chordata,0,
Brighstoneus simmondsi,species,Brighstoneus,,,Ornithischia,Chordata,0,
Aratasaurus museunacionali,species,Aratasaurus,,,Reptilia,Chordata,0,
Occitanopodus gandi,species,Occitanopodus,,,Saurischia,Chordata,0,
Pseudomegaloolithus atlasi,species,Pseudomegaloolithus,,,Saurischia,Chordata,0,
Rodolphoolithus arioul,species,Rodolphoolithus,Elongatoolithidae,,Reptilia,Chordata,0,
Pseudogeckoolithus tirboulensis,species,Pseudogeckoolithus,,,Reptilia,Chordata,0,
Musivavis amabilis,species,Musivavis,,,Reptilia,Chordata,0,
Yuxisaurus kopchicki,species,Yuxisaurus,,,Ornithischia,Chordata,0,
Cairanoolithus,genus,Cairanoolithus,Cairanoolithidae,,Ornithischia,Chordata,0,
Filichnites oncalensis,species,Filichnites,,,Reptilia,Chordata,0,
Itsukisauropus izumiensis,species,Itsukisauropus,,Saurischia,Reptilia,Chordata,0,dataset_extra_dinosauri
Iyuku raathi,species,Iyuku,,,Ornithischia,Chordata,0,
Stegopodus,genus,Stegopodus,,Ornithischia,Ornithischia,Chordata,0,dataset_extra_dinosauri
Paralititan,genus,Paralititan,,Saurischia,Saurischia,Chordata,0,dataset_extra_dinosauri
Yuzhoulong qurenensis,species,Yuzhoulong,,,Saurischia,Chordata,0,
Caieiria allocaudata,species,Caieiria,,,Saurischia,Chordata,0,
Mbiresaurus raathi,species,Mbiresaurus,,,Saurischia,Chordata,0,
Gamatavus antiquus,species,Gamatavus,Silesauridae,,Ornithischia,Chordata,0,
Tuebingosaurus maierfritzorum,species,Tuebingosaurus,,,Saurischia,Chordata,0,
Minimocursor phunoiensis,species,Minimocursor,,,Ornithischia,Chordata,0,
Napaisaurus guangxiensis,species,Napaisaurus,,,Ornithischia,Chordata,0,
Chucarosaurus diripienda,species,Chucarosaurus,,,Saurischia,Chordata,0,
Multifissoolithus shimonosekiensis,species,Multifissoolithus,Dongyangoolithidae,,Reptilia,Chordata,0,
Amanasaurus nesbitti,species,Amanasaurus,Silesauridae,,Ornithischia,Chordata,0,
Transylvanosaurus platycephalus,species,Transylvanosaurus,,,Ornithischia,Chordata,0,
Yatenavis ieujensis,species,Yatenavis,,,Reptilia,Chordata,0,
Jakapil kaniukura,species,Jakapil,,,Ornithischia,Chordata,0,
Migmanychion laiyang,species,Migmanychion,,,Reptilia,Chordata,0,
Enantiornis martini,species,Enantiornis,,,Reptilia,Chordata,0,
Catenoleimus,genus,Catenoleimus,,Alexornithiformes,Reptilia,Chordata,0,
Calvarius rapidus,species,Calvarius,,,Ornithischia,Chordata,0,
Brevirostruavis macrohyoideus,species,Brevirostruavis,,,Reptilia,Chordata,0,
Gonkoken nanoi,species,Gonkoken,,,Ornithischia,Chordata,0,
Menucocelsior arriagadai,species,Menucocelsior,,,Saurischia,Chordata,0,
Fujianvenator prodigiosus,species,Fujianvenator,,,Reptilia,Chordata,0,
Jiangxititan ganzhouensis,species,Jiangxititan,,,Saurischia,Chordata,0,
Calamosaurus foxi,species,Calamosaurus,,,Reptilia,Chordata,0,
Ampelognathus coheni,species,Ampelognathus,,,Ornithischia,Chordata,0,
Qianlong shouhu,species,Qianlong,,,Saurischia,Chordata,0,
Montanoolithus labadousensis,species,Montanoolithus,Montanoolithidae,,Reptilia,Chordata,0,
Inawentu oslatus,species,Inawentu,,,Saurischia,Chordata,0,
Datousaurus,genus,Datousaurus,,Saurischia,Saurischia,Chordata,0,dataset_extra_dinosauri
Shunosaurus,genus,Shunosaurus,,Saurischia,Saurischia,Chordata,0,dataset_extra_dinosauri
Brontopodus triangularis,species,Brontopodus,,,Saurischia,Chordata,0,
Neimengornis rectusmim,species,Neimengornis,,Jeholornithiformes,Reptilia,Chordata,0,
Bustingorrytitan shiva,species,Bustingorrytitan,,,Saurischia,Chordata,0,
Gandititan cavocaudatus,species,Gandititan,,,Saurischia,Chordata,0,
Sibirotitan,genus,Sibirotitan,,,Saurischia,Chordata,0,
Yuanchuavis kompsosoura,species,Yuanchuavis,Pengornithidae,,Reptilia,Chordata,0,
Vectipelta barretti,species,Vectipelta,,,Ornithischia,Chordata,0,
Titanomachya gimenezi,species,Titanomachya,,,Saurischia,Chordata,0,
Musankwa sanyatiensis,species,Musankwa,,,Saurischia,Chordata,0,
Hesperonyx martinhotomasorum,species,Hesperonyx,,,Ornithischia,Chordata,0,
Chakisaurus nekul,species,Chakisaurus,,,Ornithischia,Chordata,0,
Comptonatus chasei,species,Comptonatus,,,Ornithischia,Chordata,0,
Tietasaura derbyiana,species,Tietasaura,,,Ornithischia,Chordata,0,
Kaririavis mater,species,Kaririavis,,,Reptilia,Chordata,0,
Fortipesavis prehendens,species,Fortipesavis,,,Reptilia,Chordata,0,
Sasayamagnomus saegusai,species,Sasayamagnomus,,,Ornithischia,Chordata,0,
Kunbarrasaurus,genus,Kunbarrasaurus,,,Ornithischia,Chordata,0,
Emiliasaura alessandrii,species,Emiliasaura,,,Ornithischia,Chordata,0,
Navaornis hestiae,species,Navaornis,,,Reptilia,Chordata,0,
Tubercuoolithus,genus,Tubercuoolithus,,,Reptilia,Chordata,0,
Tristraguloolithus,genus,Tristraguloolithus,,,Reptilia,Chordata,0,
Dispersituberoolithus,genus,Dispersituberoolithus,,,Reptilia,Chordata,0,
Sousatitanosauripus robsoni,species,Sousatitanosauripus,,,Saurischia,Chordata,0,
Lishulong wangi,species,Lishulong,,,Saurischia,Chordata,0,
Yuanyanglong bainian,species,Yuanyanglong,,,Reptilia,Chordata,0,
Ralikhomopus aviator,species,Ralikhomopus,,,Reptilia,Chordata,0,
Baminornis zhenghensis,species,Baminornis,,,Reptilia,Chordata,0,
Archaeocursor asiaticus,species,Archaeocursor,,,Ornithischia,Chordata,0,
Qianjiangsaurus changshengi,species,Qianjiangsaurus,,,Ornithischia,Chordata,0,
Chadititan calvoi,species,Chadititan,,,Saurischia,Chordata,0,
Kank australis,species,Kank,Unenlagiidae,,Reptilia,Chordata,0,
Enigmacursor mollyborthwickae,species,Enigmacursor,,,Ornithischia,Chordata,0,
Imparavis attenboroughi,species,Imparavis,,,Reptilia,Chordata,0,
Timimus,genus,Timimus,,Saurischia,Reptilia,Chordata,0,dataset_extra_dinosauri
Huashanosaurus qini,species,Huashanosaurus,,,Saurischia,Chordata,0,
Dendroolithus fengguangcunensis,species,Dendroolithus,Phaceloolithidae,,Reptilia,Chordata,0,
Paraspheroolithus sanwangbacunensis,species,Paraspheroolithus,Spheroolithidae,,Ornithischia,Chordata,0,
Pinnatoolithus shitangensis,species,Pinnatoolithus,Pinnatoolithidae,,Reptilia,Chordata,0,
Pinnatoolithus nanxiongensis,species,Pinnatoolithus,Pinnatoolithidae,,Reptilia,Chordata,0,
Lanceoloolithus xiapingensis,species,Lanceoloolithus,Pinnatoolithidae,,Reptilia,Chordata,0,
Lanceoloolithus huangtangensis,species,Lanceoloolithus,Pinnatoolithidae,,Reptilia,Chordata,0,
Macroolithus lashuyuanensis,species,Macroolithus,Elongatoolithidae,,Reptilia,Chordata,0,
Angolatitan adamastor,species,Angolatitan,,Saurischia,Saurischia,Chordata,0,dataset_extra_dinosauri
Dendroolithus furcatus,species,Dendroolithus,Phaceloolithidae,,Reptilia,Chordata,0,
Dendroolithus zhaoyingensis,species,Dendroolithus,Phaceloolithidae,,Reptilia,Chordata,0,
Elongatoolithus jianchangensis,species,Elongatoolithus,Elongatoolithidae,,Reptilia,Chordata,0,
Paraspheroolithus yangchengensis,species,Paraspheroolithus,Spheroolithidae,,Ornithischia,Chordata,0,
Elongatoolithus yangjiagouensis,species,Elongatoolithus,Elongatoolithidae,,Reptilia,Chordata,0,
Parafaveoloolithus xipingensis,species,Parafaveoloolithus,Faveoloolithidae,,Saurischia,Chordata,0,
Elongatoolithus chimeiensis,species,Elongatoolithus,Elongatoolithidae,,Reptilia,Chordata,0,
Placoolithus tumiaolingensis,species,Placoolithus,Dendroolithidae,,Reptilia,Chordata,0,
Placoolithus taohensis,species,Placoolithus,Dendroolithidae,,Reptilia,Chordata,0,
Dendroolithus xichuanensis,species,Dendroolithus,Phaceloolithidae,,Reptilia,Chordata,0,
Huayracursor jaguensis,species,Huayracursor,,,Saurischia,Chordata,0,
Anteavis crurilongus,species,Anteavis,,,Reptilia,Chordata,0,
Cariocecus bocagei,species,Cariocecus,,,Ornithischia,Chordata,0,
Zavacephale rinpoche,species,Zavacephale,,,Ornithischia,Chordata,0,
Istiorachis macarthurae,species,Istiorachis,,,Ornithischia,Chordata,0,
Yeneen houssayi,species,Yeneen,,,Saurischia,Chordata,0,
Yamaceratops,genus,Yamaceratops,,Ornithischia,Ornithischia,Chordata,0,dataset_extra_dinosauri
Haolong dongi,species,Haolong,,,Ornithischia,Chordata,0,
Wudingloong wui,species,Wudingloong,,,Saurischia,Chordata,0,
Xingxiulong yueorum,species,Xingxiulong,,,Saurischia,Chordata,0,
Pulaosaurus qinglong,species,Pulaosaurus,,,Ornithischia,Chordata,0,
Jinchuanloong niedu,species,Jinchuanloong,,,Saurischia,Chordata,0,
Xiangyunloong fengming,species,Xiangyunloong,,,Saurischia,Chordata,0,
Kunpengornis anhuimusei,species,Kunpengornis,,,Reptilia,Chordata,0,
Ptychotherates bucculentus,species,Ptychotherates,,,Saurischia,Chordata,0,
Neobohaiornis lamadongensis,species,Neobohaiornis,Bohaiornithidae,,Reptilia,Chordata,0,
Chromeornis funkyi,species,Chromeornis,Longipterygidae,,Reptilia,Chordata,0,
Ahvaytum bahndooiveche,species,Ahvaytum,,,Saurischia,Chordata,0,
Phosphatotitan khouribgaensis,species,Phosphatotitan,Argentinosauridae,,Saurischia,Chordata,0,
Dasosaurus tocantinensis,species,Dasosaurus,,,Saurischia,Chordata,0,
Brachyphyllum comancheanum,species,Brachyphyllum,Araucariaceae,,Equisetopsida,Equisetophyta,1,
Masculostrobus lafonii,species,Masculostrobus,,,,Spermatophyta,1,
Alostrobus traversei,species,Alostrobus,,Coniferales,,Gymnospermae,1,
Pityoidolepis colbertii,species,Pityoidolepis,,Coniferales,,Gymnospermae,1,
Samaropsis lamyensis,species,Samaropsis,,Coniferales,,Gymnospermae,1,
Samaropsis romeri,species,Samaropsis,,Coniferales,,Gymnospermae,1,
Samaropsis finchii,species,Samaropsis,,Coniferales,,Gymnospermae,1,
Samaropsis bigelowii,species,Samaropsis,,Coniferales,,Gymnospermae,1,
Samaropsis whitensis,species,Samaropsis,,Coniferales,,Gymnospermae,1,
Pelourdea,genus,Pelourdea,,Cordaitales,,Coniferophyta,1,
Dinophyton spinosus,species,Dinophyton,,,,Gymnospermae,1,
Cladophlebis,genus,Cladophlebis,,,Polypodiopsida,Pteridophyta,1,
Onychiopsis,genus,Onychiopsis,Polypodiaceae,,Polypodiopsida,Pteridophyta,1,
Zamites,genus,Zamites,,Bennettitales,Pteropsida,Gymnospermae,1,dataset_interno_ordine_to_classe
Araucaria,genus,Araucaria,Araucariaceae,,Equisetopsida,Equisetophyta,1,
Sphenopteris,genus,Sphenopteris,,Lyginopteridales,Lyginopteridopsida,Gymnospermae,1,
Pecopteris,genus,Pecopteris,,,Pteropsida,Pteridophyta,1,
Sigillariostrobus,genus,Sigillariostrobus,,,,,1,
Parachaetetes,genus,Parachaetetes,Solenoporaceae,,Rhodophyceae,Rhodophyta,1,
Jensensispermum,genus,Jensensispermum,,,,Cycadophyta,1,
Czekanowskia,genus,Czekanowskia,,Czekanowskiales,Ginkgoopsida,Ginkgophyta,1,
Brachyphyllum,genus,Brachyphyllum,Araucariaceae,,Equisetopsida,Equisetophyta,1,
Behuninia,genus,Behuninia,,Cycadales,Cycadopsida,Cycadophyta,1,
Protocupressinoxylon,genus,Protocupressinoxylon,Cupressaceae,Coniferales,,Gymnospermae,1,
Mesembrioxylon,genus,Mesembrioxylon,Podocarpaceae,Coniferales,,Gymnospermae,1,
Xenoxylon,genus,Xenoxylon,,Pinales,Pinopsida,Spermatophyta,1,
Taeniopteris,genus,Taeniopteris,,Cycadales,Cycadopsida,Cycadophyta,1,
Platychara compressa,species,Platychara,Characea,Charales,,Charophyta,1,
Porochara,genus,Porochara,Porocharaceae,Charales,,Charophyta,1,
Thinnfeldia hughesi,species,Thinnfeldia,,Pteridospermales,Cycadopsida,Cycadophyta,1,
Asterotheca,genus,Asterotheca,,Marattiales,Polypodiopsida,Pteridophyta,1,
Ginkgoites,genus,Ginkgoites,,,,Ginkgophyta,1,
Sphenobaiera,genus,Sphenobaiera,,Ginkgoales,Ginkgoopsida,Ginkgophyta,1,
Nilsonia,genus,Nilsonia,,Cycadales,Cycadopsida,Cycadophyta,1,
Alisporites,genus,Alisporites,,,,Gymnospermae,1,
Anapiculatisporites,genus,Anapiculatisporites,,,,Bryophyta,1,
Lueckisporites,genus,Lueckisporites,,,,,1,
Platysaccus,genus,Platysaccus,Podocarpaceae,Coniferales,,Gymnospermae,1,
Todisporites,genus,Todisporites,,,Pteridopsida,Pteridophyta,1,
Triadispora,genus,Triadispora,,,,,1,
Vitreisporites pallidus,species,Vitreisporites,,Caytoniales,Ginkgoopsida,Ginkgophyta,1,
Ovalipollis,genus,Ovalipollis,,,Gymnospermopsida,Tracheophyta,1,
Dictyozamites,genus,Dictyozamites,,Bennettitales,Pteropsida,Gymnospermae,1,dataset_interno_ordine_to_classe
Dicotylophyllum myrtophylloides,species,Dicotylophyllum,,,Magnoliopsida,Spermatophyta,1,
Dicotylophyllum rosafluviatilis,species,Dicotylophyllum,,,Magnoliopsida,Spermatophyta,1,
Dicotylophyllum aliquantuliserratum,species,Dicotylophyllum,,,Magnoliopsida,Spermatophyta,1,
Dicotylophyllum expansolobum,species,Dicotylophyllum,,,Magnoliopsida,Spermatophyta,1,
Dicotylophyllum angularis,species,Dicotylophyllum,,,Magnoliopsida,Spermatophyta,1,
Pandemophyllum,genus,Pandemophyllum,,Laurales,,Angiospermae,1,
Landonia calophylla,species,Landonia,,Laurales,,Angiospermae,1,
Crassidenticulum decurrens,species,Crassidenticulum,,Laurales,,Angiospermae,1,
Pseudofrenelopsis parceramosa,species,Pseudofrenelopsis,Cheirolepidiaceae,,Equisetopsida,Equisetophyta,1,
Araucarites aquiensis,species,Araucarites,Araucariaceae,,Equisetopsida,Equisetophyta,1,
Abietites longifolius,species,Abietites,,Coniferales,,Gymnospermae,1,
Brachyphyllum crassicaule,species,Brachyphyllum,Araucariaceae,,Equisetopsida,Equisetophyta,1,
Pabiania,genus,Pabiania,,Laurales,,Angiospermae,1,
Dicotylophyllum ovatodecurrens,species,Dicotylophyllum,,,Magnoliopsida,Spermatophyta,1,
Nelumbites extenuinervis,species,Nelumbites,Nymphaeaceae,Nymphaeales,,Angiospermae,1,
Nelumbites minimus,species,Nelumbites,Nymphaeaceae,Nymphaeales,,Angiospermae,1,
Sapindopsis,genus,Sapindopsis,Sapindaceae,Sapindales,,Angiospermae,1,
Sapindopsis minutifolia,species,Sapindopsis,Sapindaceae,Sapindales,,Angiospermae,1,
Dicotylophyllum,genus,Dicotylophyllum,,,Magnoliopsida,Spermatophyta,1,
Kenella,genus,Kenella,,,Magnoliopsida,Spermatophyta,1,
Ptilophyllum,genus,Ptilophyllum,,Bennettitales,Pteropsida,Gymnospermae,1,dataset_interno_ordine_to_classe
Otozamites archangelskyi,species,Otozamites,,Bennettitales,Pteropsida,Gymnospermae,1,dataset_interno_ordine_to_classe
Nilssoniopteris,genus,Nilssoniopteris,,Bennettitales,Pteropsida,Gymnospermae,1,dataset_interno_ordine_to_classe
Otozamites,genus,Otozamites,,Bennettitales,Pteropsida,Gymnospermae,1,dataset_interno_ordine_to_classe
Clathropteris,genus,Clathropteris,Polypodiaceae,,Polypodiopsida,Pteridophyta,1,
Cladophlebis denticulata,species,Cladophlebis,,,Polypodiopsida,Pteridophyta,1,
Microphyllopteris,genus,Microphyllopteris,Gleicheniaceae,,Polypodiopsida,Pteridophyta,1,
Elatocladus plana,species,Elatocladus,Podocarpaceae,Coniferales,,Gymnospermae,1,
Diettertia montanensis,species,Diettertia,,Jungermanniales,Jungermanniopsida,Marchantiophyta,1,
Minerisporites,genus,Minerisporites,,Isoetales,Lycopodiopsida,Lycopodiophyta,1,
Arcellites,genus,Arcellites,,Marsileales,Pteridopsida,Pteridophyta,1,
Pseudocycas douglasii,species,Pseudocycas,,Bennettitales,Pteropsida,Gymnospermae,1,dataset_interno_ordine_to_classe
Cladophlebis oerstedi,species,Cladophlebis,,,Polypodiopsida,Pteridophyta,1,
Zamites arcticus,species,Zamites,,Bennettitales,Pteropsida,Gymnospermae,1,dataset_interno_ordine_to_classe
Cladophlebis constricta,species,Cladophlebis,,,Polypodiopsida,Pteridophyta,1,
Sphenopteris latiloba,species,Sphenopteris,,Lyginopteridales,Lyginopteridopsida,Gymnospermae,1,
Sphenopteris mclearni,species,Sphenopteris,,Lyginopteridales,Lyginopteridopsida,Gymnospermae,1,
Cladophlebis virginiensis,species,Cladophlebis,,,Polypodiopsida,Pteridophyta,1,
Metzgeriites montanensis,species,Metzgeriites,,Metzgeriales,Marchantiopsida,Marchantiophyta,1,
Solenopora triasina,species,Solenopora,Solenoporaceae,,Rhodophyceae,Rhodophyta,1,
Thaumatoporella parvovesiculifera,species,Thaumatoporella,,Thaumatoporellales,,Chlorophyta,1,
Taeniopteris spatulata,species,Taeniopteris,,Cycadales,Cycadopsida,Cycadophyta,1,
Elatocladus conferta,species,Elatocladus,Podocarpaceae,Coniferales,,Gymnospermae,1,
Solenopora jurassica,species,Solenopora,Solenoporaceae,,Rhodophyceae,Rhodophyta,1,
Acicularia,genus,Acicularia,,Dasycladales,Chlorophyceae,Chlorophyta,1,
Solenopora,genus,Solenopora,Solenoporaceae,,Rhodophyceae,Rhodophyta,1,
Muscites,genus,Muscites,,,Bryopsida,Bryophyta,1,
Heidiphyllum,genus,Heidiphyllum,,Pinales,Pinopsida,Spermatophyta,1,
Rissikia,genus,Rissikia,Podocarpaceae,Coniferales,,Gymnospermae,1,
Kurtziana,genus,Kurtziana,,,,Pteridospermophyta,1,
Chiropteris,genus,Chiropteris,,Pteridospermales,Cycadopsida,Cycadophyta,1,
Gontriglossa,genus,Gontriglossa,,,Gnetopsida,Gnetophyta,1,
Anthrophyopsis,genus,Anthrophyopsis,,Cycadales,Cycadopsida,Cycadophyta,1,
Yabeiella,genus,Yabeiella,,Cycadeoideales,Cycadeoideopsida,Cycadeoideophyta,1,
Thallites,genus,Thallites,,,Hepaticae,Bryophyta,1,
Weltrichia,genus,Weltrichia,,Bennettitales,Pteropsida,Gymnospermae,1,dataset_interno_ordine_to_classe
Fraxinopsis,genus,Fraxinopsis,,Coniferales,,Gymnospermae,1,
Saportaea,genus,Saportaea,,Polypodiales,Polypodiopsida,Pteridophyta,1,
Linguifolium,genus,Linguifolium,,,Ginkgoopsida,Ginkgophyta,1,
Leguminanthus,genus,Leguminanthus,,Bennettitales,Pteropsida,Gymnospermae,1,dataset_interno_ordine_to_classe
Cycadolepis,genus,Cycadolepis,,Bennettitales,Pteropsida,Gymnospermae,1,dataset_interno_ordine_to_classe
Pagiophyllum,genus,Pagiophyllum,Araucariaceae,,Equisetopsida,Equisetophyta,1,
Cycadocarpidium,genus,Cycadocarpidium,,,,Coniferophyta,1,
Amphorispermum ellipticum,species,Amphorispermum,,Caytoniales,Ginkgoopsida,Ginkgophyta,1,
Pterophyllum (Anomozamites) schenki,species,Anomozamites,,Bennettitales,Pteropsida,Gymnospermae,1,dataset_interno_ordine_to_classe
Doratophyllum astartensis,species,Doratophyllum,,,,Cycadophyta,1,
Pterophyllum,genus,Pterophyllum,,Bennettitales,Pteropsida,Gymnospermae,1,dataset_interno_ordine_to_classe
Furcula granulifer,species,Furcula,,,Dicotyledoneae,Angiospermae,1,
Pterophyllum xiphipterum,species,Pterophyllum,,Bennettitales,Pteropsida,Gymnospermae,1,dataset_interno_ordine_to_classe
Elatocladus,genus,Elatocladus,Podocarpaceae,Coniferales,,Gymnospermae,1,
Widdringtonites,genus,Widdringtonites,,Pinales,Pinopsida,Spermatophyta,1,
Brachyphyllum macrocarpum,species,Brachyphyllum,Araucariaceae,,Equisetopsida,Equisetophyta,1,
Dammara,genus,Dammara,Araucariaceae,,Equisetopsida,Equisetophyta,1,
Stachyotaxus elegans,species,Stachyotaxus,Palissyaceae,Coniferales,,Gymnospermae,1,
Acrostichites,genus,Acrostichites,Osmundaceae,,Polypodiopsida,Pteridophyta,1,
Anomozamites minor,species,Anomozamites,,Bennettitales,Pteropsida,Gymnospermae,1,dataset_interno_ordine_to_classe
Triletes,genus,Triletes,,,Pteridopsida,Pteridophyta,1,
Vardekloeftia sulcata,species,Vardekloeftia,,Bennettitales,Pteropsida,Gymnospermae,1,dataset_interno_ordine_to_classe
Hartzia tenuis,species,Hartzia,,Czekanowskiales,Ginkgoopsida,Ginkgophyta,1,
Bysmatospermum macrotrachelum,species,Bysmatospermum,,Bennettitales,Pteropsida,Gymnospermae,1,dataset_interno_ordine_to_classe
Ontheodendron,genus,Ontheodendron,,,,Cycadophyta,1,
Archaeolithothamnium,genus,Archaeolithothamnium,,Corallinales,Florideophyceae,Rhodophyta,1,
Acicularia elongata,species,Acicularia,,Dasycladales,Chlorophyceae,Chlorophyta,1,
Swedenborgia,genus,Swedenborgia,,,,Coniferophyta,1,
Todites,genus,Todites,Osmundaceae,,Polypodiopsida,Pteridophyta,1,
Pterophyllum subaequale,species,Pterophyllum,,Bennettitales,Pteropsida,Gymnospermae,1,dataset_interno_ordine_to_classe
Lycostrobus scotti,species,Lycostrobus,,,,Lycopodophyta,1,
Amphorispermum,genus,Amphorispermum,,Caytoniales,Ginkgoopsida,Ginkgophyta,1,
Anomozamites,genus,Anomozamites,,Bennettitales,Pteropsida,Gymnospermae,1,dataset_interno_ordine_to_classe
Sphenobaiera spectabilis,species,Sphenobaiera,,Ginkgoales,Ginkgoopsida,Ginkgophyta,1,
Ourostrobus nathorsti,species,Ourostrobus,,,,,1,
Lobatannularia,genus,Lobatannularia,,,Sphenopsida,Sphenophyta,1,
Storgaardia spectabilis,species,Storgaardia,,,,Coniferophyta,1,
Gleichenites,genus,Gleichenites,Gleicheniaceae,,Polypodiopsida,Pteridophyta,1,
Cynepteris lasiophora,species,Cynepteris,,,,Pteridophyta,1,
Wingatea plumosa,species,Wingatea,,,,Pteridophyta,1,
Williamsonia,genus,Williamsonia,,Bennettitales,Pteropsida,Gymnospermae,1,dataset_interno_ordine_to_classe
Araucarioxylon arizonicum,species,Araucarioxylon,Araucariaceae,,Equisetopsida,Equisetophyta,1,
Marcouia,genus,Marcouia,,,,Pteridophyta,1,
Dechellyia,genus,Dechellyia,,Coniferales,,Gymnospermae,1,
Enzonalasporites vigens,species,Enzonalasporites,,,,Gymnospermae,1,
Verrucosisporites,genus,Verrucosisporites,,,Polypodiopsida,Pteridophyta,1,
Cycadopites fragilis,species,Cycadopites,,,,Cycadophyta,1,
Cycadopites,genus,Cycadopites,,,,Cycadophyta,1,
Klausipollenites,genus,Klausipollenites,,,,,1,
Equisetosporites,genus,Equisetosporites,,Ephedrales,Ginkgoopsida,Ginkgophyta,1,
Podozamites,genus,Podozamites,Podocarpaceae,Coniferales,,Gymnospermae,1,
Camptopteris,genus,Camptopteris,,,,,1,
Araucarioxylon,genus,Araucarioxylon,Araucariaceae,,Equisetopsida,Equisetophyta,1,
Macrotaeniopteris,genus,Macrotaeniopteris,,,,Cycadophyta,1,
Zamites powelli,species,Zamites,,Bennettitales,Pteropsida,Gymnospermae,1,dataset_interno_ordine_to_classe
Cynepteris,genus,Cynepteris,,,,Pteridophyta,1,
Alethopteris whitneyi,species,Pecopteris (Alethopteris),,,Pteropsida,Pteridophyta,1,
Zamites truncatus,species,Zamites,,Bennettitales,Pteropsida,Gymnospermae,1,dataset_interno_ordine_to_classe
Desmiophyllum,genus,Desmiophyllum,,Coniferales,,Gymnospermae,1,
Noeggerathiopsis,genus,Noeggerathiopsis,Cordaitaceae,,Cordaitopsida,Gymnospermae,1,
Macropterygium,genus,Macropterygium,,,,Cycadophyta,1,
Solenopora urgoniana,species,Solenopora,Solenoporaceae,,Rhodophyceae,Rhodophyta,1,
Aphlebia,genus,Aphlebia,,,,,1,
Permocalculus,genus,Permocalculus,Gymnocodiaceae,,Rhodophyceae,Rhodophyta,1,
Acrostichites linnaeaefolius,species,Acrostichites,Osmundaceae,,Polypodiopsida,Pteridophyta,1,
Dicranopteris,genus,Dicranopteris,Gleicheniaceae,,Polypodiopsida,Pteridophyta,1,
Isoetodendron striata,species,Isoetodendron,,Isoetales,Lycopodiopsida,Lycopodiophyta,1,
Lonchopteris oblonga,species,Lonchopteris,,,,Pteridophyta,1,
Taeniopteris crassinervis,species,Taeniopteris,,Cycadales,Cycadopsida,Cycadophyta,1,
Macrotaeniopteris magnifolia,species,Macrotaeniopteris,,,,Cycadophyta,1,
Plicarizamites lanceolatus,species,Plicarizamites,,,,,1,
Podozamites lanceolatus,species,Podozamites,Podocarpaceae,Coniferales,,Gymnospermae,1,
Podozamites tenuistriatus,species,Podozamites,Podocarpaceae,Coniferales,,Gymnospermae,1,
Primaraucaria,genus,Primaraucaria,Araucariaceae,,Equisetopsida,Equisetophyta,1,
Stangerites,genus,Stangerites,,Cycadales,Cycadopsida,Cycadophyta,1,
Sanmiguelia,genus,Sanmiguelia,Arecaceae,,,Angiospermae,1,
Cladophlebis auriculata,species,Cladophlebis,,,Polypodiopsida,Pteridophyta,1,
Pecopteris rarinervis,species,Pecopteris,,,Pteropsida,Pteridophyta,1,
Pterophyllum affine,species,Pterophyllum,,Bennettitales,Pteropsida,Gymnospermae,1,dataset_interno_ordine_to_classe
Eoginkgoites,genus,Eoginkgoites,,Ginkgoales,Ginkgoopsida,Ginkgophyta,1,
Canna magnifolia,species,Canna,Cannaceae,Zingiberales,,Angiospermae,1,
Sabal montana,species,Sabal,Arecaceae,,,Angiospermae,1,
Phyllites ratonensis,species,Phyllites,Proteaceae,Proteales,,Angiospermae,1,
Salix,genus,Salix,Salicaceae,Malpighiales,,Angiospermae,1,
Cinnamomum,genus,Cinnamomum,Lauraceae,Laurales,,Angiospermae,1,
Sequoia,genus,Sequoia,Cupressaceae,Coniferales,,Gymnospermae,1,
Sabalites,genus,Sabalites,Arecaceae,,,Angiospermae,1,
Ficus planicostata,species,Ficus,Moraceae,,,Angiospermae,1,
Ficus,genus,Ficus,Moraceae,,,Angiospermae,1,
Cissus marginata,species,Cissus,Vitaceae,Vitales,,Angiospermae,1,
Araucarites,genus,Araucarites,Araucariaceae,,Equisetopsida,Equisetophyta,1,
Dryophyllum,genus,Dryophyllum,Nothofagaceae,Fagales,,Angiospermae,1,
Laurophyllum,genus,Laurophyllum,Lauraceae,Laurales,,Angiospermae,1,
Dillenites,genus,Dillenites,Dilleniaceae,Dilleniales,,Angiospermae,1,
Cercidiphyllum,genus,Cercidiphyllum,Cercidiphyllaceae,Saxifragales,,Angiospermae,1,
Quercus viburnifolia,species,Quercus,Fagaceae,Fagales,,Angiospermae,1,
Thaumatoporella,genus,Thaumatoporella,,Thaumatoporellales,,Chlorophyta,1,
Zamites gigas,species,Zamites,,Bennettitales,Pteropsida,Gymnospermae,1,dataset_interno_ordine_to_classe
Williamsonia gigas,species,Williamsonia,,Bennettitales,Pteropsida,Gymnospermae,1,dataset_interno_ordine_to_classe
Bucklandia,genus,Bucklandia,,Cycadales,Cycadopsida,Cycadophyta,1,
Eretmophyllum,genus,Eretmophyllum,,Ginkgoales,Ginkgoopsida,Ginkgophyta,1,
Brachyphyllum mamillare,species,Brachyphyllum,Araucariaceae,,Equisetopsida,Equisetophyta,1,
Solenites,genus,Solenites,,Czekanowskiales,Ginkgoopsida,Ginkgophyta,1,
Paracycas cteis,species,Paracycas,,Cycadales,Cycadopsida,Cycadophyta,1,
Ctenozamites cycadea,species,Ctenozamites,,Cycadales,Cycadopsida,Cycadophyta,1,
Ctenozamites,genus,Ctenozamites,,Cycadales,Cycadopsida,Cycadophyta,1,
Taeniopteris vittata,species,Taeniopteris,,Cycadales,Cycadopsida,Cycadophyta,1,
Bucklandia bucklandii,species,Bucklandia,,Cycadeoideales,Cycadeoideopsida,Cycadeoideophyta,1,
Brachyphyllum expansum,species,Brachyphyllum,Araucariaceae,,Equisetopsida,Equisetophyta,1,
Masculostrobus,genus,Masculostrobus,,,,Spermatophyta,1,
Carpolithes,genus,Carpolithes,,,,,1,
Phyllites,genus,Phyllites,Proteaceae,Proteales,,Angiospermae,1,
Aspidistes thomasi,species,Aspidistes,,Filicales,Polypodiopsida,Pteridophyta,1,
Cladophlebis haiburnensis,species,Cladophlebis,,,Polypodiopsida,Pteridophyta,1,
Eboracia lobifolia,species,Eboracia,,,,Pteridophyta,1,
Selenocarpus muensterianus,species,Selenocarpus,Gleicheniaceae,,Polypodiopsida,Pteridophyta,1,
Stachypteris spicans,species,Stachypteris,,,,Pteridophyta,1,
Todites williamsoni,species,Todites,Osmundaceae,,Polypodiopsida,Pteridophyta,1,
Anomozamites thomasi,species,Anomozamites,,Bennettitales,Pteropsida,Gymnospermae,1,dataset_interno_ordine_to_classe
Otozamites parallelus,species,Otozamites,,Bennettitales,Pteropsida,Gymnospermae,1,dataset_interno_ordine_to_classe
Pterophyllum thomasi,species,Pterophyllum,,Bennettitales,Pteropsida,Gymnospermae,1,dataset_interno_ordine_to_classe
Ptilophyllum pecten,species,Ptilophyllum,,Bennettitales,Pteropsida,Gymnospermae,1,dataset_interno_ordine_to_classe
Eretmophyllum pubescens,species,Eretmophyllum,,Ginkgoales,Ginkgoopsida,Ginkgophyta,1,
Pseudotorellia,genus,Pseudotorellia,,,,,1,
Bilsdalea dura,species,Bilsdalea,,Coniferales,,Gymnospermae,1,
Marskea,genus,Marskea,,,Taxopsida,Spermatophyta,1,
Pagiophyllum kurrii,species,Pagiophyllum,Araucariaceae,,Equisetopsida,Equisetophyta,1,
Osmundopsis,genus,Osmundopsis,Osmundaceae,,Polypodiopsida,Pteridophyta,1,
Sphenarion,genus,Sphenarion,,Czekanowskiales,Ginkgoopsida,Ginkgophyta,1,
Pityocladus,genus,Pityocladus,,,,Coniferophyta,1,
Parachaetetes cassiana,species,Parachaetetes,Solenoporaceae,,Rhodophyceae,Rhodophyta,1,
Allicospermum,genus,Allicospermum,,,,Gymnospermae,1,
Taxodioxylon,genus,Taxodioxylon,Cupressaceae,Coniferales,,Gymnospermae,1,
Grammaephloios,genus,Grammaephloios,,Lycopodiales,Lycopodiopsida,Lycopodiophyta,1,
Lonchopteris virginiensis,species,Lonchopteris,,,,Pteridophyta,1,
Glyptolepis,genus,Glyptolepis,,Coniferales,,Gymnospermae,1,
Compsostrobus neotericus,species,Compsostrobus,Compsostrobaceae,Coniferales,,Gymnospermae,1,
Phoenicopsis,genus,Phoenicopsis,,Czekanowskiales,Ginkgoopsida,Ginkgophyta,1,
Aspidistes,genus,Aspidistes,,Filicales,Polypodiopsida,Pteridophyta,1,
Dichopteris,genus,Dichopteris,,Filicales,Polypodiopsida,Pteridophyta,1,
Nilssonia brevis,species,Nilsonia,,Cycadales,Cycadopsida,Cycadophyta,1,
Masculostrobus zeilleri,species,Masculostrobus,,,,Spermatophyta,1,
Hirmeriella,genus,Hirmeriella,Cheirolepidiaceae,,Equisetopsida,Equisetophyta,1,
Otozamites pterophylloides,species,Otozamites,,Bennettitales,Pteropsida,Gymnospermae,1,dataset_interno_ordine_to_classe
Palaeocyparis,genus,Palaeocyparis,,,,Spermatophyta,1,
Yuccites,genus,Yuccites,,,,,1,
Cycadeospermum,genus,Cycadeospermum,,Bennettitales,Pteropsida,Gymnospermae,1,dataset_interno_ordine_to_classe
Scleropteris pomelii,species,Scleropteris,,,,Pteridophyta,1,
Sequoiopsis buvignieri,species,Sequoiopsis,,Coniferales,,Gymnospermae,1,
Sequoiopsis,genus,Sequoiopsis,,Coniferales,,Gymnospermae,1,
Widdringtonites gracilis,species,Widdringtonites,,Pinales,Pinopsida,Spermatophyta,1,
Apoldia,genus,Apoldia,,Cycadales,Cycadopsida,Cycadophyta,1,
Furcifolium,genus,Furcifolium,,,,Ginkgophyta,1,
Paracycas,genus,Paracycas,,Cycadales,Cycadopsida,Cycadophyta,1,
Cycadolepis villosa,species,Cycadolepis,,Bennettitales,Pteropsida,Gymnospermae,1,dataset_interno_ordine_to_classe
Cupressinocladus,genus,Cupressinocladus,Cheirolepidiaceae,,Equisetopsida,Equisetophyta,1,
Cupressinoxylon,genus,Cupressinoxylon,,Coniferales,,Gymnospermae,1,
Changarniera inquirenda,species,Changarniera,,,,,1,
Changarniera,genus,Changarniera,,,,,1,
Condylites,genus,Condylites,,,,Spermatophyta,1,
Ctenopteris,genus,Ctenopteris,,,,Cycadophyta,1,
Cladophlebis microphylla,species,Cladophlebis,,,Polypodiopsida,Pteridophyta,1,
Samaropsis,genus,Samaropsis,,Coniferales,,Gymnospermae,1,
Scleropteris,genus,Scleropteris,,,,Pteridophyta,1,
Platylepis,genus,Platylepis,,,,Cycadophyta,1,
Palaeospadix,genus,Palaeospadix,Arecaceae,,,Angiospermae,1,
Pterophyllum fragile,species,Pterophyllum,,Bennettitales,Pteropsida,Gymnospermae,1,dataset_interno_ordine_to_classe
Pterophyllum inaequale,species,Pterophyllum,,Bennettitales,Pteropsida,Gymnospermae,1,dataset_interno_ordine_to_classe
Pterophyllum longifolium,species,Pterophyllum,,Bennettitales,Pteropsida,Gymnospermae,1,dataset_interno_ordine_to_classe
Furcifolium longifolium,species,Furcifolium,,,,Ginkgophyta,1,
Athrotaxites lycopodioides,species,Athrotaxites,,Coniferales,,Gymnospermae,1,
Callitris,genus,Callitris,Cupressaceae,Coniferales,,Gymnospermae,1,
Podozamites pulchellus,species,Podozamites,Podocarpaceae,Coniferales,,Gymnospermae,1,
Condylites squamatus,species,Condylites,,,,Spermatophyta,1,
Cladophlebis browniana,species,Cladophlebis,,,Polypodiopsida,Pteridophyta,1,
Stellapollenites,genus,Stellapollenites,,,,,1,
Calamospora,genus,Calamospora,,,Sphenopsida,Sphenophyta,1,
Punctatisporites,genus,Punctatisporites,,,,,1,
Baculatisporites,genus,Baculatisporites,Osmundaceae,,Polypodiopsida,Pteridophyta,1,
Apiculatisporis,genus,Apiculatisporis,,,,Pteridophyta,1,
Limitisporites,genus,Limitisporites,,,,,1,
Voltziaceaesporites,genus,Voltziaceaesporites,,Coniferales,,Gymnospermae,1,
Thinnfeldia rhomboidalis,species,Thinnfeldia,,Pteridospermales,Cycadopsida,Cycadophyta,1,
Thinnfeldia,genus,Thinnfeldia,,Pteridospermales,Cycadopsida,Cycadophyta,1,
Ctenopteris cycadea,species,Ctenopteris,,,,Cycadophyta,1,
Pterophyllum aequale,species,Pterophyllum,,Bennettitales,Pteropsida,Gymnospermae,1,dataset_interno_ordine_to_classe
Podozamites distans,species,Podozamites,Podocarpaceae,Coniferales,,Gymnospermae,1,
Schizolepis,genus,Schizolepis,,Coniferales,,Gymnospermae,1,
Lomatopteris,genus,Lomatopteris,,,,Pteridophyta,1,
Hepaticites,genus,Hepaticites,,,Hepaticae,Bryophyta,1,
Phialopteris tenera,species,Phialopteris,,,,Pteridophyta,1,
Clathropteris meniscioides,species,Clathropteris,Polypodiaceae,,Polypodiopsida,Pteridophyta,1,
Podozamites schenki,species,Podozamites,Podocarpaceae,Coniferales,,Gymnospermae,1,
Swedenborgia cryptomerides,species,Swedenborgia,,,,Coniferophyta,1,
Marzaria paroliniana,species,Marzaria,,,,Pteridophyta,1,
Pseudosagenopteris,genus,Pseudosagenopteris,,Caytoniales,Ginkgoopsida,Ginkgophyta,1,
Trevisania furcellata,species,Trevisania,,,,,1,
Dichopteris visianica,species,Dichopteris,,Filicales,Polypodiopsida,Pteridophyta,1,
Dactylethrophyllum peristictum,species,Dactylethrophyllum,,Coniferales,,Gymnospermae,1,
Stachyotaxus,genus,Stachyotaxus,Palissyaceae,Coniferales,,Gymnospermae,1,
Alisporites grauvogeli,species,Alisporites,,,,Gymnospermae,1,
Chordasporites,genus,Chordasporites,,,,,1,
Deltoidospora minor,species,Deltoidospora,,,Pteridopsida,Pteridophyta,1,
Concavisporites,genus,Concavisporites,,,,Pteridophyta,1,
Granulatisporites,genus,Granulatisporites,,,Pteridopsida,Pteridophyta,1,
Leptolepidites crassibalteus,species,Leptolepidites,Blechnaceae,,Polypodiopsida,Pteridophyta,1,
Leptolepidites macroverrucosus,species,Leptolepidites,Blechnaceae,,Polypodiopsida,Pteridophyta,1,
Duplexisporites problematicus,species,Duplexisporites,,,,Pteridophyta,1,
Foveosporites,genus,Foveosporites,,Selaginellales,Lycopodiopsida,Lycopodiophyta,1,
Murospora,genus,Murospora,,,,Pteridophyta,1,
Matonisporites phlebopteroides,species,Matonisporites,,,Pteridopsida,Pteridophyta,1,
Densoisporites,genus,Densoisporites,,Selaginellales,Lycopodiopsida,Lycopodiophyta,1,
Styxisporites,genus,Styxisporites,,,Lycopsida,Pteridophyta,1,
Monolites,genus,Monolites,,,Pteridopsida,Pteridophyta,1,
Bennettiteaepollenites,genus,Bennettiteaepollenites,,Bennettitales,Pteropsida,Gymnospermae,1,dataset_interno_ordine_to_classe
Cycadopites follicularis,species,Cycadopites,,,,Cycadophyta,1,
Cerebropollenites macroverrucosus,species,Cerebropollenites,,,,Gymnospermae,1,
Callialasporites,genus,Callialasporites,Podocarpaceae,Coniferales,,Gymnospermae,1,
Classopollis meyeriana,species,Classopollis,Cheirolepidiaceae,,Equisetopsida,Equisetophyta,1,
Classopollis,genus,Classopollis,Cheirolepidiaceae,,Equisetopsida,Equisetophyta,1,
Classopollis simplex,species,Classopollis,Cheirolepidiaceae,,Equisetopsida,Equisetophyta,1,
Podocarpidites,genus,Podocarpidites,Podocarpaceae,Coniferales,,Gymnospermae,1,
Gleichenia,genus,Gleichenia,Gleicheniaceae,,Polypodiopsida,Pteridophyta,1,
Otozamites bengalensis,species,Otozamites,,Bennettitales,Pteropsida,Gymnospermae,1,dataset_interno_ordine_to_classe
Poacordaites,genus,Poacordaites,,,,Pteridophyta,1,
Walchia,genus,Walchia,,,,Coniferophyta,1,
Ullmannia,genus,Ullmannia,,,,,1,
Deltolepis,genus,Deltolepis,,,Cycadopsida,Cycadophyta,1,
Pterophyllum jaegeri,species,Pterophyllum,,Bennettitales,Pteropsida,Gymnospermae,1,dataset_interno_ordine_to_classe
Williamsoniella,genus,Williamsoniella,,Bennettitales,Pteropsida,Gymnospermae,1,dataset_interno_ordine_to_classe
Hirmeriella muensteri,species,Hirmeriella,Cheirolepidiaceae,,Equisetopsida,Equisetophyta,1,
Ctenidiopsis grojecensis,species,Ctenidiopsis,,,,,1,
Ctenidiopsis,genus,Ctenidiopsis,,,,,1,
Gonatosorus nathorstii,species,Gonatosorus,,,,,1,
Hymenophyllites,genus,Hymenophyllites,,Filicales,Polypodiopsida,Pteridophyta,1,
Osmundopsis sturii,species,Osmundopsis,Osmundaceae,,Polypodiopsida,Pteridophyta,1,
Otozamites obtusus,species,Otozamites,,Bennettitales,Pteropsida,Gymnospermae,1,dataset_interno_ordine_to_classe
Czekanowskia setacea,species,Czekanowskia,,Czekanowskiales,Ginkgoopsida,Ginkgophyta,1,
Pityophyllum,genus,Pityophyllum,,,Gnetopsida,Gnetophyta,1,
Ixostrobus siemiradzkii,species,Ixostrobus,,Czekanowskiales,Ginkgoopsida,Ginkgophyta,1,
Podozamites knowltoni,species,Podozamites,Podocarpaceae,Coniferales,,Gymnospermae,1,
Schizolepis braunii,species,Schizolepis,,Coniferales,,Gymnospermae,1,
Goeppertella,genus,Goeppertella,,,,Pteridophyta,1,
Stachyotaxus septentrionalis,species,Stachyotaxus,Palissyaceae,Coniferales,,Gymnospermae,1,
Neuropteridium,genus,Neuropteridium,,,Pteropsida,Pteridophyta,1,
Scoresbya dentata,species,Scoresbya,,Caytoniales,Ginkgoopsida,Ginkgophyta,1,
Scoresbya,genus,Scoresbya,,Caytoniales,Ginkgoopsida,Ginkgophyta,1,
Pagiophyllum newberryi,species,Pagiophyllum,Araucariaceae,,Equisetopsida,Equisetophyta,1,
Otozamites macombii,species,Otozamites,,Bennettitales,Pteropsida,Gymnospermae,1,dataset_interno_ordine_to_classe
Zamites occidentalis,species,Zamites,,Bennettitales,Pteropsida,Gymnospermae,1,dataset_interno_ordine_to_classe
Lonchopteris,genus,Lonchopteris,,,,Pteridophyta,1,
Dinophyton,genus,Dinophyton,,,,Gymnospermae,1,
Pterophyllum propinquum,species,Pterophyllum,,Bennettitales,Pteropsida,Gymnospermae,1,dataset_interno_ordine_to_classe
Clathropteris platyphylla,species,Clathropteris,Polypodiaceae,,Polypodiopsida,Pteridophyta,1,
Taeniopteris stenoneura,species,Taeniopteris,,Cycadales,Cycadopsida,Cycadophyta,1,
Stenixys cosmarioides,species,Stenixys,Desmidiaceae,,,,1,
Podozamites mucronatus,species,Podozamites,Podocarpaceae,Coniferales,,Gymnospermae,1,
Otozamites latior,species,Otozamites,,Bennettitales,Pteropsida,Gymnospermae,1,dataset_interno_ordine_to_classe
Pagiophyllum peregrinum,species,Pagiophyllum,Araucariaceae,,Equisetopsida,Equisetophyta,1,
Yuccites vogesiacus,species,Yuccites,,,,,1,
Endolepis,genus,Endolepis,,,,,1,
Adiantites,genus,Adiantites,Polypodiaceae,,Polypodiopsida,Pteridophyta,1,
Cladophlebis heterophylla,species,Cladophlebis,,,Polypodiopsida,Pteridophyta,1,
Anotopteris distans,species,Anotopteris,,,,Pteridophyta,1,
Crossotheca,genus,Crossotheca,,,,Pteridospermophyta,1,
Macropterygium bronnii,species,Macropterygium,,,,Cycadophyta,1,
Dioonitocarpidium,genus,Dioonitocarpidium,,,,Cycadophyta,1,
Athrotaxites,genus,Athrotaxites,,Coniferales,,Gymnospermae,1,
Aethophyllum,genus,Aethophyllum,,,,Gymnospermae,1,
Pterophyllum brevipenne,species,Pterophyllum,,Bennettitales,Pteropsida,Gymnospermae,1,dataset_interno_ordine_to_classe
Algacites,genus,Algacites,,,Algae,,1,
Clathrophyllum,genus,Clathrophyllum,,,,,1,
Palaeogleichenia gracilis,species,Palaeogleichenia,,,Pteropsida,Pteridophyta,1,
Echinostachys,genus,Echinostachys,,,,,1,
Anomopteris mougeotii,species,Anomopteris,,,Pteropsida,Pteridophyta,1,
Pecopteris sulziana,species,Pecopteris,,,Pteropsida,Pteridophyta,1,
Crematopteris typica,species,Crematopteris,,,,,1,
Zamites vogesiacus,species,Zamites,,Bennettitales,Pteropsida,Gymnospermae,1,dataset_interno_ordine_to_classe
Aethophyllum stipulare,species,Aethophyllum,,,,Gymnospermae,1,
Albertia,genus,Albertia,,,,Coniferophyta,1,
Darneya,genus,Darneya,,,,Gymnospermae,1,
Sertostrobus laxus,species,Sertostrobus,,,,Gymnospermae,1,
Lesangeana voltzii,species,Lesangeana,,,,,1,
Lepidodendrites,genus,Lepidodendrites,,,Pteridopsida,Pteridophyta,1,
Sphalmopteris,genus,Sphalmopteris,,,,,1,
Ptilophyllum acutifolium,species,Ptilophyllum,,Bennettitales,Pteropsida,Gymnospermae,1,dataset_interno_ordine_to_classe
Ptilophyllum cutchense,species,Ptilophyllum,,Bennettitales,Pteropsida,Gymnospermae,1,dataset_interno_ordine_to_classe
Rhacopteris,genus,Rhacopteris,,,,Pteridophyta,1,
Speirocarpus,genus,Speirocarpus,,,,,1,
Cephalotaxites,genus,Cephalotaxites,,Coniferales,,Gymnospermae,1,
Oligocarpia,genus,Oligocarpia,Gleicheniaceae,,Polypodiopsida,Pteridophyta,1,
Pseudodanaeopsis plana,species,Pseudodanaeopsis,,,,Pteridophyta,1,
Pseudodanaeopsis,genus,Pseudodanaeopsis,,,,Pteridophyta,1,
Nilsonia parvula,species,Nilsonia,,Cycadales,Cycadopsida,Cycadophyta,1,
Leguminanthus siliquosus,species,Leguminanthus,,Bennettitales,Pteropsida,Gymnospermae,1,dataset_interno_ordine_to_classe
Dioonitocarpidium pennaeformis,species,Dioonitocarpidium,,,,Cycadophyta,1,
Pseudoptilophyllum titzei,species,Pseudoptilophyllum,,,,Cycadophyta,1,
Lunzia austriaca,species,Lunzia,,,,Cycadophyta,1,
Haitingeria krasseri,species,Haitingeria,,Cycadales,Cycadopsida,Cycadophyta,1,
Pramelreuthia haberfelneri,species,Pramelreuthia,,,,Cycadophyta,1,
Sturiella langeri,species,Sturiella,,Bennettitales,Pteropsida,Gymnospermae,1,dataset_interno_genere_to_classe
Discostrobus,genus,Discostrobus,,,,,1,
Antholithes,genus,Antholithes,,,,,1,
Bennetticarpus,genus,Bennetticarpus,,Bennettitales,Pteropsida,Gymnospermae,1,dataset_interno_ordine_to_classe
Westersheimia pramelreuthensis,species,Westersheimia,,,,Cycadophyta,1,
Bernoullia,genus,Bernoullia,,,,Pteridophyta,1,
Weichselia reticulata,species,Weichselia,,Filicales,Polypodiopsida,Pteridophyta,1,
Rhacophyllum,genus,Rhacophyllum,,,,,1,
Williamsonianthus keuperianus,species,Williamsonianthus,,Bennettitales,Pteropsida,Gymnospermae,1,dataset_interno_ordine_to_classe
Leuthardtia ovalis,species,Leuthardtia,Glossophyllaceae,,,Pteridospermophyta,1,
Paradoxoxylon,genus,Paradoxoxylon,,,,Gymnospermae,1,
Neuropteris,genus,Neuropteris,Medullosaceae,,,Tracheophyta,1,
Neuropteridium grandifolium,species,Neuropteridium,,,Pteropsida,Pteridophyta,1,
Chelepteris voltzii,species,Chelepteris,,,Pteridopsida,Pteridophyta,1,
Cordaites hislopi,species,Cordaites,,Cordaitanthales,Pinopsida,Spermatophyta,1,
Trigonocarpus,genus,Trigonocarpus,,,,,1,
Rhabdocarpos,genus,Rhabdocarpos,,,,,1,
Pecopteris (Alethopteris),subgenus,Pecopteris (Alethopteris),,,Pteropsida,Pteridophyta,1,
Pterophyllum rajmahalense,species,Pterophyllum,,Bennettitales,Pteropsida,Gymnospermae,1,dataset_interno_ordine_to_classe
Glossopteris,genus,Glossopteris,,Arberiales,Arberiopsida,Peltaspermophyta,1,
Cordaites,genus,Cordaites,,Cordaitanthales,Pinopsida,Spermatophyta,1,
Artisia,genus,Artisia,Cordaitaceae,,Cordaitopsida,Gymnospermae,1,
Annalepis zeilleri,species,Annalepis,,,,Lycophyta,1,
Pterophyllum morrisianum,species,Pterophyllum,,Bennettitales,Pteropsida,Gymnospermae,1,dataset_interno_ordine_to_classe
Perezlaria oaxacensis,species,Perezlaria,,,,Pteridospermophyta,1,
Albertia latifolia,species,Albertia,,,,Coniferophyta,1,
Lepidostrobus,genus,Lepidostrobus,,Coniferales,,Gymnospermae,1,
Endolepis vulgaris,species,Endolepis,,,,,1,
Cladophlebis hirta,species,Cladophlebis,,,Polypodiopsida,Pteridophyta,1,
Pagiophyllum falcatum,species,Pagiophyllum,Araucariaceae,,Equisetopsida,Equisetophyta,1,
Pityophyllum nordenskioeldi,species,Pityophyllum,,,Gnetopsida,Gnetophyta,1,
Pityospermum,genus,Pityospermum,,,,,1,
Onychiopsis psilotoides,species,Onychiopsis,Polypodiaceae,,Polypodiopsida,Pteridophyta,1,
Cerebropollenites,genus,Cerebropollenites,,,,Gymnospermae,1,
Exesipollenites tumulosus,species,Exesipollenites,,,,Gymnospermae,1,
Callialasporites segmentatus,species,Callialasporites,Podocarpaceae,Coniferales,,Gymnospermae,1,
Callialasporites turbatus,species,Callialasporites,Podocarpaceae,Coniferales,,Gymnospermae,1,
Araucariacites australis,species,Araucariacites,Araucariaceae,,Equisetopsida,Equisetophyta,1,
Araucariacites fissus,species,Araucariacites,Araucariaceae,,Equisetopsida,Equisetophyta,1,
Microcachrydites,genus,Microcachrydites,Podocarpaceae,Coniferales,,Gymnospermae,1,
Gleichenites gracilis,species,Gleichenites,Gleicheniaceae,,Polypodiopsida,Pteridophyta,1,
Pachylepis quinquies,species,Pachylepis,,Coniferales,,Gymnospermae,1,
Baieroxylon graminovillae,species,Baieroxylon,,Ginkgoales,Ginkgoopsida,Ginkgophyta,1,
Schizopteris,genus,Schizopteris,,,Polypodiopsida,Pteridophyta,1,
Baieroxylon implexum,species,Baieroxylon,,Ginkgoales,Ginkgoopsida,Ginkgophyta,1,
Dadoxylon,genus,Dadoxylon,Araucariaceae,,Equisetopsida,Equisetophyta,1,
Chiropteris digitata,species,Chiropteris,,Pteridospermales,Cycadopsida,Cycadophyta,1,
Chelepteris,genus,Chelepteris,,,Pteridopsida,Pteridophyta,1,
Ruehleostachys,genus,Ruehleostachys,,Coniferales,,Gymnospermae,1,
Bucklandiopsis ovalis,species,Bucklandiopsis,,,,Cycadophyta,1,
Tricranolepis monosperma,species,Tricranolepis,,Coniferales,,Gymnospermae,1,
Tricranolepis,genus,Tricranolepis,,Coniferales,,Gymnospermae,1,
Cladophlebis remota,species,Cladophlebis,,,Polypodiopsida,Pteridophyta,1,
Apoldia tenera,species,Apoldia,,Cycadales,Cycadopsida,Cycadophyta,1,
Cycadophyllum elegans,species,Cycadophyllum,,,,Cycadophyta,1,
Glyptolepis keuperiana,species,Glyptolepis,,Coniferales,,Gymnospermae,1,
Thuites,genus,Thuites,Cupressaceae,Coniferales,,Gymnospermae,1,
Pseudocycas,genus,Pseudocycas,,Bennettitales,Pteropsida,Gymnospermae,1,dataset_interno_ordine_to_classe
Zamites tenuinervis,species,Zamites,,Bennettitales,Pteropsida,Gymnospermae,1,dataset_interno_ordine_to_classe
Sequoia condita,species,Sequoia,Cupressaceae,Coniferales,,Gymnospermae,1,
Populites,genus,Populites,Salicaceae,Malpighiales,,Angiospermae,1,
Ficus ovatifolia,species,Ficus,Moraceae,,,Angiospermae,1,
Trochodendroides,genus,Trochodendroides,Cercidiphyllaceae,Saxifragales,,Angiospermae,1,
Cinnamomoides,genus,Cinnamomoides,,,,,1,
Celastrophyllum acutidens,species,Celastrophyllum,,,Magnoliopsida,Spermatophyta,1,
Araliaephyllum,genus,Araliaephyllum,Araliaceae,Apiales,,Angiospermae,1,
Fontainea,genus,Fontainea,Fabaceae,Fabales,,Angiospermae,1,
Williamsonia recentior,species,Williamsonia,,Bennettitales,Pteropsida,Gymnospermae,1,dataset_interno_ordine_to_classe
Magnolia,genus,Magnolia,Magnoliaceae,Magnoliales,,Angiospermae,1,
Alnites,genus,Alnites,Betulaceae,Fagales,,Angiospermae,1,
Aralia,genus,Aralia,Araliaceae,Apiales,,Angiospermae,1,
Cylindropodium liasinum,species,Cylindropodium,,,,Cycadophyta,1,
Ctenopteris insignis,species,Ctenopteris,,,,Cycadophyta,1,
Cladophlebis parva,species,Cladophlebis,,,Polypodiopsida,Pteridophyta,1,
Doratophyllum,genus,Doratophyllum,,,,Cycadophyta,1,
Gleichenites porsildi,species,Gleichenites,Gleicheniaceae,,Polypodiopsida,Pteridophyta,1,
Selaginellites,genus,Selaginellites,,,,Lycopodophyta,1,
Cladophlebis frigida,species,Cladophlebis,,,Polypodiopsida,Pteridophyta,1,
Menispermites reniformis,species,Menispermites,Menispermaceae,Ranunculales,,Angiospermae,1,
Platanus,genus,Platanus,Platanaceae,Proteales,,Angiospermae,1,
Phyllites asplenioides,species,Phyllites,Proteaceae,Proteales,,Angiospermae,1,
Menispermites potomacensis,species,Menispermites,Menispermaceae,Ranunculales,,Angiospermae,1,
Populus nebrascensis,species,Populus,Salicaceae,Malpighiales,,Angiospermae,1,
Ficus fontainii,species,Ficus,Moraceae,,,Angiospermae,1,
Paranymphaea crassifolia,species,Paranymphaea,Nymphaeaceae,Nymphaeales,,Angiospermae,1,
Metasequoia occidentalis,species,Metasequoia,Cupressaceae,Coniferales,,Gymnospermae,1,
Taeniopteris ensis,species,Taeniopteris,,Cycadales,Cycadopsida,Cycadophyta,1,
Drepanozamites,genus,Drepanozamites,,,Cycadopsida,Cycadophyta,1,
Lycostrobus,genus,Lycostrobus,,,,Lycopodophyta,1,
Cladophlebis spectabilis,species,Cladophlebis,,,Polypodiopsida,Pteridophyta,1,
Pterophyllum compressum,species,Pterophyllum,,Bennettitales,Pteropsida,Gymnospermae,1,dataset_interno_ordine_to_classe
Pseudopterophyllum cteniforme,species,Pseudopterophyllum,,,,Cycadophyta,1,
Palaeocycas integer,species,Palaeocycas,,,,Cycadophyta,1,
Bjuvia simplex,species,Bjuvia,,,,Cycadophyta,1,
Wielandiella angustifolia,species,Wielandiella,,Bennettitales,Pteropsida,Gymnospermae,1,dataset_interno_ordine_to_classe
Wielandiella,genus,Wielandiella,,Bennettitales,Pteropsida,Gymnospermae,1,dataset_interno_ordine_to_classe
Bennettistemon,genus,Bennettistemon,,Bennettitales,Pteropsida,Gymnospermae,1,dataset_interno_ordine_to_classe
Hydropterangium marsilioides,species,Hydropterangium,,,,Pteridophyta,1,
Hydropterangium,genus,Hydropterangium,,,,Pteridophyta,1,
Phyllotaenia,genus,Phyllotaenia,,,,Angiospermae,1,
Palaeotaxus,genus,Palaeotaxus,,Coniferales,,Gymnospermae,1,
Platanus raynoldsii,species,Platanus,Platanaceae,Proteales,,Angiospermae,1,
Cocculus flabella,species,Cocculus,Menispermaceae,Ranunculales,,Angiospermae,1,
Glyptostrobus europaeus,species,Glyptostrobus,Cupressaceae,Coniferales,,Gymnospermae,1,
Lycospora,genus,Lycospora,,,Lycopsida,Pteridophyta,1,
Endosporites,genus,Endosporites,,,,,1,
Sporites,genus,Sporites,,,,,1,
Protohaploxypinus,genus,Protohaploxypinus,,,,,1,
Strotersporites,genus,Strotersporites,,,,,1,
Lunatisporites,genus,Lunatisporites,,,,,1,
Falcisporites,genus,Falcisporites,,,,Gymnospermae,1,
Chlorellopsis coloniata,species,Chlorellopsis,,,,,1,
Brachydactylus,genus,Brachydactylus,,,,,1,
Marinella,genus,Marinella,Solenoporaceae,,Rhodophyceae,Rhodophyta,1,
Solenopora alcicornis,species,Solenopora,Solenoporaceae,,Rhodophyceae,Rhodophyta,1,
Dicotylophyllum anomalum,species,Dicotylophyllum,,,Magnoliopsida,Spermatophyta,1,
Cornophyllum,genus,Cornophyllum,Cornaceae,Cornales,,Angiospermae,1,
Pterospermites,genus,Pterospermites,Sterculiaceae,Malvales,,Angiospermae,1,
Amesoneuron,genus,Amesoneuron,Arecaceae,,,Angiospermae,1,
Cercidiphyllum genetrix,species,Cercidiphyllum,Cercidiphyllaceae,Saxifragales,,Angiospermae,1,
Ampelopsis acerifolia,species,Ampelopsis,Vitaceae,Vitales,,Angiospermae,1,
Nordenskioldia borealis,species,Nordenskioldia,Trochodendraceae,Trochodendrales,,Angiospermae,1,
Nelumbo,genus,Nelumbo,Nelumbonaceae,Proteales,,Angiospermae,1,
Ceratophyllum,genus,Ceratophyllum,Ceratophyllaceae,Ceratophyllales,,Angiospermae,1,
Limnobiophyllum scutatum,species,Limnobiophyllum,Lemnaceae,Arales,,Angiospermae,1,
Taxodium,genus,Taxodium,Cupressaceae,Coniferales,,Gymnospermae,1,
Platanites marginata,species,Platanites,Platanaceae,Proteales,,Angiospermae,1,
Paranymphaea,genus,Paranymphaea,Nymphaeaceae,Nymphaeales,,Angiospermae,1,
Grewiopsis,genus,Grewiopsis,Tiliaceae,Malvales,,Angiospermae,1,
Dryophyllum tennesseensis,species,Dryophyllum,Nothofagaceae,Fagales,,Angiospermae,1,
Marmarthia pearsonii,species,Marmarthia,Lauraceae,Laurales,,Angiospermae,1,
Porosia verrucosa,species,Porosia,Araceae,,,Angiospermae,1,
Parvisaccites,genus,Parvisaccites,Podocarpaceae,Coniferales,,Gymnospermae,1,
Classopollis torosus,species,Classopollis,Cheirolepidiaceae,,Equisetopsida,Equisetophyta,1,
Kraeuselisporites,genus,Kraeuselisporites,,,Lycopsida,Pteridophyta,1,
Polycingulatisporites,genus,Polycingulatisporites,,,,Pteridophyta,1,
Uvaesporites,genus,Uvaesporites,,,Lycopsida,Pteridophyta,1,
Perinopollenites elatoides,species,Perinopollenites,,,,Gymnospermae,1,
Triadispora crassa,species,Triadispora,,,,,1,
Dryophyllum subfalcatum,species,Dryophyllum,Nothofagaceae,Fagales,,Angiospermae,1,
Marmarthia trivialis,species,Marmarthia,Lauraceae,Laurales,,Angiospermae,1,
Rhamnus cleburni,species,Rhamnus,Rhamnaceae,Rosales,,Angiospermae,1,
Artocarpus lessigiana,species,Artocarpus,Moraceae,,,Angiospermae,1,
Vitis,genus,Vitis,Vitaceae,Vitales,,Angiospermae,1,
Cissites,genus,Cissites,Vitaceae,Vitales,,Angiospermae,1,
Dammarites,genus,Dammarites,Araucariaceae,,Equisetopsida,Equisetophyta,1,
Quereuxia angulata,species,Quereuxia,,,Magnoliopsida,Spermatophyta,1,
Vittatina,genus,Vittatina,,,,,1,
Guttulapollenites,genus,Guttulapollenites,,,,,1,
Ziziphus,genus,Ziziphus,Rhamnaceae,Rosales,,Angiospermae,1,
Carpites ulmiformis,species,Carpites,,,,,1,
Metasequoia,genus,Metasequoia,Cupressaceae,Coniferales,,Gymnospermae,1,
Balmeisporites,genus,Balmeisporites,Araucariaceae,,Equisetopsida,Equisetophyta,1,
Polypodiidites,genus,Polypodiidites,,Buxales,,Angiospermae,1,
Glyptostrobus,genus,Glyptostrobus,Cupressaceae,Coniferales,,Gymnospermae,1,
Aquilapollenites,genus,Aquilapollenites,,,,Magnoliophyta,1,
Trifossapollenites,genus,Trifossapollenites,,,,Magnoliophyta,1,
Erdtmanipollis,genus,Erdtmanipollis,Buxaceae,Buxales,,Angiospermae,1,
Cranwellia,genus,Cranwellia,,,,Magnoliophyta,1,
Momipites,genus,Momipites,Juglandaceae,Fagales,,Angiospermae,1,
Liliacidites,genus,Liliacidites,Liliaceae,,,Angiospermae,1,
Platanus latior,species,Platanus,Platanaceae,Proteales,,Angiospermae,1,
Cinnamomum hesperium,species,Cinnamomum,Lauraceae,Laurales,,Angiospermae,1,
Crassidenticulum,genus,Crassidenticulum,,Laurales,,Angiospermae,1,
Woodwardia crenata,species,Woodwardia,Blechnaceae,,Polypodiopsida,Pteridophyta,1,
Quercus stantoni,species,Quercus,Fagaceae,Fagales,,Angiospermae,1,
Pistia corrugata,species,Pistia,Araceae,,,Angiospermae,1,
Protophyllum,genus,Protophyllum,,,,,1,
Manihotites georgiana,species,Manihotites,Malvaceae,Malvales,,Angiospermae,1,
Paracredneria,genus,Paracredneria,,,,,1,
Persea hayana,species,Persea,Lauraceae,Laurales,,Angiospermae,1,
Montsechia vidali,species,Montsechia,,,,Angiospermae,1,
Boodlepteris,genus,Boodlepteris,Gleicheniaceae,,Polypodiopsida,Pteridophyta,1,
Detrusandra,genus,Detrusandra,,,,Angiospermae,1,
Mauldinia,genus,Mauldinia,Lauraceae,Laurales,,Angiospermae,1,
Allonia decandra,species,Allonia,Hamamelidaceae,Saxifragales,,Angiospermae,1,
Androdecidua endressii,species,Androdecidua,Hamamelidaceae,Saxifragales,,Angiospermae,1,
Protofagacea allonensis,species,Protofagacea,Fagaceae,Fagales,,Angiospermae,1,
Noferinia fusicarpa,species,Noferinia,,,,Angiospermae,1,
Microaltingia apocarpela,species,Microaltingia,Altingiaceae,Saxifragales,,Angiospermae,1,
Mabelia connatifila,species,Mabelia,Triuridaceae,Pandanales,,Angiospermae,1,
Mabelia archaia,species,Mabelia,Triuridaceae,Pandanales,,Angiospermae,1,
Nuhliantha nyanzaiana,species,Nuhliantha,Triuridaceae,Pandanales,,Angiospermae,1,
Platanocarpus elkneckensis,species,Platanocarpus,Platanaceae,Proteales,,Angiospermae,1,
Hamatia elkneckensis,species,Hamatia,Platanaceae,Proteales,,Angiospermae,1,
Platanocarpus brookensis,species,Platanocarpus,Platanaceae,Proteales,,Angiospermae,1,
Aquia brookensis,species,Aquia,Platanaceae,Proteales,,Angiospermae,1,
Platananthus,genus,Platananthus,Platanaceae,Proteales,,Angiospermae,1,
Platanocarpus marylandensis,species,Platanocarpus,Platanaceae,Proteales,,Angiospermae,1,
Platananthus hueberi,species,Platananthus,Platanaceae,Proteales,,Angiospermae,1,
Platanocarpus carolinensis,species,Platanocarpus,Platanaceae,Proteales,,Angiospermae,1,
Platananthus scanicus,species,Platananthus,Platanaceae,Proteales,,Angiospermae,1,
Platanocarpus,genus,Platanocarpus,Platanaceae,Proteales,,Angiospermae,1,
Septorella,genus,Septorella,,,,Charophyta,1,
Archaeanthus,genus,Archaeanthus,,,,Angiospermae,1,
Liriophyllum,genus,Liriophyllum,Magnoliaceae,Magnoliales,,Angiospermae,1,
Androvettia carolinensis,species,Androvettia,,Coniferales,,Gymnospermae,1,
Spiropteris,genus,Spiropteris,,,,,1,
Storgaardia,genus,Storgaardia,,,,Coniferophyta,1,
Celastrophyllum,genus,Celastrophyllum,,,Magnoliopsida,Spermatophyta,1,
Platanophyllum,genus,Platanophyllum,Platanaceae,Proteales,,Angiospermae,1,
Nymphaeites,genus,Nymphaeites,Nymphaeaceae,Nymphaeales,,Angiospermae,1,
Selenocarpus,genus,Selenocarpus,Gleicheniaceae,,Polypodiopsida,Pteridophyta,1,
Spanomera,genus,Spanomera,,Buxales,,Angiospermae,1,
Striatopollis paraneus,species,Striatopollis,,,Magnoliopsida,Spermatophyta,1,
Cronquistiflora sayrevillensis,species,Cronquistiflora,,,,Angiospermae,1,
Detrusandra mystagoga,species,Detrusandra,,,,Angiospermae,1,
Drewria potomacensis,species,Drewria,,Gnetales,Gnetopsida,Gnetophyta,1,
Geonomites,genus,Geonomites,Arecaceae,,,Angiospermae,1,
Coussapoa,genus,Coussapoa,Urticaceae,Rosales,,Angiospermae,1,
Aquilapollenites quadrilobus,species,Aquilapollenites,,,,Magnoliophyta,1,
Abietites,genus,Abietites,,Coniferales,,Gymnospermae,1,
Nellostrobus,genus,Nellostrobus,,,,,1,
Nellostrobus quadraticus,species,Nellostrobus,,,,,1,
Eboracia,genus,Eboracia,,,,Pteridophyta,1,
Araliopsoides cretacea,species,Araliopsoides,,,Dicotyledoneae,Angiospermae,1,
Laurus,genus,Laurus,Lauraceae,Laurales,,Angiospermae,1,
Prunus,genus,Prunus,Rosaceae,Rosales,,Angiospermae,1,
Staphylea,genus,Staphylea,Staphyleaceae,Crossosomatales,,Angiospermae,1,
Sparganium,genus,Sparganium,Sparganiaceae,Typhales,,Angiospermae,1,
Dryandroides lanceolata,species,Dryandroides,Proteaceae,Proteales,,Angiospermae,1,
Sassafras,genus,Sassafras,Lauraceae,Laurales,,Angiospermae,1,
Pterygopteris angelini,species,Pterygopteris,,,Polypodiopsida,Pteridophyta,1,
Sterculia mucronata,species,Sterculia,Malvaceae,Malvales,,Angiospermae,1,
Myrica nervosa,species,Myrica,Myricaceae,Fagales,,Angiospermae,1,
Phyllites dentata,species,Phyllites,Proteaceae,Proteales,,Angiospermae,1,
Salix cumberlandensis,species,Salix,Salicaceae,Malpighiales,,Angiospermae,1,
Aralia veatchii,species,Aralia,Araliaceae,Apiales,,Angiospermae,1,
Quercus,genus,Quercus,Fagaceae,Fagales,,Angiospermae,1,
Dewalquea pulchella,species,Dewalquea,,,,,1,
Nilsonia orientalis,species,Nilsonia,,Cycadales,Cycadopsida,Cycadophyta,1,
Radicites,genus,Radicites,,,,,1,
Tyrmia,genus,Tyrmia,,Bennettitales,Pteropsida,Gymnospermae,1,dataset_interno_ordine_to_classe
Archangelskya,genus,Archangelskya,,,,,1,
Caytonanthus,genus,Caytonanthus,Glossophyllaceae,,,Pteridospermophyta,1,
Nothodacrium,genus,Nothodacrium,Podocarpaceae,Coniferales,,Gymnospermae,1,
Schizolepidella,genus,Schizolepidella,,,,Marchantiophyta,1,
Mesodescolea,genus,Mesodescolea,,,,Pteridophyta,1,
Mesosingeria,genus,Mesosingeria,,Cycadales,Cycadopsida,Cycadophyta,1,
Ruflorinia,genus,Ruflorinia,,,,Pteridophyta,1,
Ticoa,genus,Ticoa,,,,,1,
Johnstonia,genus,Johnstonia,,,,Pteridophyta,1,
Diplasiophyllum,genus,Diplasiophyllum,,,,Pteridophyta,1,
Lebachia,genus,Lebachia,,,,Coniferophyta,1,
Zuberia,genus,Zuberia,,,,,1,
Walkomia,genus,Walkomia,,,,,1,
Carpolithus,genus,Carpolithus,,,,Angiospermae,1,
Podocarpus,genus,Podocarpus,Podocarpaceae,Coniferales,,Gymnospermae,1,
Pararaucaria,genus,Pararaucaria,Cheirolepidiaceae,,Equisetopsida,Equisetophyta,1,
Phellinites,genus,Phellinites,,,,,1,
Tomaxellia,genus,Tomaxellia,,Coniferales,,Gymnospermae,1,
Rhizomopteris,genus,Rhizomopteris,,Filicales,Polypodiopsida,Pteridophyta,1,
Lobifolia,genus,Lobifolia,,,,Pteridophyta,1,
Hyrcanopteris,genus,Hyrcanopteris,,Filicales,Polypodiopsida,Pteridophyta,1,
Strobilites,genus,Strobilites,,Coniferales,,Gymnospermae,1,
Allocladus,genus,Allocladus,,Coniferales,,Gymnospermae,1,
Hoegia,genus,Hoegia,,,,Pteridospermophyta,1,
Conites,genus,Conites,,Cycadeoideales,Cycadeoideopsida,Cycadeoideophyta,1,
Paracalamites,genus,Paracalamites,,,Sphenopsida,Sphenophyta,1,
Rhipidopsis,genus,Rhipidopsis,,,,Ginkgophyta,1,
Voltziopsis,genus,Voltziopsis,,,,,1,
Agathis,genus,Agathis,Araucariaceae,,Equisetopsida,Equisetophyta,1,
Carnoconites,genus,Carnoconites,,Pentoxylales,Ginkgoopsida,Ginkgophyta,1,
Stenorhachis,genus,Stenorhachis,,Coniferales,,Gymnospermae,1,
Sewardia,genus,Sewardia,,,,Cycadophyta,1,
Nagatostrobus,genus,Nagatostrobus,,,,,1,
Annulariopsis,genus,Annulariopsis,,Equisetales,Polypodiopsida,Pteridophyta,1,
Neozamites,genus,Neozamites,,,,,1,
Ixostrobus,genus,Ixostrobus,,Czekanowskiales,Ginkgoopsida,Ginkgophyta,1,
Annalepis,genus,Annalepis,,,,Lycophyta,1,
Raphaelia,genus,Raphaelia,,Filicales,Polypodiopsida,Pteridophyta,1,
Frenelopsis,genus,Frenelopsis,Cheirolepidiaceae,,Equisetopsida,Equisetophyta,1,
Paradoxopteris,genus,Paradoxopteris,,Filicales,Polypodiopsida,Pteridophyta,1,
Gonatosorus,genus,Gonatosorus,,,,,1,
Protoblechnum,genus,Protoblechnum,,,,Pteridophyta,1,
Palibiniopteris,genus,Palibiniopteris,,,Pteropsida,Pteridophyta,1,
Anomopteris,genus,Anomopteris,,,Pteropsida,Pteridophyta,1,
Crematopteris,genus,Crematopteris,,,,,1,
Cardiocarpus,genus,Cardiocarpus,,Cardiocarpales,,Spermatophyta,1,
Amdrupia,genus,Amdrupia,,,,Gymnospermae,1,
Zamiophyllum,genus,Zamiophyllum,,,,Cycadophyta,1,
Hsiangchiphyllum,genus,Hsiangchiphyllum,,,,,1,
Sinoctenis,genus,Sinoctenis,,,,Cycadophyta,1,
Arctobaiera,genus,Arctobaiera,,Czekanowskiales,Ginkgoopsida,Ginkgophyta,1,
Gangamopteris,genus,Gangamopteris,,,Dictyopteridiopsida,Peltaspermophyta,1,
Borysthenia,genus,Borysthenia,,,,Coniferophyta,1,
Psygmophyllum,genus,Psygmophyllum,,,,Ginkgophyta,1,
Hysterites,genus,Hysterites,,,,,1,
Weichselia,genus,Weichselia,,Filicales,Polypodiopsida,Pteridophyta,1,
Tomharrisia,genus,Tomharrisia,,,Taxopsida,Spermatophyta,1,
Macrotorellia,genus,Macrotorellia,,,,Cycadophyta,1,
Haiburnia,genus,Haiburnia,,Coniferales,,Gymnospermae,1,
Elatocladus kingianus,species,Elatocladus,Podocarpaceae,Coniferales,,Gymnospermae,1,
Pagiophyllum marwarensis,species,Pagiophyllum,Araucariaceae,,Equisetopsida,Equisetophyta,1,
Torreyites,genus,Torreyites,,Coniferales,,Gymnospermae,1,
Lorumformophyllum,genus,Lorumformophyllum,,,,,1,
Trambaua,genus,Trambaua,,,,,1,
Rhabdotaenia,genus,Rhabdotaenia,,,Dictyopteridiopsida,Peltaspermophyta,1,
Satsangia campanulata,species,Satsangia,,,,,1,
Lycoxylon,genus,Lycoxylon,,Lycopodiales,Lycopodiopsida,Lycopodiophyta,1,
Nitellites,genus,Nitellites,Characeae,Charales,,Charophyta,1,
Sphenobaiera janarensis,species,Sphenobaiera,,Ginkgoales,Ginkgoopsida,Ginkgophyta,1,
Desmiophyllum singhii,species,Desmiophyllum,,Coniferales,,Gymnospermae,1,
Elatocladus denticulatus,species,Elatocladus,Podocarpaceae,Coniferales,,Gymnospermae,1,
Elatocladus raoi,species,Elatocladus,Podocarpaceae,Coniferales,,Gymnospermae,1,
Pagiophyllum bosei,species,Pagiophyllum,Araucariaceae,,Equisetopsida,Equisetophyta,1,
Yabeiella indica,species,Yabeiella,,Cycadeoideales,Cycadeoideopsida,Cycadeoideophyta,1,
Keraiaphyllum,genus,Keraiaphyllum,,,,,1,
Vardekloeftia,genus,Vardekloeftia,,Bennettitales,Pteropsida,Gymnospermae,1,dataset_interno_ordine_to_classe
Thainguyenopteris,genus,Thainguyenopteris,,,Pteropsida,Pteridophyta,1,
Stachypteris,genus,Stachypteris,,,,Pteridophyta,1,
Parasequoia,genus,Parasequoia,,Coniferales,,Gymnospermae,1,
Endoa,genus,Endoa,Parkeriaceae,,,Pteridophyta,1,
Cladophlebidium,genus,Cladophlebidium,,,,,1,
Polypodites,genus,Polypodites,,,,Pteridophyta,1,
Leptostrobus,genus,Leptostrobus,,Czekanowskiales,Ginkgoopsida,Ginkgophyta,1,
Feildenia,genus,Feildenia,,Coniferales,,Gymnospermae,1,
Kenderlykia,genus,Kenderlykia,,,,,1,
Callipteridium,genus,Callipteridium,,,,,1,
Stormbergia,genus,Stormbergia,,Filicales,Polypodiopsida,Pteridophyta,1,
Tanaidocarpidium,genus,Tanaidocarpidium,,,,Gymnospermae,1,
Equisetina,genus,Equisetina,,,,,1,
Cladophlebis raciborskii,species,Cladophlebis,,,Polypodiopsida,Pteridophyta,1,
Cladophlebis paralobifolia,species,Cladophlebis,,,Polypodiopsida,Pteridophyta,1,
Ctenopteris punctata,species,Ctenopteris,,,,Cycadophyta,1,
Mesenteriophyllum kotschnevii,species,Mesenteriophyllum,,Pleuromeiales,,Lycophyta,1,
Mesenteriophyllum serratum,species,Mesenteriophyllum,,Pleuromeiales,,Lycophyta,1,
Pecopteris filatovae,species,Pecopteris,,,Pteropsida,Pteridophyta,1,
Prynadaia,genus,Prynadaia,,,Sphenopsida,Sphenophyta,1,
Sphenobaiera granulifer,species,Sphenobaiera,,Ginkgoales,Ginkgoopsida,Ginkgophyta,1,
Taeniopteridium glossopteroides,species,Taeniopteridium,,,,Cycadophyta,1,
Taeniopteris stankevichii,species,Taeniopteris,,Cycadales,Cycadopsida,Cycadophyta,1,
Leuthardtia,genus,Leuthardtia,Glossophyllaceae,,,Pteridospermophyta,1,
Ferganodendron sauktangensis,species,Ferganodendron,,,,Lycophyta,1,
Neocalamostachys sharovii,species,Neocalamostachys,,,,Sphenophyta,1,
Gleichenoides,genus,Gleichenoides,,,,,1,
Neocalamostachys,genus,Neocalamostachys,,,,Sphenophyta,1,
Baierella,genus,Baierella,,,,,1,
Squama,genus,Squama,,Coniferales,,Gymnospermae,1,
Cryptomerites,genus,Cryptomerites,,,,Coniferophyta,1,
Artocarpidium,genus,Artocarpidium,Moraceae,,,Angiospermae,1,
Heilungia,genus,Heilungia,,Cycadales,Cycadopsida,Cycadophyta,1,
Butefia,genus,Butefia,,,,,1,
Neokoretrophyllites,genus,Neokoretrophyllites,,Equisetales,Polypodiopsida,Pteridophyta,1,
Hissaropteris,genus,Hissaropteris,,,,,1,
Quadrocladus,genus,Quadrocladus,,Coniferales,,Gymnospermae,1,
Bilsdalea,genus,Bilsdalea,,Coniferales,,Gymnospermae,1,
Platylepidium,genus,Platylepidium,,,,,1,
Annalepis (Tomiostrobus),subgenus,Annalepis (Tomiostrobus),,,,Lycophyta,1,
Coniferites,genus,Coniferites,,,,,1,
Podocarpophyllum,genus,Podocarpophyllum,,,,,1,
Tuarella,genus,Tuarella,,,,,1,
Diplazites,genus,Diplazites,,,,Pteridophyta,1,
Prynadaeopteris,genus,Prynadaeopteris,,,,,1,
Marsilea,genus,Marsilea,Marsileaceae,,Polypodiopsida,Pteridophyta,1,
Tungussopteris,genus,Tungussopteris,,,,Pteridophyta,1,
Trizygia,genus,Trizygia,,,Polypodiopsida,Pteridophyta,1,
Eleganopteris,genus,Eleganopteris,,Filicales,Polypodiopsida,Pteridophyta,1,
Katasiopteris,genus,Katasiopteris,,,,Pteridophyta,1,
Kchonomakidium,genus,Kchonomakidium,Pteridophyllaceae,Ranunculales,,Angiospermae,1,
Lutuginia,genus,Lutuginia,,,,Coniferophyta,1,
Yavorskia,genus,Yavorskia,,,,,1,
Annularia,genus,Annularia,,Equisetales,Polypodiopsida,Pteridophyta,1,
Quadrocladus sibiricus,species,Quadrocladus,,Coniferales,,Gymnospermae,1,
Tomia,genus,Tomia,,,,,1,
Acrocarpus,genus,Acrocarpus,,,Polypodiopsida,Pteridophyta,1,
Antholithus,genus,Antholithus,,,,,1,
Crassinervia,genus,Crassinervia,,,,,1,
Pseudoaraucarites,genus,Pseudoaraucarites,,,,Coniferophyta,1,
Dzergalanella,genus,Dzergalanella,,,,Pteridophyta,1,
Sorosaccus,genus,Sorosaccus,,,,,1,
Jarenga,genus,Jarenga,,,,Pteridophyta,1,
Mesenteriophyllum,genus,Mesenteriophyllum,,Pleuromeiales,,Lycophyta,1,
Cladotheca,genus,Cladotheca,Osmundaceae,,Polypodiopsida,Pteridophyta,1,
Bureja,genus,Bureja,,Cycadales,Cycadopsida,Cycadophyta,1,
Spermatites,genus,Spermatites,,,,,1,
Aporothallus,genus,Aporothallus,,,Hepaticae,Bryophyta,1,
Cheirorhiza,genus,Cheirorhiza,,Jungermanniales,Jungermanniopsida,Marchantiophyta,1,
Laticaulina,genus,Laticaulina,,Jungermanniales,Jungermanniopsida,Marchantiophyta,1,
Jacutopteris,genus,Jacutopteris,,,,,1,
Disorus,genus,Disorus,,,,,1,
Blechnum,genus,Blechnum,Blechnaceae,,Polypodiopsida,Pteridophyta,1,
Angariella,genus,Angariella,,,,,1,
Furcula,genus,Furcula,,,Dicotyledoneae,Angiospermae,1,
Koretrophyllites,genus,Koretrophyllites,,,,,1,
Meristophyllum,genus,Meristophyllum,,,,,1,
Jacutiella,genus,Jacutiella,,,,Cycadophyta,1,
Machairostrobus,genus,Machairostrobus,,,,,1,
Cladophlebis zeylanica,species,Cladophlebis,,,Polypodiopsida,Pteridophyta,1,
Cladophlebis reversa,species,Cladophlebis,,,Polypodiopsida,Pteridophyta,1,
Nilssonia fissa,species,Nilsonia,,Cycadales,Cycadopsida,Cycadophyta,1,
Sphenopteris wadiai,species,Sphenopteris,,Lyginopteridales,Lyginopteridopsida,Gymnospermae,1,
Hartzia,genus,Hartzia,,Czekanowskiales,Ginkgoopsida,Ginkgophyta,1,
Staphidiophora,genus,Staphidiophora,,,,Ginkgophyta,1,
Tanaidia,genus,Tanaidia,,,,Gymnospermae,1,
Tanymasia,genus,Tanymasia,,,,,1,
Thinnfeldiella,genus,Thinnfeldiella,,,Pteropsida,Pteridophyta,1,
Tmematostrobus,genus,Tmematostrobus,,,,,1,
Sarmatiella,genus,Sarmatiella,,Cycadales,Cycadopsida,Cycadophyta,1,
Cupressus,genus,Cupressus,Cupressaceae,Coniferales,,Gymnospermae,1,
Palaeohepatica,genus,Palaeohepatica,,,,,1,
Palaeopiceoxylon thinosus,species,Palaeopiceoxylon,,Coniferales,,Gymnospermae,1,
Icacinoxylon pittiense,species,Icacinoxylon,,,Magnoliopsida,Spermatophyta,1,
Paraphyllanthoxylon arizonense,species,Paraphyllanthoxylon,,,Equisetopsida,Equisetophyta,1,
Metcalfeoxylon,genus,Metcalfeoxylon,,,Magnoliopsida,Spermatophyta,1,
Paraphyllanthoxylon,genus,Paraphyllanthoxylon,,,Equisetopsida,Equisetophyta,1,
Plataninium,genus,Plataninium,Platanaceae,Proteales,,Angiospermae,1,
Chamaecyparis,genus,Chamaecyparis,Cupressaceae,Coniferales,,Gymnospermae,1,
Mesocyparis,genus,Mesocyparis,Cupressaceae,Coniferales,,Gymnospermae,1,
Glenrosa,genus,Glenrosa,,Pinales,Pinopsida,Spermatophyta,1,
Bacutriletes,genus,Bacutriletes,,,,Lycophyta,1,
Araucariacites,genus,Araucariacites,Araucariaceae,,Equisetopsida,Equisetophyta,1,
Sphaeripollenites,genus,Sphaeripollenites,,Cupressales,Equisetopsida,Equisetophyta,1,
Perinopollenites,genus,Perinopollenites,,,,Gymnospermae,1,
Monosulcites,genus,Monosulcites,,,,Angiospermae,1,
Botryococcus,genus,Botryococcus,Botryococcaceae,,Algae,,1,
Watsoniocladus,genus,Watsoniocladus,Cheirolepidiaceae,,Equisetopsida,Equisetophyta,1,
Nilsonia polymorpha,species,Nilsonia,,Cycadales,Cycadopsida,Cycadophyta,1,
Xenoxylon latiporosum,species,Xenoxylon,,Pinales,Pinopsida,Spermatophyta,1,
Callialasporites dampieri,species,Callialasporites,Podocarpaceae,Coniferales,,Gymnospermae,1,
Callialasporites trilobatus,species,Callialasporites,Podocarpaceae,Coniferales,,Gymnospermae,1,
Cerebropollenites mesozoicus,species,Cerebropollenites,,,,Gymnospermae,1,
Eucommiidites,genus,Eucommiidites,,Cycadales,Cycadopsida,Cycadophyta,1,
Monosulcites minimus,species,Monosulcites,,,,Angiospermae,1,
Calamospora mesozoica,species,Calamospora,,,Sphenopsida,Sphenophyta,1,
Gleicheniidites senonicus,species,Gleicheniidites,Gleicheniaceae,,Polypodiopsida,Pteridophyta,1,
Leptolepidites major,species,Leptolepidites,Blechnaceae,,Polypodiopsida,Pteridophyta,1,
Marattisporites scabratus,species,Punctatosporites,,,Polypodiopsida,Pteridophyta,1,
Matonisporites equiexinus,species,Matonisporites,,,Pteridopsida,Pteridophyta,1,
Osmundacidites wellmanii,species,Osmundacidites,,,Pteridopsida,Pteridophyta,1,
Staplinisporites,genus,Staplinisporites,,,,Bryophyta,1,
Todisporites major,species,Todisporites,,,Pteridopsida,Pteridophyta,1,
Todisporites minor,species,Todisporites,,,Pteridopsida,Pteridophyta,1,
Agathoxylon,genus,Agathoxylon,Araucariaceae,,Equisetopsida,Equisetophyta,1,
Brachyoxylon,genus,Brachyoxylon,Brachyphyllaceae,Coniferales,,Gymnospermae,1,
Protopodocarpoxylon,genus,Protopodocarpoxylon,,,,Coniferophyta,1,
Prototaxodioxylon,genus,Prototaxodioxylon,,,,Gymnospermae,1,
Otozamites brevifolius,species,Otozamites,,Bennettitales,Pteropsida,Gymnospermae,1,dataset_interno_ordine_to_classe
Converrucosisporites,genus,Converrucosisporites,,,,Pteridophyta,1,
Deltoidospora toralis,species,Deltoidospora,,,Pteridopsida,Pteridophyta,1,
Densoisporites velatus,species,Densoisporites,,Selaginellales,Lycopodiopsida,Lycopodiophyta,1,
Gleicheniidites,genus,Gleicheniidites,Gleicheniaceae,,Polypodiopsida,Pteridophyta,1,
Leptolepidites equatibosus,species,Leptolepidites,Blechnaceae,,Polypodiopsida,Pteridophyta,1,
Punctatisporites globosus,species,Punctatisporites,,,,,1,
Callialasporites microvelatus,species,Callialasporites,Podocarpaceae,Coniferales,,Gymnospermae,1,
Deltoidospora,genus,Deltoidospora,,,Pteridopsida,Pteridophyta,1,
Punctatosporites,genus,Punctatosporites,,,Polypodiopsida,Pteridophyta,1,
Alisporites australis,species,Alisporites,,,,Gymnospermae,1,
Alisporites parvus,species,Alisporites,,,,Gymnospermae,1,
Cycadopites nitidus,species,Cycadopites,,,,Cycadophyta,1,
Retusotriletes,genus,Retusotriletes,,,,,1,
Acanthotriletes,genus,Acanthotriletes,,,,Lycophyta,1,
Craterisporites,genus,Craterisporites,,,,,1,
Distriatites,genus,Distriatites,,,,,1,
Entylissa,genus,Entylissa,,,,Gymnospermae,1,
Laevigatosporites,genus,Laevigatosporites,Polypodiaceae,,Polypodiopsida,Pteridophyta,1,
Osmundacidites wellmannii,species,Osmundacidites,,,Pteridopsida,Pteridophyta,1,
Polycingulatisporites crenulatus,species,Polycingulatisporites,,,,Pteridophyta,1,
Protopinus,genus,Protopinus,,,,,1,
Stereisporites,genus,Stereisporites,,,Bryopsida,Bryophyta,1,
Tuberculatosporites,genus,Tuberculatosporites,,Buxales,,Angiospermae,1,
Brevitriletes,genus,Brevitriletes,,,,,1,
Osmundacidites senectus,species,Osmundacidites,,,Pteridopsida,Pteridophyta,1,
Densosporites,genus,Densosporites,,,,,1,
Dictyotriletes,genus,Dictyotriletes,,,,,1,
Ephedripites,genus,Ephedripites,,Ephedrales,Ginkgoopsida,Ginkgophyta,1,
Leiotriletes,genus,Leiotriletes,,,Pteridopsida,Pteridophyta,1,
Polycingulatisporites densatus,species,Polycingulatisporites,,,,Pteridophyta,1,
Thymospora,genus,Thymospora,,,,,1,
Triquitrites,genus,Triquitrites,,,,,1,
Inaperturopollenites,genus,Inaperturopollenites,,Cupressales,Equisetopsida,Equisetophyta,1,
Klausipollenites staplinii,species,Klausipollenites,,,,,1,
Vesicaspora,genus,Vesicaspora,,,,,1,
Indotriradites,genus,Indotriradites,,,,,1,
Convolutispora,genus,Convolutispora,,Schizaeales,Polypodiopsida,Pteridophyta,1,
Lophotriletes,genus,Lophotriletes,,,,,1,
Pilasporites,genus,Pilasporites,,,,Gymnospermae,1,
Leptolepidites,genus,Leptolepidites,Blechnaceae,,Polypodiopsida,Pteridophyta,1,
Maculatasporites,genus,Maculatasporites,,,,,1,
Cyclogranisporites,genus,Cyclogranisporites,,,,,1,
Acanthotriletes tereteangulatus,species,Acanthotriletes,,,,Lycophyta,1,
Crustaesporites,genus,Crustaesporites,,,,,1,
Fimbriaesporites,genus,Fimbriaesporites,,,,,1,
Peltacystia,genus,Peltacystia,,,,,1,
Schizosporis,genus,Schizosporis,,,,Chlorophyta,1,
Tetraporina,genus,Tetraporina,Zygnemataceae,,Algae,,1,
Illinites,genus,Illinites,,,,,1,
Striatella,genus,Striatella,,,Pteridopsida,Pteridophyta,1,
Pseudofrenelopsis,genus,Pseudofrenelopsis,Cheirolepidiaceae,,Equisetopsida,Equisetophyta,1,
Athrotaxis,genus,Athrotaxis,Cupressaceae,Coniferales,,Gymnospermae,1,
Microtaenia variabilis,species,Microtaenia,Polypodiaceae,,Polypodiopsida,Pteridophyta,1,
Microtaenia paucifolia,species,Microtaenia,Polypodiaceae,,Polypodiopsida,Pteridophyta,1,
Osmunda occidentale,species,Osmunda,Osmundaceae,,Polypodiopsida,Pteridophyta,1,
Smilax coloradensis,species,Smilax,Smilacaceae,Liliales,,Angiospermae,1,
Salix frontierensis,species,Salix,Salicaceae,Malpighiales,,Angiospermae,1,
Ficus fremonti,species,Ficus,Moraceae,,,Angiospermae,1,
Staphylea fremonti,species,Staphylea,Staphyleaceae,Crossosomatales,,Angiospermae,1,
Sequoia reichenbachi,species,Sequoia,Cupressaceae,Coniferales,,Gymnospermae,1,
Ficus inaequalis,species,Ficus,Moraceae,,,Angiospermae,1,
Sterculia,genus,Sterculia,Malvaceae,Malvales,,Angiospermae,1,
Sapindopsis magnifolia,species,Sapindopsis,Sapindaceae,Sapindales,,Angiospermae,1,
Aralia wellingtoniana,species,Aralia,Araliaceae,Apiales,,Angiospermae,1,
Tempskya,genus,Tempskya,Tempskyaceae,,Polypodiopsida,Pteridophyta,1,
Monanthesia,genus,Monanthesia,,Bennettitales,Pteropsida,Gymnospermae,1,dataset_interno_ordine_to_classe
Frenelopsis varians,species,Frenelopsis,Cheirolepidiaceae,,Equisetopsida,Equisetophyta,1,
Vitreisporites signatus,species,Vitreisporites,,Caytoniales,Ginkgoopsida,Ginkgophyta,1,
Lagenella,genus,Lagenella,,,,Angiospermae,1,
Vitreisporites,genus,Vitreisporites,,Caytoniales,Ginkgoopsida,Ginkgophyta,1,
Conbaculatisporites,genus,Conbaculatisporites,,,,,1,
Weylandites,genus,Weylandites,,,,,1,
Camerosporites secatus,species,Camerosporites,,,,,1,
Duplicisporites,genus,Duplicisporites,,,,,1,
Cuneatisporites,genus,Cuneatisporites,Podocarpaceae,Coniferales,,Gymnospermae,1,
Podosporites,genus,Podosporites,Podocarpaceae,Coniferales,,Gymnospermae,1,
Triadispora plicata,species,Triadispora,,,,,1,
Lauranthus futabensis,species,Lauranthus,Lauraceae,Laurales,,Angiospermae,1,
Raistrickia,genus,Raistrickia,,,,,1,
Verrucosisporites thuringiacus,species,Verrucosisporites,,,Polypodiopsida,Pteridophyta,1,
Voltziaceaesporites heteromorphus,species,Voltziaceaesporites,,Coniferales,,Gymnospermae,1,
Cycadopites coxii,species,Cycadopites,,,,Cycadophyta,1,
Sulcatisporites,genus,Sulcatisporites,,,,,1,
Kuglerina meieri,species,Kuglerina,,,Pinopsida,Spermatophyta,1,
Aequitriradites,genus,Aequitriradites,,Sphaerocarpales,Marchantiopsida,Marchantiophyta,1,
Densipollenites indicus,species,Densipollenites,,,,,1,
Hamiapollenites,genus,Hamiapollenites,,,,,1,
Spirematospermum,genus,Spirematospermum,Zingiberaceae,Zingiberales,,Angiospermae,1,
Paleoenkianthus sayrevillensis,species,Paleoenkianthus,,Ericales,Dicotyledoneae,Angiospermae,1,
Aculeisporites,genus,Aculeisporites,,,,,1,
Ovalipollis breviformis,species,Ovalipollis,,,Gymnospermopsida,Tracheophyta,1,
Taeniaesporites,genus,Taeniaesporites,,,,,1,
Striatites,genus,Striatites,,,,,1,
Protosacculina,genus,Protosacculina,,,,,1,
Aumancisporites,genus,Aumancisporites,,,,,1,
Retimonocolpites,genus,Retimonocolpites,,,,Angiospermae,1,
Stellatopollis,genus,Stellatopollis,,,,Angiospermae,1,
Liaoxia chenii,species,Liaoxia,Cyperaceae,Poales,,Angiospermae,1,
Eragrosites changii,species,Eragrosites,Poaceae,Poales,,Angiospermae,1,
Erlansonisporites,genus,Erlansonisporites,,,,Lycophyta,1,
Dijkstraisporites,genus,Dijkstraisporites,,,,,1,
Dictyothylakos,genus,Dictyothylakos,,,,,1,
Arcellites disciformis,species,Arcellites,,Marsileales,Pteridopsida,Pteridophyta,1,
Horstisporites,genus,Horstisporites,,,,Lycophyta,1,
Minerisporites marginatus,species,Minerisporites,,Isoetales,Lycopodiopsida,Lycopodiophyta,1,
Erlansonisporites sparassis,species,Erlansonisporites,,,,Lycophyta,1,
Arcellites reticulatus,species,Arcellites,,Marsileales,Pteridopsida,Pteridophyta,1,
Biharisporites,genus,Biharisporites,,,,,1,
Verrutriletes,genus,Verrutriletes,,,,,1,
Paleoazolla patagonica,species,Paleoazolla,,Salviniales,Polypodiopsida,Pteridophyta,1,
Appomatoxia,genus,Appomatoxia,,,,Angiospermae,1,
Balmeisporites glenelgensis,species,Balmeisporites,Araucariaceae,,Equisetopsida,Equisetophyta,1,
Javelinoxylon,genus,Javelinoxylon,,,,Angiospermae,1,
Trileites,genus,Trileites,,,,,1,
Striatriletes,genus,Striatriletes,,,,,1,
Scabratriletes,genus,Scabratriletes,,,,,1,
Molaspora lobata,species,Molaspora,Marsileaceae,,Polypodiopsida,Pteridophyta,1,
Costatheca,genus,Costatheca,Marchantiidae,,Marchantiopsida,Marchantiophyta,1,
Trileites murrayi,species,Trileites,,,,,1,
Geleenites fascinus,species,Geleenites,,,,,1,
Costatheca striata,species,Costatheca,Marchantiidae,,Marchantiopsida,Marchantiophyta,1,
Chrysotheca,genus,Chrysotheca,,Jungermanniales,Jungermanniopsida,Marchantiophyta,1,
Manumisporites hoegii,species,Manumisporites,,,,,1,
Ficus daphnogenoides,species,Ficus,Moraceae,,,Angiospermae,1,
Magnolia magnifica,species,Magnolia,Magnoliaceae,Magnoliales,,Angiospermae,1,
Protophyllum multinerve,species,Protophyllum,,,,,1,
Pseudoprotophyllum,genus,Pseudoprotophyllum,,,,,1,
Widdringtonites reichii,species,Widdringtonites,,Pinales,Pinopsida,Spermatophyta,1,
Hymenaea fayettensis,species,Hymenaea,,Rosales,,Angiospermae,1,
Hedera cretacea,species,Hedera,Araliaceae,Apiales,,Angiospermae,1,
Pseudoaspidiophyllum,genus,Pseudoaspidiophyllum,Platanaceae,Proteales,,Angiospermae,1,
Sterculia aperta,species,Sterculia,Malvaceae,Malvales,,Angiospermae,1,
Carpites,genus,Carpites,,,,,1,
Platanus newberryana,species,Platanus,Platanaceae,Proteales,,Angiospermae,1,
Castaliites,genus,Castaliites,Nymphaeaceae,Nymphaeales,,Angiospermae,1,
Magnolia rotundifolia,species,Magnolia,Magnoliaceae,Magnoliales,,Angiospermae,1,
Magnolia hollicki,species,Magnolia,Magnoliaceae,Magnoliales,,Angiospermae,1,
Bauhinia,genus,Bauhinia,Fabaceae,Fabales,,Angiospermae,1,
Hughesisporites,genus,Hughesisporites,,,,Lycophyta,1,
Onychiopsis goepperti,species,Onychiopsis,Polypodiaceae,,Polypodiopsida,Pteridophyta,1,
Araucarites wyomingensis,species,Araucarites,Araucariaceae,,Equisetopsida,Equisetophyta,1,
Carpolithus foenarius,species,Carpolithus,,,,Angiospermae,1,
Molaspora,genus,Molaspora,Marsileaceae,,Polypodiopsida,Pteridophyta,1,
Echitriletes,genus,Echitriletes,,,,,1,
Trochodendroides arctica,species,Trochodendroides,Cercidiphyllaceae,Saxifragales,,Angiospermae,1,
Filicites,genus,Filicites,,,,Pteridophyta,1,
Liriodendron giganteum,species,Liriodendron,Magnoliaceae,Magnoliales,,Angiospermae,1,
Credneria macrophylla,species,Credneria,Platanaceae,Proteales,,Angiospermae,1,
Leguminosites,genus,Leguminosites,Fabaceae,Fabales,,Angiospermae,1,
Zamites borealis,species,Zamites,,Bennettitales,Pteropsida,Gymnospermae,1,dataset_interno_ordine_to_classe
Czekanowskia nervosa,species,Czekanowskia,,Czekanowskiales,Ginkgoopsida,Ginkgophyta,1,
Onychiopsis brevifolia,species,Onychiopsis,Polypodiaceae,,Polypodiopsida,Pteridophyta,1,
Onychiopsis nervosa,species,Onychiopsis,Polypodiaceae,,Polypodiopsida,Pteridophyta,1,
Zamites brevipennis,species,Zamites,,Bennettitales,Pteropsida,Gymnospermae,1,dataset_interno_ordine_to_classe
Araucarites cuneatus,species,Araucarites,Araucariaceae,,Equisetopsida,Equisetophyta,1,
Carpolithus barrensis,species,Carpolithus,,,,Angiospermae,1,
Sphenopteris plurinervia,species,Sphenopteris,,Lyginopteridales,Lyginopteridopsida,Gymnospermae,1,
Onychiopsis latiloba,species,Onychiopsis,Polypodiaceae,,Polypodiopsida,Pteridophyta,1,
Scleropteris distantifolia,species,Scleropteris,,,,Pteridophyta,1,
Scleropteris rotundifolia,species,Scleropteris,,,,Pteridophyta,1,
Williamsonia phoenicopsoides,species,Williamsonia,,Bennettitales,Pteropsida,Gymnospermae,1,dataset_interno_ordine_to_classe
Carpolithus fasciculatus,species,Carpolithus,,,,Angiospermae,1,
Carpolithus montiumnigrorum,species,Carpolithus,,,,Angiospermae,1,
Araucarioxylon hoppertonae,species,Araucarioxylon,Araucariaceae,,Equisetopsida,Equisetophyta,1,
Gleichenia delicatula,species,Gleichenia,Gleicheniaceae,,Polypodiopsida,Pteridophyta,1,
Astralopteris,genus,Astralopteris,Polypodiaceae,,Polypodiopsida,Pteridophyta,1,
Ilex,genus,Ilex,Aquifoliaceae,Aquifoliales,,Angiospermae,1,
Salpichlaena,genus,Salpichlaena,Blechnaceae,,Polypodiopsida,Pteridophyta,1,
Arcellites santacrucensis,species,Arcellites,,Marsileales,Pteridopsida,Pteridophyta,1,
Paleonelumbo macroloba,species,Paleonelumbo,Nymphaeaceae,Nymphaeales,,Angiospermae,1,
Allantodiopsis,genus,Allantodiopsis,Polypodiaceae,,Polypodiopsida,Pteridophyta,1,
Myrica torreyi,species,Myrica,Myricaceae,Fagales,,Angiospermae,1,
Balmeisporites holodictyus,species,Balmeisporites,Araucariaceae,,Equisetopsida,Equisetophyta,1,
Virginianthus calycanthoides,species,Virginianthus,Calycanthaceae,Laurales,,Angiospermae,1,
Mauldinia bohemica,species,Mauldinia,Lauraceae,Laurales,,Angiospermae,1,
Sapindopsis anhouryi,species,Sapindopsis,Sapindaceae,Sapindales,,Angiospermae,1,
Indocarpa intertrappea,species,Indocarpa,Clusiaceae,Malpighiales,,Angiospermae,1,
Onychiopsis elongata,species,Onychiopsis,Polypodiaceae,,Polypodiopsida,Pteridophyta,1,
Trilobosporites,genus,Trilobosporites,,,,Pteridophyta,1,
Pilosisporites trichopapillosus,species,Pilosisporites,,,,Pteridophyta,1,
Couperisporites,genus,Couperisporites,,,,Bryophyta,1,
Triporoletes,genus,Triporoletes,Marchantiidae,,Marchantiopsida,Marchantiophyta,1,
Concavissimisporites,genus,Concavissimisporites,,,,Embryophyta,1,
Regnellidium,genus,Regnellidium,Marsileaceae,,Polypodiopsida,Pteridophyta,1,
Valvisisporites minor,species,Valvisisporites,,,,,1,
Umiaspora bosei,species,Umiaspora,,,,,1,
Minerisporites auriculatus,species,Minerisporites,,Isoetales,Lycopodiopsida,Lycopodiophyta,1,
Minerisporites cutchensis,species,Minerisporites,,Isoetales,Lycopodiopsida,Lycopodiophyta,1,
Dijkstraisporites filiformis,species,Dijkstraisporites,,,,,1,
Bacutriletes dijkstrae,species,Bacutriletes,,,,Lycophyta,1,
Marsilea johnhallii,species,Marsilea,Marsileaceae,,Polypodiopsida,Pteridophyta,1,
Hydrocotylophyllum,genus,Hydrocotylophyllum,,Apiales,,Angiospermae,1,
Araliaephyllum quinquelobatus,species,Araliaephyllum,Araliaceae,Apiales,,Angiospermae,1,
Gnafalea,genus,Gnafalea,,,Magnoliopsida,Spermatophyta,1,
Ficophyllum palustris,species,Ficophyllum,Moraceae,,,Angiospermae,1,
Crybelosporites striatus,species,Crybelosporites,Marsileaceae,,Polypodiopsida,Pteridophyta,1,
Crybelosporites,genus,Crybelosporites,Marsileaceae,,Polypodiopsida,Pteridophyta,1,
Dictyothylakos pesslerae,species,Dictyothylakos,,,,,1,
Spermatites elongatus,species,Spermatites,,,,,1,
Ctenopteris angustifolia,species,Ctenopteris,,,,Cycadophyta,1,
Thecopteris,genus,Thecopteris,,,,Pteridophyta,1,
Thecopteris major,species,Thecopteris,,,,Pteridophyta,1,
Spermatites orbicularis,species,Spermatites,,,,,1,
Alatampulla bartlettii,species,Alatampulla,,,,,1,
Phyllodermium,genus,Phyllodermium,,,,Angiospermae,1,
Chrysotheca diskoensis,species,Chrysotheca,,Jungermanniales,Jungermanniopsida,Marchantiophyta,1,
Phyllodermium reinschii,species,Phyllodermium,,,,Angiospermae,1,
Deltoidospora hallii,species,Deltoidospora,,,Pteridopsida,Pteridophyta,1,
Pilularia globulifera,species,Pilularia,,,,,1,
Prisca,genus,Prisca,Priscaceae,,Dicotyledoneae,Angiospermae,1,
Costatheca lata,species,Costatheca,Marchantiidae,,Marchantiopsida,Marchantiophyta,1,
Stereisporites antiquasporites,species,Stereisporites,,,Bryopsida,Bryophyta,1,
Stereisporites stereoides,species,Stereisporites,,,Bryopsida,Bryophyta,1,
Cingutriletes clavus,species,Cingutriletes,,,,Bryophyta,1,
Cyathidites minor,species,Cyathidites,,,Pteridopsida,Pteridophyta,1,
Cyathidites punctatus,species,Cyathidites,,,Pteridopsida,Pteridophyta,1,
Cyathidites concavus,species,Cyathidites,,,Pteridopsida,Pteridophyta,1,
Ceratosporites equalis,species,Ceratosporites,,Selaginellales,Lycopodiopsida,Lycopodiophyta,1,
Lygodioisporites verrucosus,species,Lygodioisporites,,,Pteridopsida,Pteridophyta,1,
Pilosisporites,genus,Pilosisporites,,,,Pteridophyta,1,
Acanthotriletes varispinosus,species,Acanthotriletes,,,,Lycophyta,1,
Laevigatosporites discordatus,species,Laevigatosporites,Polypodiaceae,,Polypodiopsida,Pteridophyta,1,
Laevigatosporites ovatus,species,Laevigatosporites,Polypodiaceae,,Polypodiopsida,Pteridophyta,1,
Polypodiisporites favus,species,Polypodiisporites,,Polypodiales,Polypodiopsida,Pteridophyta,1,
Liliacidites variegatus,species,Liliacidites,Liliaceae,,,Angiospermae,1,
Schizosporis rugulatus,species,Schizosporis,,,,Chlorophyta,1,
Inaperturopollenites dubius,species,Inaperturopollenites,,Cupressales,Equisetopsida,Equisetophyta,1,
Liliacidites intermedius,species,Liliacidites,Liliaceae,,,Angiospermae,1,
Cycadopites carpentieri,species,Cycadopites,,,,Cycadophyta,1,
Taxodiaceaepollenites,genus,Taxodiaceaepollenites,,Coniferales,,Gymnospermae,1,
Laricoidites gigantus,species,Laricoidites,,,Gymnospermopsida,Tracheophyta,1,
Podocarpidites ellipticus,species,Podocarpidites,Podocarpaceae,Coniferales,,Gymnospermae,1,
Podocarpidites multesimus,species,Podocarpidites,Podocarpaceae,Coniferales,,Gymnospermae,1,
Alisporites grandis,species,Alisporites,,,,Gymnospermae,1,
Cedripites,genus,Cedripites,,,,Gymnospermae,1,
Momipites coryloides,species,Momipites,Juglandaceae,Fagales,,Angiospermae,1,
Alnipollenites,genus,Alnipollenites,Betulaceae,Fagales,,Angiospermae,1,
Myricipites,genus,Myricipites,Myricaceae,Fagales,,Angiospermae,1,
Proteacidites,genus,Proteacidites,Proteaceae,Proteales,,Angiospermae,1,
Rhoipites bradleyi,species,Rhoipites,,,Magnoliopsida,Spermatophyta,1,
Ilexpollenites,genus,Ilexpollenites,Aquifoliaceae,Aquifoliales,,Angiospermae,1,
Fraxinoipollenites,genus,Fraxinoipollenites,,,,Magnoliophyta,1,
Tricolpites reticulatus,species,Tricolpites,,Gunnerales,,Angiospermae,1,
Cupanieidites,genus,Cupanieidites,Sapindaceae,Sapindales,,Angiospermae,1,
Myrtaceidites,genus,Myrtaceidites,,Myrtales,Dicotyledoneae,Angiospermae,1,
Tricolpites microreticulatus,species,Tricolpites,,Gunnerales,,Angiospermae,1,
Tetracolpites,genus,Tetracolpites,,,,Angiospermae,1,
Polycolpites,genus,Polycolpites,,,Magnoliopsida,Spermatophyta,1,
Liriodendron,genus,Liriodendron,Magnoliaceae,Magnoliales,,Angiospermae,1,
Scollardia,genus,Scollardia,Loranthaceae,Santalales,,Angiospermae,1,
Translucentipollis plicatilis,species,Translucentipollis,,,,Magnoliophyta,1,
Wodehouseia spinata,species,Wodehouseia,,,,Angiospermae,1,
Wodehouseia,genus,Wodehouseia,,,,Angiospermae,1,
Pityophyllum staratschini,species,Pityophyllum,,,Gnetopsida,Gnetophyta,1,
Cingulatisporites,genus,Cingulatisporites,,,Pteridopsida,Pteridophyta,1,
Discisporites,genus,Discisporites,,,,,1,
Sciadopityspollenites,genus,Sciadopityspollenites,,,,,1,
Molaspora reticulata,species,Molaspora,Marsileaceae,,Polypodiopsida,Pteridophyta,1,
Rodeites dakshini,species,Rodeites,Marsileaceae,,Polypodiopsida,Pteridophyta,1,
Cladophlebis kurtzi,species,Cladophlebis,,,Polypodiopsida,Pteridophyta,1,
Podocarpoxylon,genus,Podocarpoxylon,Podocarpaceae,Coniferales,,Gymnospermae,1,
Bacutriletes guttula,species,Bacutriletes,,,,Lycophyta,1,
Minerisporites laceratus,species,Minerisporites,,Isoetales,Lycopodiopsida,Lycopodiophyta,1,
Cladophlebis patagonica,species,Cladophlebis,,,Polypodiopsida,Pteridophyta,1,
Bellarinea,genus,Bellarinea,Podocarpaceae,Coniferales,,Gymnospermae,1,
Jungermannia,genus,Jungermannia,,,,,1,
Phyllopteroides laevis,species,Phyllopteroides,Osmundaceae,,Polypodiopsida,Pteridophyta,1,
Mesochara symmetrica,species,Mesochara,Characea,Charales,,Charophyta,1,
Praechara,genus,Praechara,,,,Charophyta,1,
Tolypella,genus,Tolypella,Characeae,Charales,,Charophyta,1,
Parazolla,genus,Parazolla,,,,Pteridophyta,1,
Thecaspora spinosa,species,Thecaspora,,Salviniales,Polypodiopsida,Pteridophyta,1,
Zlivisporis,genus,Zlivisporis,,,Hepaticae,Bryophyta,1,
Cyclusphaera euribei,species,Cyclusphaera,Araucariaceae,,Equisetopsida,Equisetophyta,1,
Tricolpites,genus,Tricolpites,,Gunnerales,,Angiospermae,1,
Appendicisporites,genus,Appendicisporites,,Schizaeales,Polypodiopsida,Pteridophyta,1,
Matonisporites,genus,Matonisporites,,,Pteridopsida,Pteridophyta,1,
Sabalpollenites,genus,Sabalpollenites,,,,Angiospermae,1,
Sphagnumsporites,genus,Sphagnumsporites,Sphagnaceae,,,Bryophyta,1,
Camarozonosporites rudis,species,Camarozonosporites,,Selaginellales,Lycopodiopsida,Lycopodiophyta,1,
Cingulatisporites problematicus,species,Cingulatisporites,,,Pteridopsida,Pteridophyta,1,
Appendicisporites tricornitatus,species,Appendicisporites,,Schizaeales,Polypodiopsida,Pteridophyta,1,
Appendicisporites ethmos,species,Appendicisporites,,Schizaeales,Polypodiopsida,Pteridophyta,1,
Cyathidites australis,species,Cyathidites,,,Pteridopsida,Pteridophyta,1,
Aequitriradites spinulosus,species,Aequitriradites,,Sphaerocarpales,Marchantiopsida,Marchantiophyta,1,
Densoisporites perinatus,species,Densoisporites,,Selaginellales,Lycopodiopsida,Lycopodiophyta,1,
Rugubivesiculites,genus,Rugubivesiculites,,,,Gymnospermae,1,
Dacrycarpites,genus,Dacrycarpites,Podocarpaceae,Coniferales,,Gymnospermae,1,
Inaperturopollenites atlanticus,species,Inaperturopollenites,,Cupressales,Equisetopsida,Equisetophyta,1,
Clavatipollenites hughesii,species,Clavatipollenites,Chloranthaceae,Chloranthales,,Angiospermae,1,
Clavatipollenites,genus,Clavatipollenites,Chloranthaceae,Chloranthales,,Angiospermae,1,
Schizosporis reticulatus,species,Schizosporis,,,,Chlorophyta,1,
Schizosporis parvus,species,Schizosporis,,,,Chlorophyta,1,
Eucryphiaceoxylon eucryphioides,species,Eucryphiaceoxylon,Cunoniaceae,Oxalidales,,Angiospermae,1,
Mirella borealis,species,Mirella,,,,,1,
Laurelites jamesrossii,species,Laurelites,,Laurales,,Angiospermae,1,
Phoenicopsis angustifolia,species,Phoenicopsis,,Czekanowskiales,Ginkgoopsida,Ginkgophyta,1,
Clathrophyllum meriani,species,Clathrophyllum,,,,,1,
Collenella,genus,Collenella,,,,,1,
Menispermites,genus,Menispermites,Menispermaceae,Ranunculales,,Angiospermae,1,
Gleichenia zippei,species,Gleichenia,Gleicheniaceae,,Polypodiopsida,Pteridophyta,1,
Petrascula,genus,Petrascula,,Dasycladales,Chlorophyceae,Chlorophyta,1,
Pseudoepimastopora,genus,Pseudoepimastopora,,Dasycladales,Chlorophyceae,Chlorophyta,1,
Pycnoporidium lobatum,species,Pycnoporidium,Solenoporaceae,,Rhodophyceae,Rhodophyta,1,
Terquemella,genus,Terquemella,,Dasycladales,Chlorophyceae,Chlorophyta,1,
Fagus,genus,Fagus,Fagaceae,Fagales,,Angiospermae,1,
Sapindophyllum,genus,Sapindophyllum,Sapindaceae,Sapindales,,Angiospermae,1,
Magnoliaephyllum alternans,species,Magnoliaephyllum,Magnoliaceae,Magnoliales,,Angiospermae,1,
Zizyphus,genus,Zizyphus,Rhamnaceae,Rosales,,Angiospermae,1,
Dalbergites,genus,Dalbergites,,,,,1,
Boodlepteris turoniana,species,Boodlepteris,Gleicheniaceae,,Polypodiopsida,Pteridophyta,1,
Drumhellera kurmanniae,species,Drumhellera,Cupressaceae,Coniferales,,Gymnospermae,1,
Leptostrobus longifolius,species,Leptostrobus,,Czekanowskiales,Ginkgoopsida,Ginkgophyta,1,
Leptostrobus alatus,species,Leptostrobus,,Czekanowskiales,Ginkgoopsida,Ginkgophyta,1,
Widdringtonites ramosus,species,Widdringtonites,,Pinales,Pinopsida,Spermatophyta,1,
Quercophyllum wyomingense,species,Quercophyllum,Fagaceae,Fagales,,Angiospermae,1,
Carpolithus virginiensis,species,Carpolithus,,,,Angiospermae,1,
Feistmantelia oblonga,species,Feistmantelia,,,Pinopsida,Spermatophyta,1,
Sequoia gracilis,species,Sequoia,Cupressaceae,Coniferales,,Gymnospermae,1,
Cycadeospermum rotundatum,species,Cycadeospermum,,Bennettitales,Pteropsida,Gymnospermae,1,dataset_interno_ordine_to_classe
Sapindopsis variabilis,species,Sapindopsis,Sapindaceae,Sapindales,,Angiospermae,1,
Ulmophyllum,genus,Ulmophyllum,Ulmaceae,Rosales,,Angiospermae,1,
Pecopteris borealis,species,Pecopteris,,,Pteropsida,Pteridophyta,1,
Cladophlebis wyomingensis,species,Cladophlebis,,,Polypodiopsida,Pteridophyta,1,
Ficophyllum serratum,species,Ficophyllum,Moraceae,,,Angiospermae,1,
Platanus cissoides,species,Platanus,Platanaceae,Proteales,,Angiospermae,1,
Viburnites,genus,Viburnites,Caprifoliaceae,Dipsacales,,Angiospermae,1,
Actinoporella,genus,Actinoporella,,Dasycladales,Chlorophyceae,Chlorophyta,1,
Rajkaella,genus,Rajkaella,,Dasycladales,Chlorophyceae,Chlorophyta,1,
Dechellyia gormani,species,Dechellyia,,Coniferales,,Gymnospermae,1,
Cissites ingens,species,Cissites,Vitaceae,Vitales,,Angiospermae,1,
Sequoiadendron,genus,Sequoiadendron,Cupressaceae,Coniferales,,Gymnospermae,1,
Cunninghamia,genus,Cunninghamia,Cupressaceae,Coniferales,,Gymnospermae,1,
Cryptomeria,genus,Cryptomeria,Cupressaceae,Coniferales,,Gymnospermae,1,
Quereuxia,genus,Quereuxia,,,Magnoliopsida,Spermatophyta,1,
Cyperus,genus,Cyperus,Cyperaceae,Poales,,Angiospermae,1,
Athrotaxis ungeri,species,Athrotaxis,Cupressaceae,Coniferales,,Gymnospermae,1,
Anona robusta,species,Annona,Annonaceae,Magnoliales,,Angiospermae,1,
Asplenites,genus,Asplenites,,,,,1,
Dombeyopsis trivialis,species,Dombeyopsis,,,,,1,
Fraxinus,genus,Fraxinus,Oleaceae,Lamiales,,Angiospermae,1,
Quercophyllum,genus,Quercophyllum,Fagaceae,Fagales,,Angiospermae,1,
Typha,genus,Typha,Typhaceae,Poales,,Angiospermae,1,
Aristolochites,genus,Aristolochites,Aristolochiaceae,Piperales,,Angiospermae,1,
Dombeyopsis obtusa,species,Dombeyopsis,,,,,1,
Ficus trinervis,species,Ficus,Moraceae,,,Angiospermae,1,
Palaeoaster,genus,Palaeoaster,,,,,1,
Viburnum montanum,species,Viburnum,Caprifoliaceae,Dipsacales,,Angiospermae,1,
Cissus,genus,Cissus,Vitaceae,Vitales,,Angiospermae,1,
Magnoliphyllum,genus,Magnoliphyllum,Magnoliaceae,Magnoliales,,Angiospermae,1,
Apeibopsis discolor,species,Apeibopsis,Tiliaceae,Malvales,,Angiospermae,1,
Cyperacites,genus,Cyperacites,Cyperaceae,Poales,,Angiospermae,1,
Rhamnus,genus,Rhamnus,Rhamnaceae,Rosales,,Angiospermae,1,
Saliciphyllum,genus,Saliciphyllum,Salicaceae,Malpighiales,,Angiospermae,1,
Celastrus taurinensis,species,Celastrus,Celastraceae,Celastrales,,Angiospermae,1,
Pistacia,genus,Pistacia,Anacardiaceae,Sapindales,,Angiospermae,1,
Populus,genus,Populus,Salicaceae,Malpighiales,,Angiospermae,1,
Liquidambar,genus,Liquidambar,Hamamelidaceae,Saxifragales,,Angiospermae,1,
Sequoia cuneata,species,Sequoia,Cupressaceae,Coniferales,,Gymnospermae,1,
Hicoria antiquora,species,Hicoria,Juglandaceae,Fagales,,Angiospermae,1,
Ficus baueri,species,Ficus,Moraceae,,,Angiospermae,1,
Ficus crossii,species,Ficus,Moraceae,,,Angiospermae,1,
Magnolia cordifolia,species,Magnolia,Magnoliaceae,Magnoliales,,Angiospermae,1,
Carpites baueri,species,Carpites,,,,,1,
Sassafras latilobum,species,Sassafras,Lauraceae,Laurales,,Angiospermae,1,
Dryophyllum gracile,species,Dryophyllum,Nothofagaceae,Fagales,,Angiospermae,1,
Magnolia lacoeana,species,Magnolia,Magnoliaceae,Magnoliales,,Angiospermae,1,
Sequoites,genus,Sequoites,,Coniferales,,Gymnospermae,1,
Credneria,genus,Credneria,Platanaceae,Proteales,,Angiospermae,1,
Cassia,genus,Cassia,Fabaceae,Fabales,,Angiospermae,1,
Alnus,genus,Alnus,Betulaceae,Fagales,,Angiospermae,1,
Nilsonia compta,species,Nilsonia,,Cycadales,Cycadopsida,Cycadophyta,1,
Caytonanthus arberi,species,Caytonanthus,Glossophyllaceae,,,Pteridospermophyta,1,
Pityanthus,genus,Pityanthus,,Coniferales,,Gymnospermae,1,
Dictyozamites falcatus,species,Dictyozamites,,Bennettitales,Pteropsida,Gymnospermae,1,dataset_interno_ordine_to_classe
Sapindus,genus,Sapindus,Sapindaceae,Sapindales,,Angiospermae,1,
Viburnum,genus,Viburnum,Caprifoliaceae,Dipsacales,,Angiospermae,1,
Koelreuteria,genus,Koelreuteria,Sapindaceae,Sapindales,,Angiospermae,1,
Dewalquea trifoliata,species,Dewalquea,,,,,1,
Rhamnites,genus,Rhamnites,Rhamnaceae,Rosales,,Angiospermae,1,
Artocarpus,genus,Artocarpus,Moraceae,,,Angiospermae,1,
Menispermum,genus,Menispermum,Menispermaceae,Ranunculales,,Angiospermae,1,
Liriodendron succedens,species,Liriodendron,Magnoliaceae,Magnoliales,,Angiospermae,1,
Chrysobalanus,genus,Chrysobalanus,Rosaceae,Rosales,,Angiospermae,1,
Bauhinia gigantea,species,Bauhinia,Fabaceae,Fabales,,Angiospermae,1,
Cupanites,genus,Cupanites,Sapindaceae,Sapindales,,Angiospermae,1,
Dewalquea,genus,Dewalquea,,,,,1,
Calycites,genus,Calycites,Asteraceae,Asterales,,Angiospermae,1,
Menispermites acutilobus,species,Menispermites,Menispermaceae,Ranunculales,,Angiospermae,1,
Allantodiopsis erosa,species,Allantodiopsis,Polypodiaceae,,Polypodiopsida,Pteridophyta,1,
Cladophlebis columbiana,species,Cladophlebis,,,Polypodiopsida,Pteridophyta,1,
Davallites richardsoni,species,Davallites,Polypodiaceae,,Polypodiopsida,Pteridophyta,1,
Celastrinites,genus,Celastrinites,Celastraceae,Celastrales,,Angiospermae,1,
Zelkova,genus,Zelkova,Ulmaceae,Rosales,,Angiospermae,1,
Ampelopsis,genus,Ampelopsis,Vitaceae,Vitales,,Angiospermae,1,
Pyrus,genus,Pyrus,Rosaceae,Rosales,,Angiospermae,1,
Quercus vancouveriana,species,Quercus,Fagaceae,Fagales,,Angiospermae,1,
Philadelphus,genus,Philadelphus,Saxifragaceae,Saxifragales,,Angiospermae,1,
Spirodela,genus,Spirodela,Lemnaceae,Arales,,Angiospermae,1,
Phragmites falcata,species,Phragmites,Poaceae,Poales,,Angiospermae,1,
Morella bolanderi,species,Morella,Myricaceae,Fagales,,Angiospermae,1,
Quercus ellisiana,species,Quercus,Fagaceae,Fagales,,Angiospermae,1,
Malapoenna weediana,species,Malapoenna,Lauraceae,Laurales,,Angiospermae,1,
Fraxinus denticulata,species,Fraxinus,Oleaceae,Lamiales,,Angiospermae,1,
Sequoia langsdorfii,species,Sequoia,Cupressaceae,Coniferales,,Gymnospermae,1,
Paliurus minimus,species,Paliurus,Rhamnaceae,Rosales,,Angiospermae,1,
Paliurus zizyphoides,species,Paliurus,Rhamnaceae,Rosales,,Angiospermae,1,
Viburnum rotundifolium,species,Viburnum,Caprifoliaceae,Dipsacales,,Angiospermae,1,
Geonomites schimperi,species,Geonomites,Arecaceae,,,Angiospermae,1,
Marinella lugeoni,species,Marinella,Solenoporaceae,,Rhodophyceae,Rhodophyta,1,
Decussosporites,genus,Decussosporites,,,,Gymnospermae,1,
Exesipollenites,genus,Exesipollenites,,,,Gymnospermae,1,
Microcodium,genus,Microcodium,,,,,1,
Cycadeospermum lineatum,species,Cycadeospermum,,Bennettitales,Pteropsida,Gymnospermae,1,dataset_interno_ordine_to_classe
Cupressinoxylon cheyennense,species,Cupressinoxylon,,Coniferales,,Gymnospermae,1,
Abietites ernestinae,species,Abietites,,Coniferales,,Gymnospermae,1,
Aralia ravniana,species,Aralia,Araliaceae,Apiales,,Angiospermae,1,
Aralia polymorpha,species,Aralia,Araliaceae,Apiales,,Angiospermae,1,
Sapindopsis brevifolia,species,Sapindopsis,Sapindaceae,Sapindales,,Angiospermae,1,
Vitiphyllum,genus,Vitiphyllum,Vitaceae,Vitales,,Angiospermae,1,
Placklesia multipora,species,Placklesia,,Dasycladales,Chlorophyceae,Chlorophyta,1,
Pilosisporites verus,species,Pilosisporites,,,,Pteridophyta,1,
Concavissimisporites punctatus,species,Concavissimisporites,,,,Embryophyta,1,
Concavissimisporites variverrucatus,species,Concavissimisporites,,,,Embryophyta,1,
Striatopollis,genus,Striatopollis,,,Magnoliopsida,Spermatophyta,1,
Grossularia,genus,Grossularia,Grossulariaceae,Saxifragales,,Angiospermae,1,
Pycnoporidium,genus,Pycnoporidium,Solenoporaceae,,Rhodophyceae,Rhodophyta,1,
Connexia,genus,Connexia,,Dasycladales,Chlorophyceae,Chlorophyta,1,
Zonotrichites,genus,Zonotrichites,,,,,1,
Asterocalculus heraki,species,Asterocalculus,Gymnocodiaceae,,Rhodophyceae,Rhodophyta,1,
Ricciopsis,genus,Ricciopsis,,Marchantiales,Hepaticae,Bryophyta,1,
Triangulatisporites,genus,Triangulatisporites,,,,,1,
Rhizophora,genus,Rhizophora,Rhizophoraceae,Malpighiales,,Angiospermae,1,
Inaperturopollenites turbatus,species,Inaperturopollenites,,Cupressales,Equisetopsida,Equisetophyta,1,
Pediastrum,genus,Pediastrum,,,Chlorophyceae,Chlorophyta,1,
Cretacaeiporites mulleri,species,Cretacaeiporites,Trimeniaceae,Austrobaileyales,,Angiospermae,1,
Rhodomelites strictus,species,Rhodomelites,,,,,1,
Fucoides,genus,Fucoides,,,Algae,,1,
Hermanophyton,genus,Hermanophyton,,,,Peltaspermophyta,1,
Blechnum anceps,species,Blechnum,Blechnaceae,,Polypodiopsida,Pteridophyta,1,
Saccarisporites,genus,Saccarisporites,,,,,1,
Bacutriletes triangulatus,species,Bacutriletes,,,,Lycophyta,1,
Hughesisporites patagonicus,species,Hughesisporites,,,,Lycophyta,1,
Auriculozonospora,genus,Auriculozonospora,,,,,1,
Hennellysporites diversiformis,species,Hennellysporites,,,,,1,
Amblyochara,genus,Amblyochara,Characea,Charales,,Charophyta,1,
Feistiella,genus,Feistiella,Feistiellaceae,Charales,,Charophyta,1,
Peckichara,genus,Peckichara,Characea,Charales,,Charophyta,1,
Platanus guillelmae,species,Platanus,Platanaceae,Proteales,,Angiospermae,1,
Phoenicites,genus,Phoenicites,Arecaceae,,,Angiospermae,1,
Sassafras thermale,species,Sassafras,Lauraceae,Laurales,,Angiospermae,1,
Ficus rockvalensis,species,Ficus,Moraceae,,,Angiospermae,1,
Araucarites cutchensis,species,Araucarites,Araucariaceae,,Equisetopsida,Equisetophyta,1,
Foraminisporis,genus,Foraminisporis,,,Equisetopsida,Equisetophyta,1,
Biretisporites,genus,Biretisporites,,,Polypodiopsida,Pteridophyta,1,
Stoverisporites,genus,Stoverisporites,Marchantiidae,,Marchantiopsida,Marchantiophyta,1,
Asteropollis,genus,Asteropollis,,,,Magnoliophyta,1,
Celastrus,genus,Celastrus,Celastraceae,Celastrales,,Angiospermae,1,
Cissites insignis,species,Cissites,Vitaceae,Vitales,,Angiospermae,1,
Humulus,genus,Humulus,,,,,1,
Zingiberopsis,genus,Zingiberopsis,Zingiberaceae,Zingiberales,,Angiospermae,1,
Gymnocodium,genus,Gymnocodium,Gymnocodiaceae,,Rhodophyceae,Rhodophyta,1,
Holodiscus,genus,Holodiscus,Rosaceae,Rosales,,Angiospermae,1,
Zuberia zuberi,species,Zuberia,,,,,1,
Similiclypeina,genus,Similiclypeina,,Dasycladales,Chlorophyceae,Chlorophyta,1,
Angioporella fouryae,species,Angioporella,,Dasycladales,Chlorophyceae,Chlorophyta,1,
Pseudoactinoporella fragilis,species,Pseudoactinoporella,,Dasycladales,Chlorophyceae,Chlorophyta,1,
Praturlonella,genus,Praturlonella,,Dasycladales,Chlorophyceae,Chlorophyta,1,
Loperia,genus,Loperia,,,Algae,,1,
Trudopollis,genus,Trudopollis,,,,Angiospermae,1,
Plicapollis,genus,Plicapollis,,,,Angiospermae,1,
Androvettia statenensis,species,Androvettia,,Coniferales,,Gymnospermae,1,
Amblyochara begudiana,species,Amblyochara,Characea,Charales,,Charophyta,1,
Frenelopsis ramosissima,species,Frenelopsis,Cheirolepidiaceae,,Equisetopsida,Equisetophyta,1,
Chara,genus,Chara,Characea,Charales,,Charophyta,1,
Paloreodoxites plicatus,species,Paloreodoxites,Arecaceae,,,Angiospermae,1,
Sabal imperialis,species,Sabal,Arecaceae,,,Angiospermae,1,
Averrhoites affinis,species,Averrhoites,Oxalidaceae,Oxalidales,,Angiospermae,1,
Trochodendroides flabella,species,Trochodendroides,Cercidiphyllaceae,Saxifragales,,Angiospermae,1,
Juglans,genus,Juglans,Juglandaceae,Fagales,,Angiospermae,1,
Latochara latitruncata,species,Latochara,,,,Charophyta,1,
Metasolenopora,genus,Metasolenopora,Solenoporaceae,,Rhodophyceae,Rhodophyta,1,
Montenegrella,genus,Montenegrella,,Dasycladales,Chlorophyceae,Chlorophyta,1,
Camerosporites,genus,Camerosporites,,,,,1,
Accintisporites,genus,Accintisporites,,,,Gymnospermae,1,
Momipites microcoryphaeus,species,Momipites,Juglandaceae,Fagales,,Angiospermae,1,
Pseudoplicapollis,genus,Pseudoplicapollis,,,,Angiospermae,1,
Carya,genus,Carya,Juglandaceae,Fagales,,Angiospermae,1,
Momipites tenuipolus,species,Momipites,Juglandaceae,Fagales,,Angiospermae,1,
Momipites triletipollenites,species,Momipites,Juglandaceae,Fagales,,Angiospermae,1,
Platycarya,genus,Platycarya,Juglandaceae,Fagales,,Angiospermae,1,
Chenopodipollis,genus,Chenopodipollis,Chenopodiaceae,Caryophyllales,,Angiospermae,1,
Pandanus,genus,Pandanus,Pandanaceae,Pandanales,,Angiospermae,1,
Polypodites mantelli,species,Polypodites,,,,Pteridophyta,1,
Uragiella,genus,Uragiella,,,,,1,
Cancellophycus,genus,Cancellophycus,,,Algae,,1,
Atopochara trivolvis,species,Atopochara,Clavatoraceae,Charales,,Charophyta,1,
Stellatopollis hughesii,species,Stellatopollis,,,,Angiospermae,1,
Clypeator,genus,Clypeator,,,,Charophyta,1,
Archaeozostera,genus,Archaeozostera,Zosteraceae,Alismatales,,Angiospermae,1,
Sturiella,genus,Sturiella,,Bennettitales,Pteropsida,Pteridophyta,1,dataset_interno_genere_to_ordine
Septorella brachycera,species,Septorella,,,,Charophyta,1,
Ginkgoxylon,genus,Ginkgoxylon,,Ginkgoales,Ginkgoopsida,Ginkgophyta,1,
Solenoporella,genus,Solenoporella,Solenoporaceae,,Rhodophyceae,Rhodophyta,1,
Solenomeris,genus,Solenomeris,Solenoporaceae,,Rhodophyceae,Rhodophyta,1,
Granuloperculatipollis,genus,Granuloperculatipollis,,,,,1,
Pseudoglobator,genus,Pseudoglobator,Clavatoraceae,Charales,,Charophyta,1,
Sphagnum,genus,Sphagnum,Sphagnaceae,,,Bryophyta,1,
Osmunda,genus,Osmunda,Osmundaceae,,Polypodiopsida,Pteridophyta,1,
Arecipites,genus,Arecipites,Arecaceae,,,Angiospermae,1,
Karstenia,genus,Karstenia,,Polypodiales,Polypodiopsida,Pteridophyta,1,
Lapposisporites,genus,Lapposisporites,,,,,1,
Verrucosisporites rotundus,species,Verrucosisporites,,,Polypodiopsida,Pteridophyta,1,
Alisporites bilateralis,species,Alisporites,,,,Gymnospermae,1,
Leptolepidites verrucatus,species,Leptolepidites,Blechnaceae,,Polypodiopsida,Pteridophyta,1,
Osmundacidites,genus,Osmundacidites,,,Pteridopsida,Pteridophyta,1,
Caryapollenites,genus,Caryapollenites,Juglandaceae,Fagales,,Angiospermae,1,
Corylopsis,genus,Corylopsis,Hamamelidaceae,Saxifragales,,Angiospermae,1,
Anacolosidites,genus,Anacolosidites,,Santalales,,Angiospermae,1,
Ulmoideipites,genus,Ulmoideipites,,,Magnoliopsida,Spermatophyta,1,
Basopollis,genus,Basopollis,,,Magnoliopsida,Spermatophyta,1,
Complexiopollis,genus,Complexiopollis,,,,Angiospermae,1,
Triatriopollenites,genus,Triatriopollenites,,Proteales,,Angiospermae,1,
Microreticulatisporites,genus,Microreticulatisporites,,,,Pteridophyta,1,
Taurocusporites,genus,Taurocusporites,,,,Bryophyta,1,
Concavissimisporites apiverrucatus,species,Concavissimisporites,,,,Embryophyta,1,
Staplinisporites caminus,species,Staplinisporites,,,,Bryophyta,1,
Cooksonites variabilis,species,Cooksonites,,,,,1,
Plicatella,genus,Plicatella,,Schizaeales,Polypodiopsida,Pteridophyta,1,
Aequitriradites baculatus,species,Aequitriradites,,Sphaerocarpales,Marchantiopsida,Marchantiophyta,1,
Cladophlebis ungeri,species,Cladophlebis,,,Polypodiopsida,Pteridophyta,1,
Trilobosporites bernissartensis,species,Trilobosporites,,,,Pteridophyta,1,
Ischyosporites crateris,species,Ischyosporites,,,Pteridopsida,Pteridophyta,1,
Plicatella tricornitata,species,Plicatella,,Schizaeales,Polypodiopsida,Pteridophyta,1,
Tsugaepollenites trilobatus,species,Callialasporites,Podocarpaceae,Coniferales,,Gymnospermae,1,
Gleicheniidites circinidites,species,Gleicheniidites,Gleicheniaceae,,Polypodiopsida,Pteridophyta,1,
Aequitriradites dubius,species,Aequitriradites,,Sphaerocarpales,Marchantiopsida,Marchantiophyta,1,
Converrucosisporites proxigranulatus,species,Converrucosisporites,,,,Pteridophyta,1,
Trilobosporites trioreticulosus,species,Trilobosporites,,,,Pteridophyta,1,
Trilobosporites purverulentus,species,Trilobosporites,,,,Pteridophyta,1,
Concavissimisporites verrucosus,species,Concavissimisporites,,,,Embryophyta,1,
Linoporella,genus,Linoporella,,Dasycladales,Chlorophyceae,Chlorophyta,1,
Almargemia dentata,species,Almargemia,,,,Cycadophyta,1,
Inaperturopollenites limbatus,species,Inaperturopollenites,,Cupressales,Equisetopsida,Equisetophyta,1,
Trilobosporites hannonicus,species,Trilobosporites,,,,Pteridophyta,1,
Densoisporites triradiatus,species,Densoisporites,,Selaginellales,Lycopodiopsida,Lycopodiophyta,1,
Aneimidium,genus,Aneimidium,,,,Pteridophyta,1,
Solenopora vachardi,species,Solenopora,Solenoporaceae,,Rhodophyceae,Rhodophyta,1,
Solenopora concentrica,species,Solenopora,Solenoporaceae,,Rhodophyceae,Rhodophyta,1,
Solenopora paraconcentrica,species,Solenopora,Solenoporaceae,,Rhodophyceae,Rhodophyta,1,
Tauristorea discursa,species,Tauristorea,Solenoporaceae,,Rhodophyceae,Rhodophyta,1,
Tauristorea parallela,species,Tauristorea,Solenoporaceae,,Rhodophyceae,Rhodophyta,1,
Deltoidospora diaphana,species,Deltoidospora,,,Pteridopsida,Pteridophyta,1,
Polycingulatisporites reduncus,species,Polycingulatisporites,,,,Pteridophyta,1,
Tubulifloridites,genus,Tubulifloridites,Asteraceae,Asterales,,Angiospermae,1,
Penetetrapites,genus,Penetetrapites,,,,Magnoliophyta,1,
Scabrastephanocolpites,genus,Scabrastephanocolpites,,,Magnoliopsida,Spermatophyta,1,
Schizosporis laevigatus,species,Schizosporis,,,,Chlorophyta,1,
Echinatisporis,genus,Echinatisporis,,,Pteridopsida,Pteridophyta,1,
Pycnoporidium sinuosum,species,Pycnoporidium,Solenoporaceae,,Rhodophyceae,Rhodophyta,1,
Flabellochara,genus,Flabellochara,,,,Charophyta,1,
Clavatorites,genus,Clavatorites,,,,Charophyta,1,
Perimneste,genus,Perimneste,,,,Charophyta,1,
Araripia florifera,species,Araripia,,,,Magnoliophyta,1,
Botryococcus braunii,species,Botryococcus,Botryococcaceae,,Algae,,1,
Parvisaccites radiatus,species,Parvisaccites,Podocarpaceae,Coniferales,,Gymnospermae,1,
Ovoidites,genus,Ovoidites,Zygnemataceae,,Algae,,1,
Gobichara groeberi,species,Gobichara,Characeae,Charales,,Charophyta,1,
Gobichara,genus,Gobichara,Characeae,Charales,,Charophyta,1,
Nitellopsis,genus,Nitellopsis,Feistiellaceae,Charales,,Charophyta,1,
Altochara,genus,Altochara,,,,Charophyta,1,
Stellatochara,genus,Stellatochara,,,,Charophyta,1,
Megaporella,genus,Megaporella,,Dasycladales,Chlorophyceae,Chlorophyta,1,
Clavator,genus,Clavator,,Charales,,Charophyta,1,
Scenedesmus,genus,Scenedesmus,Scenedesmaceae,,Chlorophyceae,Chlorophyta,1,
Scenedesmus novilunaris,species,Scenedesmus,Scenedesmaceae,,Chlorophyceae,Chlorophyta,1,
Tetranguladinium,genus,Tetranguladinium,Zygnemataceae,,Algae,,1,
Aequitriradites verrucosus,species,Aequitriradites,,Sphaerocarpales,Marchantiopsida,Marchantiophyta,1,
Coptospora striata,species,Coptospora,,,,Bryophyta,1,
Zlivisporis reticulatus,species,Zlivisporis,,,Hepaticae,Bryophyta,1,
Leioaletes,genus,Leioaletes,,,Gymnospermopsida,Tracheophyta,1,
Foveoinaperturites,genus,Foveoinaperturites,,,,,1,
Ephedripites patapscoensis,species,Ephedripites,,Ephedrales,Ginkgoopsida,Ginkgophyta,1,
Eucommiidites troedssonii,species,Eucommiidites,,Cycadales,Cycadopsida,Cycadophyta,1,
Retitriletes austroclavatidites,species,Retitriletes,,Lycopodiales,Lycopodiopsida,Lycopodiophyta,1,
Foveotriletes subtriangularis,species,Foveotriletes,,,Lycopsida,Pteridophyta,1,
Echinatisporis varispinosus,species,Echinatisporis,,,Pteridopsida,Pteridophyta,1,
Verrucosisporites obscurilaesuratus,species,Verrucosisporites,,,Polypodiopsida,Pteridophyta,1,
Taurocusporites segmentatus,species,Taurocusporites,,,,Bryophyta,1,
Taurocusporites reduncus,species,Taurocusporites,,,,Bryophyta,1,
Impardecispora apiverrucata,species,Impardecispora,,,,Pteridophyta,1,
Baculatisporites comaumensis,species,Baculatisporites,Osmundaceae,,Polypodiopsida,Pteridophyta,1,
Halymenites major,species,Halymenites,,,Algae,,1,
Palmocarpon luisi,species,Palmocarpon,Arecaceae,,,Angiospermae,1,
Elianella,genus,Elianella,Solenoporaceae,,Rhodophyceae,Rhodophyta,1,
Microchara,genus,Microchara,Characea,Charales,,Charophyta,1,
Archamphiroa jurassica,species,Archamphiroa,,Corallinales,Florideophyceae,Rhodophyta,1,
Clathraria,genus,Clathraria,Sigillariaceae,,,Lycophyta,1,
Aricycas paulae,species,Aricycas,,Cycadales,Cycadopsida,Cycadophyta,1,
Marmarthia johnsonii,species,Marmarthia,Lauraceae,Laurales,,Angiospermae,1,
Rhamnus salicifolius,species,Rhamnus,Rhamnaceae,Rosales,,Angiospermae,1,
Osmunda hollicki,species,Osmunda,Osmundaceae,,Polypodiopsida,Pteridophyta,1,
Sequoia obovata,species,Sequoia,Cupressaceae,Coniferales,,Gymnospermae,1,
Liriodendron laramiense,species,Liriodendron,Magnoliaceae,Magnoliales,,Angiospermae,1,
Asimina,genus,Asimina,Annonaceae,Magnoliales,,Angiospermae,1,
Laurophyllum lanceolatum,species,Laurophyllum,Lauraceae,Laurales,,Angiospermae,1,
Cornus,genus,Cornus,Cornaceae,Cornales,,Angiospermae,1,
Juglans arctica,species,Juglans,Juglandaceae,Fagales,,Angiospermae,1,
Macclintockia,genus,Macclintockia,Proteaceae,Proteales,,Angiospermae,1,
Zamites bayeri,species,Zamites,,Bennettitales,Pteropsida,Gymnospermae,1,dataset_interno_ordine_to_classe
Sphaerochara,genus,Sphaerochara,Characeae,Charales,,Charophyta,1,
Nemegtichara prima,species,Nemegtichara,Characeae,Charales,,Charophyta,1,
Maedlerisphaera,genus,Maedlerisphaera,,,,Charophyta,1,
Aclistochara,genus,Aclistochara,Characeae,Charales,,Charophyta,1,
Callistopollenites,genus,Callistopollenites,,,Magnoliopsida,Spermatophyta,1,
Loranthacites,genus,Loranthacites,,,,Magnoliophyta,1,
Microreticulatisporites uniformis,species,Microreticulatisporites,,,,Pteridophyta,1,
Stereisporites regium,species,Stereisporites,,,Bryopsida,Bryophyta,1,
Trudopollis meekeri,species,Trudopollis,,,,Angiospermae,1,
Solenopora rectangulata,species,Solenopora,Solenoporaceae,,Rhodophyceae,Rhodophyta,1,
Parachaetetes dizluensis,species,Parachaetetes,Solenoporaceae,,Rhodophyceae,Rhodophyta,1,
Potamogeton,genus,Potamogeton,Potamogetonaceae,Alismatales,,Angiospermae,1,
Marmarthia,genus,Marmarthia,Lauraceae,Laurales,,Angiospermae,1,
Lygodioisporites perverrucatus,species,Lygodioisporites,,,Pteridopsida,Pteridophyta,1,
Cyathidites,genus,Cyathidites,,,Pteridopsida,Pteridophyta,1,
Caytonipollenites,genus,Caytonipollenites,,,,,1,
Rugulatisporites,genus,Rugulatisporites,Osmundaceae,,Polypodiopsida,Pteridophyta,1,
Cirratriradites,genus,Cirratriradites,,,,,1,
Scutifolium,genus,Scutifolium,Cabombaceae,Nymphaeales,,Angiospermae,1,
Sassafras mudgii,species,Sassafras,Lauraceae,Laurales,,Angiospermae,1,
Aralia newberryi,species,Aralia,Araliaceae,Apiales,,Angiospermae,1,
Arundo groenlandica,species,Arundo,,,,Angiospermae,1,
Todea,genus,Todea,Osmundaceae,,Polypodiopsida,Pteridophyta,1,
Doylea,genus,Doylea,,Corystospermales,Gymnospermopsida,Tracheophyta,1,
Solenostelopteris,genus,Solenostelopteris,,Filicales,Polypodiopsida,Pteridophyta,1,
Pterisorus,genus,Pterisorus,,Filicales,Polypodiopsida,Pteridophyta,1,
Stramineopteris,genus,Stramineopteris,,Filicales,Polypodiopsida,Pteridophyta,1,
Magnolia boulayana,species,Magnolia,Magnoliaceae,Magnoliales,,Angiospermae,1,
Salix newberryana,species,Salix,Salicaceae,Malpighiales,,Angiospermae,1,
Lepidodendron,genus,Lepidodendron,Lepidodendraceae,Lepidodendrales,,Lycophyta,1,
Lepacyclotes,genus,Lepacyclotes,,,,,1,
Wingatea,genus,Wingatea,,,,Pteridophyta,1,
Podozamites acutifolius,species,Podozamites,Podocarpaceae,Coniferales,,Gymnospermae,1,
Ficophyllum crassinerve,species,Ficophyllum,Moraceae,,,Angiospermae,1,
Populophyllum crassinerve,species,Populophyllum,Salicaceae,Malpighiales,,Angiospermae,1,
Ulmophyllum crassinerve,species,Ulmophyllum,Ulmaceae,Rosales,,Angiospermae,1,
Sterculia elegans,species,Sterculia,Malvaceae,Malvales,,Angiospermae,1,
Juglandiphyllum integrifolium,species,Juglandiphyllum,Juglandaceae,Fagales,,Angiospermae,1,
Araliaephyllum crassinerve,species,Araliaephyllum,Araliaceae,Apiales,,Angiospermae,1,
Potomacanthus lobatus,species,Potomacanthus,Lauraceae,Laurales,,Angiospermae,1,
Carpestella,genus,Carpestella,,,Magnoliopsida,Spermatophyta,1,
Gabonisporis vigourouxii,species,Gabonisporis,Marsileaceae,,Polypodiopsida,Pteridophyta,1,
Oleandridium,genus,Oleandridium,,Filicales,Polypodiopsida,Pteridophyta,1,
Sphenopteris baileyana,species,Sphenopteris,,Lyginopteridales,Lyginopteridopsida,Gymnospermae,1,
Thinnfeldia indica,species,Thinnfeldia,,Pteridospermales,Cycadopsida,Cycadophyta,1,
Thinnfeldia odontopteroides,species,Thinnfeldia,,Pteridospermales,Cycadopsida,Cycadophyta,1,
Wairarapaia mildenhallii,species,Wairarapaia,Araucariaceae,,Equisetopsida,Equisetophyta,1,
Telephragmoxylon,genus,Telephragmoxylon,,Coniferales,,Gymnospermae,1,
Camarozonosporites insignis,species,Camarozonosporites,,Selaginellales,Lycopodiopsida,Lycopodiophyta,1,
Rouseisporites simplex,species,Zlivisporis,,,Hepaticae,Bryophyta,1,
Ephedripites jansonii,species,Ephedripites,,Ephedrales,Ginkgoopsida,Ginkgophyta,1,
Midlandia nishidae,species,Midlandia,Blechnaceae,,Polypodiopsida,Pteridophyta,1,
Cobbania corrugata,species,Cobbania,Araceae,,,Angiospermae,1,
Wheeleroxylon atascosense,species,Wheeleroxylon,Malvaceae,Malvales,,Angiospermae,1,
Coahuiloxylon terrazasiae,species,Coahuiloxylon,,Sapindales,,Angiospermae,1,
Muzquizoxylon,genus,Muzquizoxylon,Cornaceae,Cornales,,Angiospermae,1,
Olmosoxylon,genus,Olmosoxylon,,Laurales,,Angiospermae,1,
Coahuilacarpon phytolaccoides,species,Coahuilacarpon,Phytolaccaceae,Caryophyllales,,Angiospermae,1,
Exnelumbites callejasiae,species,Exnelumbites,Nelumbonaceae,Proteales,,Angiospermae,1,
Exnelumbites,genus,Exnelumbites,Nelumbonaceae,Proteales,,Angiospermae,1,
Dendronella,genus,Dendronella,Solenoporaceae,,Rhodophyceae,Rhodophyta,1,
Dammarophyllum,genus,Dammarophyllum,,,,Coniferophyta,1,
Bevhalstea,genus,Bevhalstea,,,,Magnoliophyta,1,
Verrucatosporites,genus,Verrucatosporites,Polypodiaceae,,Polypodiopsida,Pteridophyta,1,
Phyllocladidites mawsonii,species,Phyllocladidites,Podocarpaceae,Coniferales,,Gymnospermae,1,
Pluricarpellatia peltata,species,Pluricarpellatia,Cabombaceae,Nymphaeales,,Angiospermae,1,
Aquatifolia fluitans,species,Aquatifolia,Nymphaeaceae,Nymphaeales,,Angiospermae,1,
Brasenites kansense,species,Brasenites,Cabombaceae,Nymphaeales,,Angiospermae,1,
Monetianthus mirus,species,Monetianthus,Nymphaeaceae,Nymphaeales,,Angiospermae,1,
Palaeopiceoxylon,genus,Palaeopiceoxylon,,Coniferales,,Gymnospermae,1,
Caloda delevoryana,species,Caloda,,,Magnoliopsida,Spermatophyta,1,
Brenneripollis,genus,Brenneripollis,,,,Magnoliophyta,1,
Pennipollis peroreticulatus,species,Pennipollis,,Alismatales,,Angiospermae,1,
Schrankipollis kachaikensis,species,Schrankipollis,,,,Magnoliophyta,1,
Retimonocolpites peroreticulatus,species,Retimonocolpites,,,,Angiospermae,1,
Berhamniphyllum,genus,Berhamniphyllum,Rhamnaceae,Rosales,,Angiospermae,1,
Archaeopaliurus,genus,Archaeopaliurus,Rhamnaceae,Rosales,,Angiospermae,1,
Thalassotaenia debeyi,species,Thalassotaenia,Hydrocharitaceae,Alismatales,,Angiospermae,1,
Zosterites,genus,Zosterites,Potamogetonaceae,Alismatales,,Angiospermae,1,
Droseridites,genus,Droseridites,Droseraceae,Caryophyllales,,Angiospermae,1,
Laevigatosporites haardti,species,Laevigatosporites,Polypodiaceae,,Polypodiopsida,Pteridophyta,1,
Retitriletes,genus,Retitriletes,,Lycopodiales,Lycopodiopsida,Lycopodiophyta,1,
Limalbocarpon readlynensis,species,Limalbocarpon,Euphorbiaceae,Malpighiales,,Angiospermae,1,
Posidonia cretacea,species,Posidonia,Posidoniaceae,Alismatales,,Angiospermae,1,
Thalassocharis bosqueti,species,Thalassocharis,,Alismatales,,Angiospermae,1,
Millerocaulis embreei,species,Millerocaulis,Osmundaceae,,Polypodiopsida,Pteridophyta,1,
Phyllothallus,genus,Phyllothallus,,,,,1,
Elaterocolpites pentarhetus,species,Elaterocolpites,,Gnetales,Gnetopsida,Gnetophyta,1,
Galeacornea clavis,species,Galeacornea,,,,Gymnospermae,1,
Galeacornea causea,species,Galeacornea,,,,Gymnospermae,1,
Elaterosporites protensus,species,Elaterosporites,,Gnetales,Gnetopsida,Gnetophyta,1,
Elaterosporites acuminatus,species,Elaterosporites,,Gnetales,Gnetopsida,Gnetophyta,1,
Elaterocolpites castelani,species,Elaterocolpites,,Gnetales,Gnetopsida,Gnetophyta,1,
Elaterosporites klaszi,species,Elaterosporites,,Gnetales,Gnetopsida,Gnetophyta,1,
Afropollis jardinus,species,Afropollis,,,,Angiospermae,1,
Elaterosporites verrucatus,species,Elaterosporites,,Gnetales,Gnetopsida,Gnetophyta,1,
Crybelosporites pannuceus,species,Crybelosporites,Marsileaceae,,Polypodiopsida,Pteridophyta,1,
Cretacaeiporites polygonalis,species,Cretacaeiporites,Trimeniaceae,Austrobaileyales,,Angiospermae,1,
Nyssapollenites albertensis,species,Nyssapollenites,,,,Magnoliophyta,1,
Classopollis brasiliensis,species,Classopollis,Cheirolepidiaceae,,Equisetopsida,Equisetophyta,1,
Cretacaeiporites densimurus,species,Cretacaeiporites,Trimeniaceae,Austrobaileyales,,Angiospermae,1,
Triporopollenites,genus,Triporopollenites,Proteaceae,Proteales,,Angiospermae,1,
Foveotricolpites giganteus,species,Foveotricolpites,,,,Magnoliophyta,1,
Foveotricolpites gigantoreticulatus,species,Foveotricolpites,,,,Magnoliophyta,1,
Droseridites senonicus,species,Droseridites,Droseraceae,Caryophyllales,,Angiospermae,1,
Spinizonocolpites echinatus,species,Spinizonocolpites,Arecaceae,,,Angiospermae,1,
Ginkgocycadophytus,genus,Ginkgocycadophytus,,,,,1,
Tripartina variabilis,species,Tripartina,,,,,1,
Donlesia dakotensis,species,Donlesia,Ceratophyllaceae,Ceratophyllales,,Angiospermae,1,
Russoella,genus,Russoella,,Dasycladales,Chlorophyceae,Chlorophyta,1,
Vermiporella,genus,Vermiporella,,,Ulvophyceae,Chlorophyta,1,
Elaterosporites klaszii,species,Elaterosporites,,Gnetales,Gnetopsida,Gnetophyta,1,
Triorites africaensis,species,Triorites,,,Dicotyledoneae,Angiospermae,1,
Cretacaeiporites scabratus,species,Cretacaeiporites,Trimeniaceae,Austrobaileyales,,Angiospermae,1,
Monocolpites,genus,Monocolpites,,,,,1,
Tricolporopollenites,genus,Tricolporopollenites,Euphorbiaceae,Malpighiales,,Angiospermae,1,
Tricolporites,genus,Tricolporites,,,Magnoliopsida,Spermatophyta,1,
Hexaporotricolpites emelianovi,species,Hexaporotricolpites,Didymelaceae,Buxales,,Angiospermae,1,
Ephedripites multicostatus,species,Ephedripites,,Ephedrales,Ginkgoopsida,Ginkgophyta,1,
Afropollis kahramanensis,species,Afropollis,,,,Angiospermae,1,
Biretisporites potoniaei,species,Biretisporites,,,Polypodiopsida,Pteridophyta,1,
Classopollis classoides,species,Classopollis,Cheirolepidiaceae,,Equisetopsida,Equisetophyta,1,
Crybelosporites stylosus,species,Crybelosporites,Marsileaceae,,Polypodiopsida,Pteridophyta,1,
Duplexisporites generalis,species,Duplexisporites,,,,Pteridophyta,1,
Elaterosporites,genus,Elaterosporites,,Gnetales,Gnetopsida,Gnetophyta,1,
Ischyosporites,genus,Ischyosporites,,,Pteridopsida,Pteridophyta,1,
Nyssapollenites,genus,Nyssapollenites,,,,Magnoliophyta,1,
Retimonocolpites variplicatus,species,Retimonocolpites,,,,Angiospermae,1,
Rousea,genus,Rousea,,,Magnoliopsida,Spermatophyta,1,
Saadisporites aegyptiaca,species,Saadisporites,,,,Pteridophyta,1,
Equisetosporites barghoornii,species,Equisetosporites,,Ephedrales,Ginkgoopsida,Ginkgophyta,1,
Afropollis,genus,Afropollis,,,,Angiospermae,1,
Psilatriletes,genus,Psilatriletes,,,,Pteridophyta,1,
Pennipollis reticulatus,species,Pennipollis,,Alismatales,,Angiospermae,1,
Phimopollenites pannosus,species,Phimopollenites,,,,Magnoliophyta,1,
Phimopollenites pseudocheros,species,Phimopollenites,,,,Magnoliophyta,1,
Psilatricolpites simplex,species,Psilatricolpites,,,,Magnoliophyta,1,
Psilatricolporites,genus,Psilatricolporites,,,Magnoliopsida,Spermatophyta,1,
Retipollenites,genus,Retipollenites,,,,Magnoliophyta,1,
Psilamonocolpites,genus,Psilamonocolpites,,,,Magnoliophyta,1,
Retitricolpites,genus,Retitricolpites,,,,Magnoliophyta,1,
Retitricolporites,genus,Retitricolporites,,,Magnoliopsida,Spermatophyta,1,
Rousea georgensis,species,Rousea,,,Magnoliopsida,Spermatophyta,1,
Rousea miculipollis,species,Rousea,,,Magnoliopsida,Spermatophyta,1,
Scabramonocolpites,genus,Scabramonocolpites,,,,,1,
Schrankipollis mawhoubensis,species,Schrankipollis,,,,Magnoliophyta,1,
Schrankipollis,genus,Schrankipollis,,,,Magnoliophyta,1,
Stellatopollis doylei,species,Stellatopollis,,,,Angiospermae,1,
Equisetosporites albertensis,species,Equisetosporites,,Ephedrales,Ginkgoopsida,Ginkgophyta,1,
Equisetosporites leptomatus,species,Equisetosporites,,Ephedrales,Ginkgoopsida,Ginkgophyta,1,
Equisetosporites fragilis,species,Equisetosporites,,Ephedrales,Ginkgoopsida,Ginkgophyta,1,
Equisetosporites irregularis,species,Equisetosporites,,Ephedrales,Ginkgoopsida,Ginkgophyta,1,
Steevesipollenites cupuliformis,species,Steevesipollenites,,Gnetales,Gnetopsida,Gnetophyta,1,
Classopollis intrareticulatus,species,Classopollis,Cheirolepidiaceae,,Equisetopsida,Equisetophyta,1,
Exesipollenites tumulus,species,Exesipollenites,,,,Gymnospermae,1,
Appendicisporites dentimarginatus,species,Appendicisporites,,Schizaeales,Polypodiopsida,Pteridophyta,1,
Appendicisporites erdtmanii,species,Appendicisporites,,Schizaeales,Polypodiopsida,Pteridophyta,1,
Clavatriletes,genus,Clavatriletes,,,Pteridopsida,Pteridophyta,1,
Echimonoletes,genus,Echimonoletes,,,,,1,
Foveotriletes,genus,Foveotriletes,,,Lycopsida,Pteridophyta,1,
Impardecispora,genus,Impardecispora,,,,Pteridophyta,1,
Microfoveolatosporis skottsbergii,species,Microfoveolatosporis,,,,Pteridophyta,1,
Retimonoletes,genus,Retimonoletes,,,,,1,
Psilatricolpites,genus,Psilatricolpites,,,,Magnoliophyta,1,
Retitricolpites operculatus,species,Retitricolpites,,,,Magnoliophyta,1,
Steevesipollenites binodosus,species,Steevesipollenites,,Gnetales,Gnetopsida,Gnetophyta,1,
Aequitriradites acusus,species,Aequitriradites,,Sphaerocarpales,Marchantiopsida,Marchantiophyta,1,
Clavatisporites,genus,Clavatisporites,,,Pteridopsida,Pteridophyta,1,
Triplanosporites,genus,Triplanosporites,,,,Pteridophyta,1,
Ovoidites parvus,species,Ovoidites,Zygnemataceae,,Algae,,1,
Zlivisporis blanensis,species,Zlivisporis,,,Hepaticae,Bryophyta,1,
Balmeiopsis limbatus,species,Balmeiopsis,Araucariaceae,,Equisetopsida,Equisetophyta,1,
Retimonocolpites pennyi,species,Retimonocolpites,,,,Angiospermae,1,
Steevesipollenites sinuosus,species,Steevesipollenites,,Gnetales,Gnetopsida,Gnetophyta,1,
Retiacolpites,genus,Retiacolpites,,,Dicotyledoneae,Angiospermae,1,
Scythiana,genus,Scythiana,,,,,1,
Metaleiofusa,genus,Metaleiofusa,,,,,1,
Sueria rectinervis,species,Sueria,,Cycadales,Cycadopsida,Cycadophyta,1,
Afropollis operculatus,species,Afropollis,,,,Angiospermae,1,
Bullasporis,genus,Bullasporis,,,,,1,
Equisetosporites multicostatus,species,Equisetosporites,,Ephedrales,Ginkgoopsida,Ginkgophyta,1,
Retimonocolpites reticulatus,species,Retimonocolpites,,,,Angiospermae,1,
Fitzroya,genus,Fitzroya,Cupressaceae,Coniferales,,Gymnospermae,1,
Schinopsis dubia,species,Schinopsis,Anacardiaceae,Sapindales,,Angiospermae,1,
Laurophyllum kurtzi,species,Laurophyllum,Lauraceae,Laurales,,Angiospermae,1,
Bignonites chalianus,species,Bignonites,Bignoniaceae,Lamiales,,Angiospermae,1,
Cooksonites,genus,Cooksonites,,,,,1,
Balmeiopsis limbata,species,Balmeiopsis,Araucariaceae,,Equisetopsida,Equisetophyta,1,
Bennettitaepollenites regaliae,species,Bennettitaepollenites,,Bennettitales,Pteropsida,Gymnospermae,1,dataset_interno_ordine_to_classe
Ephedripites ambiguus,species,Ephedripites,,Ephedrales,Ginkgoopsida,Ginkgophyta,1,
Steevesipollenites,genus,Steevesipollenites,,Gnetales,Gnetopsida,Gnetophyta,1,
Steevesipollenites grambasti,species,Steevesipollenites,,Gnetales,Gnetopsida,Gnetophyta,1,
Elaterocolpites,genus,Elaterocolpites,,Gnetales,Gnetopsida,Gnetophyta,1,
Sofrepites legouxae,species,Sofrepites,,,,Gymnospermae,1,
Auriculiidites reticulatus,species,Auriculiidites,,,,Magnoliophyta,1,
Dichastopollenites ghazalatensis,species,Dichastopollenites,Nymphaeaceae,Nymphaeales,,Angiospermae,1,
Proteacidites africaensis,species,Proteacidites,Proteaceae,Proteales,,Angiospermae,1,
Matonisporites excavatus,species,Matonisporites,,,Pteridopsida,Pteridophyta,1,
Gleicheniidites apilobatus,species,Gleicheniidites,Gleicheniaceae,,Polypodiopsida,Pteridophyta,1,
Hymenophyllumsporites,genus,Hymenophyllumsporites,,,,,1,
Ischyosporites punctatus,species,Ischyosporites,,,Pteridopsida,Pteridophyta,1,
Apiculatisporis babsae,species,Apiculatisporis,,,,Pteridophyta,1,
Echinatisporis longechinus,species,Echinatisporis,,,Pteridopsida,Pteridophyta,1,
Foraminisporis dailyi,species,Foraminisporis,,,Equisetopsida,Equisetophyta,1,
Triplanosporites sinuosus,species,Triplanosporites,,,,Pteridophyta,1,
Tsugaepollenites dampieri,species,Callialasporites,Podocarpaceae,Coniferales,,Gymnospermae,1,
Araucariacites limbatus,species,Araucariacites,Araucariaceae,,Equisetopsida,Equisetophyta,1,
Ginkgocycadophytus nitidus,species,Ginkgocycadophytus,,,,,1,
Laricoidites,genus,Laricoidites,,,Gymnospermopsida,Tracheophyta,1,
Monosulcites epakros,species,Monosulcites,,,,Angiospermae,1,
Monosulcites chaloneri,species,Monosulcites,,,,Angiospermae,1,
Palmaepollenites,genus,Palmaepollenites,Arecaceae,,,Angiospermae,1,
Monosulcites (Palmidites),subgenus,Monosulcites (Palmidites),,,,Angiospermae,1,
Psilatricolpites psilatus,species,Psilatricolpites,,,,Magnoliophyta,1,
Retitricolpites georgensis,species,Retitricolpites,,,,Magnoliophyta,1,
Galeacornea,genus,Galeacornea,,,,Gymnospermae,1,
Auritulinasporites,genus,Auritulinasporites,,,,Pteridophyta,1,
Peromonolites,genus,Peromonolites,Blechnaceae,,Polypodiopsida,Pteridophyta,1,
Teixeiraea,genus,Teixeiraea,,Ranunculales,,Angiospermae,1,
Zuberia barrealensis,species,Zuberia,,,,,1,
Mesochara,genus,Mesochara,Characea,Charales,,Charophyta,1,
Peckisphaera verticillata,species,Peckisphaera,Characeae,Charales,,Charophyta,1,
Nodosoclavator,genus,Nodosoclavator,,,,Charophyta,1,
Auritulinasporites deltaformis,species,Auritulinasporites,,,,Pteridophyta,1,
Inaperturopollenites giganteus,species,Inaperturopollenites,,Cupressales,Equisetopsida,Equisetophyta,1,
Alisporites similis,species,Alisporites,,,,Gymnospermae,1,
Afropollis zonatus,species,Afropollis,,,,Angiospermae,1,
Echimonocolpites,genus,Echimonocolpites,,,Magnoliopsida,Spermatophyta,1,
Retimonocolpites saadii,species,Retimonocolpites,,,,Angiospermae,1,
Circulina parva,species,Circulina,,Coniferales,,Gymnospermae,1,
Leptolepidites psarosus,species,Leptolepidites,Blechnaceae,,Polypodiopsida,Pteridophyta,1,
Ephedripites ovalis,species,Ephedripites,,Ephedrales,Ginkgoopsida,Ginkgophyta,1,
Appendicisporites potomacensis,species,Appendicisporites,,Schizaeales,Polypodiopsida,Pteridophyta,1,
Appendicisporites giganticus,species,Appendicisporites,,Schizaeales,Polypodiopsida,Pteridophyta,1,
Trilobosporites laevigatus,species,Trilobosporites,,,,Pteridophyta,1,
Stellatopollis barghoornii,species,Stellatopollis,,,,Angiospermae,1,
Ephedripites irregularis,species,Ephedripites,,Ephedrales,Ginkgoopsida,Ginkgophyta,1,
Sofrepites,genus,Sofrepites,,,,Gymnospermae,1,
Striatopollis trochuensis,species,Striatopollis,,,Magnoliopsida,Spermatophyta,1,
Rousea delicipollis,species,Rousea,,,Magnoliopsida,Spermatophyta,1,
Equisetosporites ambiguus,species,Equisetosporites,,Ephedrales,Ginkgoopsida,Ginkgophyta,1,
Cretacaeiporites mullerii,species,Cretacaeiporites,Trimeniaceae,Austrobaileyales,,Angiospermae,1,
Foveotricolpites,genus,Foveotricolpites,,,,Magnoliophyta,1,
Gemmatricolpites,genus,Gemmatricolpites,,,Magnoliopsida,Spermatophyta,1,
Papillopollis vancampoae,species,Papillopollis,,,,Angiospermae,1,
Syncolporites,genus,Syncolporites,Loranthaceae,Santalales,,Angiospermae,1,
Kyrtomisporis,genus,Kyrtomisporis,,,Pteridopsida,Pteridophyta,1,
Camptotriletes,genus,Camptotriletes,,,,,1,
Elaterocolpites castelaini,species,Elaterocolpites,,Gnetales,Gnetopsida,Gnetophyta,1,
Stephanocolpites,genus,Stephanocolpites,,,Dicotyledoneae,Angiospermae,1,
Triporites,genus,Triporites,,,,Magnoliophyta,1,
Hexaporotricolpites lamellaferus,species,Hexaporotricolpites,Didymelaceae,Buxales,,Angiospermae,1,
Retitriporites,genus,Retitriporites,,,,,1,
Steevesipollenites multilineatus,species,Steevesipollenites,,Gnetales,Gnetopsida,Gnetophyta,1,
Reticulatasporites,genus,Reticulatasporites,,,,,1,
Triorites,genus,Triorites,,,Dicotyledoneae,Angiospermae,1,
Echitriporites,genus,Echitriporites,Proteaceae,Proteales,,Angiospermae,1,
Crassitriapertites,genus,Crassitriapertites,,,,Magnoliophyta,1,
Striatricolporites,genus,Striatricolporites,,,Magnoliopsida,Spermatophyta,1,
Crassitricolporites brasiliensis,species,Crassitricolporites,,,,Magnoliophyta,1,
Hexaporotricolpites,genus,Hexaporotricolpites,Didymelaceae,Buxales,,Angiospermae,1,
Psilastephanocolporites,genus,Psilastephanocolporites,,,,Magnoliophyta,1,
Buttinia andreevi,species,Buttinia,,Buxales,,Angiospermae,1,
Alisporites alimentosus,species,Alisporites,,,,Gymnospermae,1,
Palmoxylon,genus,Palmoxylon,Arecaceae,,,Angiospermae,1,
Reticulisporites,genus,Reticulisporites,,,Lycopsida,Pteridophyta,1,
Elaterocolpites castelainii,species,Elaterocolpites,,Gnetales,Gnetopsida,Gnetophyta,1,
Gabonisporis,genus,Gabonisporis,Marsileaceae,,Polypodiopsida,Pteridophyta,1,
Gnetaceaepollenites,genus,Gnetaceaepollenites,,,,Gymnospermae,1,
Tricolporoidites,genus,Tricolporoidites,,,,Magnoliophyta,1,
Cycadopites ovatus,species,Cycadopites,,,,Cycadophyta,1,
Osmundacidites wellmani,species,Osmundacidites,,,Pteridopsida,Pteridophyta,1,
Corrugatisporites,genus,Corrugatisporites,,,,,1,
Multiporopollenites,genus,Multiporopollenites,,,,Magnoliophyta,1,
Tricolpites gigantoreticulatus,species,Tricolpites,,Gunnerales,,Angiospermae,1,
Tricolpites microstriatus,species,Tricolpites,,Gunnerales,,Angiospermae,1,
Tricolpites giganteus,species,Tricolpites,,Gunnerales,,Angiospermae,1,
Monocolpopollenites spheroidites,species,Monocolpopollenites,,,,Magnoliophyta,1,
Monocolpopollenites,genus,Monocolpopollenites,,,,Magnoliophyta,1,
Tricolpites synstriatus,species,Tricolpites,,Gunnerales,,Angiospermae,1,
Diporites,genus,Diporites,,,,,1,
Graminidites,genus,Graminidites,Poaceae,Poales,,Angiospermae,1,
Aquilapollenites minimus,species,Aquilapollenites,,,,Magnoliophyta,1,
Cingutriletes,genus,Cingutriletes,,,,Bryophyta,1,
Interulobites,genus,Interulobites,,,,Bryophyta,1,
Matonisporites crassiangulatus,species,Matonisporites,,,Pteridopsida,Pteridophyta,1,
Psilatriletes radiatus,species,Psilatriletes,,,,Pteridophyta,1,
Rotverrusporites,genus,Rotverrusporites,Osmundaceae,,Polypodiopsida,Pteridophyta,1,
Cycadopites glottus,species,Cycadopites,,,,Cycadophyta,1,
Exesipollenites scabratus,species,Exesipollenites,,,,Gymnospermae,1,
Clavatipollenites tenellis,species,Clavatipollenites,Chloranthaceae,Chloranthales,,Angiospermae,1,
Dryadopollis argus,species,Dryadopollis,,,,Magnoliophyta,1,
Dryadopollis inconspicuus,species,Dryadopollis,,,,Magnoliophyta,1,
Dryadopollis,genus,Dryadopollis,,,,Magnoliophyta,1,
Penetetrapites mollis,species,Penetetrapites,,,,Magnoliophyta,1,
Phimopollenites augathallaensis,species,Phimopollenites,,,,Magnoliophyta,1,
Phimopollenites,genus,Phimopollenites,,,,Magnoliophyta,1,
Quadricolpites reticulatus,species,Quadricolpites,,,Dicotyledoneae,Angiospermae,1,
Retitricolpites virgeus,species,Retitricolpites,,,,Magnoliophyta,1,
Striatopollis dubius,species,Striatopollis,,,Magnoliopsida,Spermatophyta,1,
Tricolpites crassimurus,species,Tricolpites,,Gunnerales,,Angiospermae,1,
Tricolpites variabilis,species,Tricolpites,,Gunnerales,,Angiospermae,1,
Gnetaceaepollenites diversus,species,Gnetaceaepollenites,,,,Gymnospermae,1,
Hexaporotricolpites potoniei,species,Hexaporotricolpites,Didymelaceae,Buxales,,Angiospermae,1,
Gnetaceaepollenites clathratus,species,Gnetaceaepollenites,,,,Gymnospermae,1,
Cretacaeiporites,genus,Cretacaeiporites,Trimeniaceae,Austrobaileyales,,Angiospermae,1,
Cretacaeiporites muellerii,species,Cretacaeiporites,Trimeniaceae,Austrobaileyales,,Angiospermae,1,
Pennipollis,genus,Pennipollis,,Alismatales,,Angiospermae,1,
Psilatricolpites tetradus,species,Psilatricolpites,,,,Magnoliophyta,1,
Retimonocolpites microreticulatus,species,Retimonocolpites,,,,Angiospermae,1,
Retitricolpites microreticulatus,species,Retitricolpites,,,,Magnoliophyta,1,
Stellatopollis limai,species,Stellatopollis,,,,Angiospermae,1,
Tricolpites pachyexinus,species,Tricolpites,,Gunnerales,,Angiospermae,1,
Ephedripites montanaensis,species,Ephedripites,,Ephedrales,Ginkgoopsida,Ginkgophyta,1,
Ephedripites pentacostatus,species,Ephedripites,,Ephedrales,Ginkgoopsida,Ginkgophyta,1,
Ephedripites strigatus,species,Ephedripites,,Ephedrales,Ginkgoopsida,Ginkgophyta,1,
Gnetaceaepollenites barghoornii,species,Gnetaceaepollenites,,,,Gymnospermae,1,
Gnetaceaepollenites oreadis,species,Gnetaceaepollenites,,,,Gymnospermae,1,
Biretisporites potoniei,species,Biretisporites,,,Polypodiopsida,Pteridophyta,1,
Foraminisporis wonthaggiensis,species,Foraminisporis,,,Equisetopsida,Equisetophyta,1,
Ischyosporites variegatus,species,Ischyosporites,,,Pteridopsida,Pteridophyta,1,
Psilatriletes lobatus,species,Psilatriletes,,,,Pteridophyta,1,
Punctatosporites scabratus,species,Punctatosporites,,,Polypodiopsida,Pteridophyta,1,
Ruffordiaspora australiensis,species,Ruffordiaspora,,Schizaeales,Polypodiopsida,Pteridophyta,1,
Anisoporella,genus,Anisoporella,,Dasycladales,Chlorophyceae,Chlorophyta,1,
Leiotriletes leiodorogensis,species,Leiotriletes,,,Pteridopsida,Pteridophyta,1,
Ephedripites dudarensis,species,Ephedripites,,Ephedrales,Ginkgoopsida,Ginkgophyta,1,
Tricolpites albiensis,species,Tricolpites,,Gunnerales,,Angiospermae,1,
Concavisporites sinuatus,species,Concavisporites,,,,Pteridophyta,1,
Cingulatisporites floridus,species,Cingulatisporites,,,Pteridopsida,Pteridophyta,1,
Cyclusphaera,genus,Cyclusphaera,Araucariaceae,,Equisetopsida,Equisetophyta,1,
Balmeisporites auriculatus,species,Balmeisporites,Araucariaceae,,Equisetopsida,Equisetophyta,1,
Singhia,genus,Singhia,,,Gymnospermopsida,Tracheophyta,1,
Ephedripites costaliferous,species,Ephedripites,,Ephedrales,Ginkgoopsida,Ginkgophyta,1,
Steevesipollenites dayani,species,Steevesipollenites,,Gnetales,Gnetopsida,Gnetophyta,1,
Palmaepollenites labiatus,species,Palmaepollenites,Arecaceae,,,Angiospermae,1,
Alaticolpites limai,species,Alaticolpites,,Gnetales,Gnetopsida,Gnetophyta,1,
Echitriporites irregularis,species,Echitriporites,Proteaceae,Proteales,,Angiospermae,1,
Gemmamonocolpites,genus,Gemmamonocolpites,,,Magnoliopsida,Spermatophyta,1,
Periretisyncolpites giganteus,species,Periretisyncolpites,,,Magnoliopsida,Spermatophyta,1,
Gnetaceaepollenites fissuratus,species,Gnetaceaepollenites,,,,Gymnospermae,1,
Stellatopollis densiornatus,species,Stellatopollis,,,,Angiospermae,1,
Microfoveolatosporis,genus,Microfoveolatosporis,,,,Pteridophyta,1,
Camarozonosporites,genus,Camarozonosporites,,Selaginellales,Lycopodiopsida,Lycopodiophyta,1,
Araucariacites hungaricus,species,Araucariacites,Araucariaceae,,Equisetopsida,Equisetophyta,1,
Dichastopollenites,genus,Dichastopollenites,Nymphaeaceae,Nymphaeales,,Angiospermae,1,
Thyrsoporella,genus,Thyrsoporella,,Dasycladales,Chlorophyceae,Chlorophyta,1,
Elianella elegans,species,Elianella,Solenoporaceae,,Rhodophyceae,Rhodophyta,1,
Parachaetetes asvapatii,species,Parachaetetes,Solenoporaceae,,Rhodophyceae,Rhodophyta,1,
Cordilites,genus,Cordilites,Solenoporaceae,,Rhodophyceae,Rhodophyta,1,
Angioporella,genus,Angioporella,,Dasycladales,Chlorophyceae,Chlorophyta,1,
Pseudoactinoporella,genus,Pseudoactinoporella,,Dasycladales,Chlorophyceae,Chlorophyta,1,
Carpathocodium anae,species,Carpathocodium,,Caulerpales,Bryopsidophyceae,Chlorophyta,1,
Palaeosiphonium convolvens,species,Palaeosiphonium,,Caulerpales,Bryopsidophyceae,Chlorophyta,1,
Permocalculus dragastani,species,Permocalculus,Gymnocodiaceae,,Rhodophyceae,Rhodophyta,1,
Archaeolithothamnium batalleri,species,Archaeolithothamnium,,Corallinales,Florideophyceae,Rhodophyta,1,
Diversocallis undulatus,species,Diversocallis,Gymnocodiaceae,,Rhodophyceae,Rhodophyta,1,
Goniolina,genus,Goniolina,,Dasycladales,Chlorophyceae,Chlorophyta,1,
Equisetosporites evidens,species,Equisetosporites,,Ephedrales,Ginkgoopsida,Ginkgophyta,1,
Fraxinoipollenites fragilis,species,Fraxinoipollenites,,,,Magnoliophyta,1,
Verrutricolpites,genus,Verrutricolpites,,,,Magnoliophyta,1,
Cyclusphaera psilata,species,Cyclusphaera,Araucariaceae,,Equisetopsida,Equisetophyta,1,
Singhia montanaensis,species,Singhia,,,Gymnospermopsida,Tracheophyta,1,
Asteropollis asteroides,species,Asteropollis,,,,Magnoliophyta,1,
Asteropollis transitorius,species,Asteropollis,,,,Magnoliophyta,1,
Leptolepidites irregularis,species,Leptolepidites,Blechnaceae,,Polypodiopsida,Pteridophyta,1,
Couperisporites lilianae,species,Couperisporites,,,,Bryophyta,1,
Foraminisporis asymmetricus,species,Foraminisporis,,,Equisetopsida,Equisetophyta,1,
Densoisporites corrugatus,species,Densoisporites,,Selaginellales,Lycopodiopsida,Lycopodiophyta,1,
Interulobites triangularis,species,Interulobites,,,,Bryophyta,1,
Retitriletes boqueroense,species,Retitriletes,,Lycopodiales,Lycopodiopsida,Lycopodiophyta,1,
Ruffordiaspora ticoensis,species,Ruffordiaspora,,Schizaeales,Polypodiopsida,Pteridophyta,1,
Ruffordiaspora,genus,Ruffordiaspora,,Schizaeales,Polypodiopsida,Pteridophyta,1,
Cyclusphaera radiata,species,Cyclusphaera,Araucariaceae,,Equisetopsida,Equisetophyta,1,
Gamerroites volkheimeri,species,Gamerroites,Podocarpaceae,Coniferales,,Gymnospermae,1,
Aequitriradites superspinulosus,species,Aequitriradites,,Sphaerocarpales,Marchantiopsida,Marchantiophyta,1,
Crybelosporites berberioides,species,Crybelosporites,Marsileaceae,,Polypodiopsida,Pteridophyta,1,
Appendicisporites pschekhaensis,species,Appendicisporites,,Schizaeales,Polypodiopsida,Pteridophyta,1,
Baculatisporites kachaikensis,species,Baculatisporites,Osmundaceae,,Polypodiopsida,Pteridophyta,1,
Ceratosporites,genus,Ceratosporites,,Selaginellales,Lycopodiopsida,Lycopodiophyta,1,
Dictyotosporites complex,species,Dictyotosporites,,Lycopodiales,Lycopodiopsida,Lycopodiophyta,1,
Muricingulisporis annulatus,species,Muricingulisporis,,,,Pteridophyta,1,
Nodosisporites crenimurus,species,Nodosisporites,,Schizaeales,Polypodiopsida,Pteridophyta,1,
Ornamentifera tuberculata,species,Ornamentifera,Gleicheniaceae,,Polypodiopsida,Pteridophyta,1,
Ruffordiaspora ludbrookiae,species,Ruffordiaspora,,Schizaeales,Polypodiopsida,Pteridophyta,1,
Verrucosisporites varians,species,Verrucosisporites,,,Polypodiopsida,Pteridophyta,1,
Podocarpidites marwickii,species,Podocarpidites,Podocarpaceae,Coniferales,,Gymnospermae,1,
Podocarpidites canadensis,species,Podocarpidites,Podocarpaceae,Coniferales,,Gymnospermae,1,
Podocarpidites parviauriculatus,species,Podocarpidites,Podocarpaceae,Coniferales,,Gymnospermae,1,
Podocarpidites vestitus,species,Podocarpidites,Podocarpaceae,Coniferales,,Gymnospermae,1,
Trisaccites microsaccatus,species,Trisaccites,Podocarpaceae,Coniferales,,Gymnospermae,1,
Appendicisporites unicus,species,Appendicisporites,,Schizaeales,Polypodiopsida,Pteridophyta,1,
Clavifera,genus,Clavifera,Gleicheniaceae,,Polypodiopsida,Pteridophyta,1,
Gleicheniidites serratus,species,Gleicheniidites,Gleicheniaceae,,Polypodiopsida,Pteridophyta,1,
Interulobites pseudoreticulatus,species,Interulobites,,,,Bryophyta,1,
Nodosisporites macrobaculatus,species,Nodosisporites,,Schizaeales,Polypodiopsida,Pteridophyta,1,
Gamerroites psilasaccus,species,Gamerroites,Podocarpaceae,Coniferales,,Gymnospermae,1,
Podocarpidites otagoensis,species,Podocarpidites,Podocarpaceae,Coniferales,,Gymnospermae,1,
Podocarpidites verrucosus,species,Podocarpidites,Podocarpaceae,Coniferales,,Gymnospermae,1,
Microcachryidites antarcticus,species,Microcachryidites,Podocarpaceae,Coniferales,,Gymnospermae,1,
Podocarpidites elegans,species,Podocarpidites,Podocarpaceae,Coniferales,,Gymnospermae,1,
Arecipites minutiscabratus,species,Arecipites,Arecaceae,,,Angiospermae,1,
Ilexpollenites clifdenensis,species,Ilexpollenites,Aquifoliaceae,Aquifoliales,,Angiospermae,1,
Lewalanipollis senectus,species,Lewalanipollis,Proteaceae,Proteales,,Angiospermae,1,
Liliacidites regularis,species,Liliacidites,Liliaceae,,,Angiospermae,1,
Longapertites vaneendenburgi,species,Longapertites,Arecaceae,,,Angiospermae,1,
Peninsulapollis truswelliae,species,Peninsulapollis,,Proteales,,Angiospermae,1,
Peninsulapollis gillii,species,Peninsulapollis,,Proteales,,Angiospermae,1,
Propylipollis ambiguus,species,Propylipollis,Proteaceae,Proteales,,Angiospermae,1,
Proteacidites angulatus,species,Proteacidites,Proteaceae,Proteales,,Angiospermae,1,
Sparganiaceaepollenites,genus,Sparganiaceaepollenites,Typhaceae,Poales,,Angiospermae,1,
Triatriopollenites lateflexus,species,Triatriopollenites,,Proteales,,Angiospermae,1,
Triatriopollenites bertelsii,species,Triatriopollenites,,Proteales,,Angiospermae,1,
Triporopollenites minor,species,Triporopollenites,Proteaceae,Proteales,,Angiospermae,1,
Cyathidites patagonicus,species,Cyathidites,,,Pteridopsida,Pteridophyta,1,
Foveosporites foveoreticulatus,species,Foveosporites,,Selaginellales,Lycopodiopsida,Lycopodiophyta,1,
Lusatisporis,genus,Lusatisporis,,,,Embryophyta,1,
Nodosisporites,genus,Nodosisporites,,Schizaeales,Polypodiopsida,Pteridophyta,1,
Ornamentifera,genus,Ornamentifera,Gleicheniaceae,,Polypodiopsida,Pteridophyta,1,
Retitriletes eminulus,species,Retitriletes,,Lycopodiales,Lycopodiopsida,Lycopodiophyta,1,
Ruffordiaspora cardielensis,species,Ruffordiaspora,,Schizaeales,Polypodiopsida,Pteridophyta,1,
Podocarpidites parviauriculata,species,Podocarpidites,Podocarpaceae,Coniferales,,Gymnospermae,1,
Trichotomosulcites microsaccatus,species,Trichotomosulcites,Podocarpaceae,Coniferales,,Gymnospermae,1,
Proxapertites,genus,Proxapertites,Araceae,,,Angiospermae,1,
Spinizonocolpites,genus,Spinizonocolpites,Arecaceae,,,Angiospermae,1,
Arcellites humilis,species,Arcellites,,Marsileales,Pteridopsida,Pteridophyta,1,
Arcellites pentagonalis,species,Arcellites,,Marsileales,Pteridopsida,Pteridophyta,1,
Arcellites santaecrucensis,species,Arcellites,,Marsileales,Pteridopsida,Pteridophyta,1,
Cardioangulina elongata,species,Cardioangulina,,,,Pteridophyta,1,
Concavissimisporites crassatus,species,Concavissimisporites,,,,Embryophyta,1,
Concavissimisporites granulosus,species,Concavissimisporites,,,,Embryophyta,1,
Crybelosporites punctatus,species,Crybelosporites,Marsileaceae,,Polypodiopsida,Pteridophyta,1,
Erlansonisporites verrucatus,species,Erlansonisporites,,,,Lycophyta,1,
Minerisporites aequatus,species,Minerisporites,,Isoetales,Lycopodiopsida,Lycopodiophyta,1,
Plicatella baqueroensis,species,Plicatella,,Schizaeales,Polypodiopsida,Pteridophyta,1,
Plicatella pseudotripartita,species,Plicatella,,Schizaeales,Polypodiopsida,Pteridophyta,1,
Ruffordiaspora crassiterminatus,species,Ruffordiaspora,,Schizaeales,Polypodiopsida,Pteridophyta,1,
Striatriletes areolatus,species,Striatriletes,,,,,1,
Gamerroites,genus,Gamerroites,Podocarpaceae,Coniferales,,Gymnospermae,1,
Monosaccites,genus,Monosaccites,,,,,1,
Podocarpidites futa,species,Podocarpidites,Podocarpaceae,Coniferales,,Gymnospermae,1,
Ischyosporites volkheimeri,species,Ischyosporites,,,Pteridopsida,Pteridophyta,1,
Rouseisporites reticulatus,species,Zlivisporis,,,Hepaticae,Bryophyta,1,
Trisaccites microsaccatum,species,Trisaccites,Podocarpaceae,Coniferales,,Gymnospermae,1,
Nyssapollenites squamosus,species,Nyssapollenites,,,,Magnoliophyta,1,
Rhoipites minusculus,species,Rhoipites,,,Magnoliopsida,Spermatophyta,1,
Spinizonocolpites hialinus,species,Spinizonocolpites,Arecaceae,,,Angiospermae,1,
Retidiporites camachoii,species,Retidiporites,,Proteales,,Angiospermae,1,
Rhoipites,genus,Rhoipites,,,Magnoliopsida,Spermatophyta,1,
Rousea patagonica,species,Rousea,,,Magnoliopsida,Spermatophyta,1,
Senipites,genus,Senipites,,,Magnoliopsida,Spermatophyta,1,
Endressinia brasiliana,species,Endressinia,,Magnoliales,,Angiospermae,1,
Ephedripites caichiguensis,species,Ephedripites,,Ephedrales,Ginkgoopsida,Ginkgophyta,1,
Liliacidites vermireticulatus,species,Liliacidites,Liliaceae,,,Angiospermae,1,
Phrixipollenites otagoensis,species,Phrixipollenites,Podocarpaceae,Coniferales,,Gymnospermae,1,
Deltoidospora australis,species,Deltoidospora,,,Pteridopsida,Pteridophyta,1,
Verrucosisporites major,species,Verrucosisporites,,,Polypodiopsida,Pteridophyta,1,
Ceratosporites setosus,species,Ceratosporites,,Selaginellales,Lycopodiopsida,Lycopodiophyta,1,
Interulobites variabilis,species,Interulobites,,,,Bryophyta,1,
Muricingulisporis,genus,Muricingulisporis,,,,Pteridophyta,1,
Appendicisporites distocarinatus,species,Appendicisporites,,Schizaeales,Polypodiopsida,Pteridophyta,1,
Deltoidospora neddeni,species,Deltoidospora,,,Pteridopsida,Pteridophyta,1,
Polypodiaceoisporites elegans,species,Polypodiaceoisporites,,,Pteridopsida,Pteridophyta,1,
Cyclusphaera crassa,species,Cyclusphaera,Araucariaceae,,Equisetopsida,Equisetophyta,1,
Biretisporites crassilabratus,species,Biretisporites,,,Polypodiopsida,Pteridophyta,1,
Pleurozonaria,genus,Pleurozonaria,,,Chlorophyceae,Chlorophyta,1,
Kachaikenia compuesta,species,Kachaikenia,,,Magnoliopsida,Spermatophyta,1,
Thorphyllum patagonica,species,Thorphyllum,,,Magnoliopsida,Spermatophyta,1,
Rogersia australis,species,Rogersia,Proteaceae,Proteales,,Angiospermae,1,
Dictyotosporites,genus,Dictyotosporites,,Lycopodiales,Lycopodiopsida,Lycopodiophyta,1,
Foveosporites moretonensis,species,Foveosporites,,Selaginellales,Lycopodiopsida,Lycopodiophyta,1,
Laevigatosporites major,species,Laevigatosporites,Polypodiaceae,,Polypodiopsida,Pteridophyta,1,
Retitriletes clavatoides,species,Retitriletes,,Lycopodiales,Lycopodiopsida,Lycopodiophyta,1,
Retitriletes nodosus,species,Retitriletes,,Lycopodiales,Lycopodiopsida,Lycopodiophyta,1,
Stereisporites pocockii,species,Stereisporites,,,Bryopsida,Bryophyta,1,
Nothofagidites brachyspinulosus,species,Nothofagidites,,Fagales,,Angiospermae,1,
Nothofagidites dorotensis,species,Nothofagidites,,Fagales,,Angiospermae,1,
Nothofagidites emardicus,species,Nothofagidites,,Fagales,,Angiospermae,1,
Nothofagidites endurus,species,Nothofagidites,,Fagales,,Angiospermae,1,
Nothofagidites fuegiensis,species,Nothofagidites,,Fagales,,Angiospermae,1,
Nothofagidites incrassatus,species,Nothofagidites,,Fagales,,Angiospermae,1,
Nothofagidites lachlaniae,species,Nothofagidites,,Fagales,,Angiospermae,1,
Nothofagidites nanus,species,Nothofagidites,,Fagales,,Angiospermae,1,
Peninsulapollis askinae,species,Peninsulapollis,,Proteales,,Angiospermae,1,
Plicatipollenites malabarensis,species,Plicatipollenites,,,,,1,
Plicatipollenites,genus,Plicatipollenites,,,,,1,
Podosporites microsaccatus,species,Podosporites,Podocarpaceae,Coniferales,,Gymnospermae,1,
Polycolpites langstonii,species,Polycolpites,,,Magnoliopsida,Spermatophyta,1,
Proteacidites subscabratus,species,Proteacidites,Proteaceae,Proteales,,Angiospermae,1,
Striatriletes reticulatus,species,Striatriletes,,,,,1,
Clavifera jachromensis,species,Clavifera,Gleicheniaceae,,Polypodiopsida,Pteridophyta,1,
Clavifera triplex,species,Clavifera,Gleicheniaceae,,Polypodiopsida,Pteridophyta,1,
Cyathidites pulchellus,species,Cyathidites,,,Pteridopsida,Pteridophyta,1,
Deltoidospora microlepioides,species,Deltoidospora,,,Pteridopsida,Pteridophyta,1,
Foveotriletes scrobiculatus,species,Foveotriletes,,,Lycopsida,Pteridophyta,1,
Gleicheniidites campanianus,species,Gleicheniidites,Gleicheniaceae,,Polypodiopsida,Pteridophyta,1,
Gleicheniidites delcourtii,species,Gleicheniidites,Gleicheniaceae,,Polypodiopsida,Pteridophyta,1,
Gleicheniidites fildesensis,species,Gleicheniidites,Gleicheniaceae,,Polypodiopsida,Pteridophyta,1,
Gleicheniidites pachydermus,species,Gleicheniidites,Gleicheniaceae,,Polypodiopsida,Pteridophyta,1,
Gleicheniidites trivalvis,species,Gleicheniidites,Gleicheniaceae,,Polypodiopsida,Pteridophyta,1,
Polypodiisporites,genus,Polypodiisporites,,Polypodiales,Polypodiopsida,Pteridophyta,1,
Gnetaceaepollenites ellipticus,species,Gnetaceaepollenites,,,,Gymnospermae,1,
Microcachryidites,genus,Microcachryidites,Podocarpaceae,Coniferales,,Gymnospermae,1,
Phyllocladidites,genus,Phyllocladidites,Podocarpaceae,Coniferales,,Gymnospermae,1,
Podocarpus fildesensis,species,Podocarpus,Podocarpaceae,Coniferales,,Gymnospermae,1,
Gothanipollis bassensis,species,Gothanipollis,Loranthaceae,Santalales,,Angiospermae,1,
Nothofagidites rocaensis,species,Nothofagidites,,Fagales,,Angiospermae,1,
Nothofagidites senectus,species,Nothofagidites,,Fagales,,Angiospermae,1,
Nothofagidites,genus,Nothofagidites,,Fagales,,Angiospermae,1,
Nothofagus,genus,Nothofagus,Nothofagaceae,Fagales,,Angiospermae,1,
Dacrydiumites,genus,Dacrydiumites,Podocarpaceae,Coniferales,,Gymnospermae,1,
Phyllocladus,genus,Phyllocladus,Podocarpaceae,Coniferales,,Gymnospermae,1,
Podozamites pinnatus,species,Podozamites,Podocarpaceae,Coniferales,,Gymnospermae,1,
Malvacipollis,genus,Malvacipollis,,,Magnoliopsida,Spermatophyta,1,
Meliapollis,genus,Meliapollis,Meliaceae,Sapindales,,Angiospermae,1,
Nothofagidites falcatus,species,Nothofagidites,,Fagales,,Angiospermae,1,
Nothofagidites visserensis,species,Nothofagidites,,Fagales,,Angiospermae,1,
Propylipollis,genus,Propylipollis,Proteaceae,Proteales,,Angiospermae,1,
Schizocolpus,genus,Schizocolpus,Didymelaceae,Buxales,,Angiospermae,1,
Nothofagus cretacea,species,Nothofagus,Nothofagaceae,Fagales,,Angiospermae,1,
Phyllocladus aspleniifolius,species,Phyllocladus,Podocarpaceae,Coniferales,,Gymnospermae,1,
Anacardites pichileufensis,species,Anacardites,Anacardiaceae,Sapindales,,Angiospermae,1,
Dicotylophyllum elegans,species,Dicotylophyllum,,,Magnoliopsida,Spermatophyta,1,
Myrica mira,species,Myrica,Myricaceae,Fagales,,Angiospermae,1,
Ficophyllum skuaensis,species,Ficophyllum,Moraceae,,,Angiospermae,1,
Laurelia,genus,Laurelia,Atherospermataceae,Laurales,,Angiospermae,1,
Sterculia washburnii,species,Sterculia,Malvaceae,Malvales,,Angiospermae,1,
Monimiophyllum,genus,Monimiophyllum,Monimiaceae,Laurales,,Angiospermae,1,
Mespilodaphne longifolia,species,Mespilodaphne,Lauraceae,Laurales,,Angiospermae,1,
Elaeocarpus,genus,Elaeocarpus,Elaeocarpaceae,Oxalidales,,Angiospermae,1,
Nothofagus glaucifolia,species,Nothofagus,Nothofagaceae,Fagales,,Angiospermae,1,
Nothofagus zastawniakiae,species,Nothofagus,Nothofagaceae,Fagales,,Angiospermae,1,
Nothofagus ulmifolia,species,Nothofagus,Nothofagaceae,Fagales,,Angiospermae,1,
Alnus muelleri,species,Alnus,Betulaceae,Fagales,,Angiospermae,1,
Nothofagoxylon,genus,Nothofagoxylon,Nothofagaceae,Fagales,,Angiospermae,1,
Podocarpidites auriculatus,species,Podocarpidites,Podocarpaceae,Coniferales,,Gymnospermae,1,
Biretisporites spectabilis,species,Biretisporites,,,Polypodiopsida,Pteridophyta,1,
Foveogleicheniidites confossus,species,Foveogleicheniidites,,,,Pteridophyta,1,
Triporoletes simplex,species,Triporoletes,Marchantiidae,,Marchantiopsida,Marchantiophyta,1,
Dacrycarpites australiensis,species,Dacrycarpites,Podocarpaceae,Coniferales,,Gymnospermae,1,
Lygistepollenites balmei,species,Lygistepollenites,Podocarpaceae,Coniferales,,Gymnospermae,1,
Peninsulapollis,genus,Peninsulapollis,,Proteales,,Angiospermae,1,
Phyllopteroides antarctica,species,Phyllopteroides,Osmundaceae,,Polypodiopsida,Pteridophyta,1,
Phyllopteroides,genus,Phyllopteroides,Osmundaceae,,Polypodiopsida,Pteridophyta,1,
Microphyllopteris unisora,species,Microphyllopteris,Gleicheniaceae,,Polypodiopsida,Pteridophyta,1,
Sphenopteris sanjuliensis,species,Sphenopteris,,Lyginopteridales,Lyginopteridopsida,Gymnospermae,1,
Stereisporites psilatus,species,Stereisporites,,,Bryopsida,Bryophyta,1,
Deltoidospora tenuis,species,Deltoidospora,,,Pteridopsida,Pteridophyta,1,
Crybelosporites brenneri,species,Crybelosporites,Marsileaceae,,Polypodiopsida,Pteridophyta,1,
Araucariacites guianensis,species,Araucariacites,Araucariaceae,,Equisetopsida,Equisetophyta,1,
Peltrandipites,genus,Peltrandipites,,,,,1,
Bennettitaepollenites minimus,species,Bennettitaepollenites,,Bennettitales,Pteropsida,Gymnospermae,1,dataset_interno_ordine_to_classe
Stellatopollis araripensis,species,Stellatopollis,,,,Angiospermae,1,
Equisetosporites subcircularis,species,Equisetosporites,,Ephedrales,Ginkgoopsida,Ginkgophyta,1,
Equisetosporites procerus,species,Equisetosporites,,Ephedrales,Ginkgoopsida,Ginkgophyta,1,
Equisetosporites elongatus,species,Equisetosporites,,Ephedrales,Ginkgoopsida,Ginkgophyta,1,
Equisetosporites strigatus,species,Equisetosporites,,Ephedrales,Ginkgoopsida,Ginkgophyta,1,
Equisetosporites concinnus,species,Equisetosporites,,Ephedrales,Ginkgoopsida,Ginkgophyta,1,
Equisetosporites minuticostatus,species,Equisetosporites,,Ephedrales,Ginkgoopsida,Ginkgophyta,1,
Equisetosporites costaliferous,species,Equisetosporites,,Ephedrales,Ginkgoopsida,Ginkgophyta,1,
Singhia minima,species,Singhia,,,Gymnospermopsida,Tracheophyta,1,
Gnetaceaepollenites jansonii,species,Gnetaceaepollenites,,,,Gymnospermae,1,
Gnetaceaepollenites retangularis,species,Gnetaceaepollenites,,,,Gymnospermae,1,
Emphanisporites,genus,Emphanisporites,,,,Bryophyta,1,
Capsispora vulcanica,species,Capsispora,,,Pteridopsida,Pteridophyta,1,
Concavissimisporites penolaensis,species,Concavissimisporites,,,,Embryophyta,1,
Gleicheniidites aptianus,species,Gleicheniidites,Gleicheniaceae,,Polypodiopsida,Pteridophyta,1,
Gleicheniidites rigidus,species,Gleicheniidites,Gleicheniaceae,,Polypodiopsida,Pteridophyta,1,
Lygodiidites,genus,Lygodiidites,,,Pteridopsida,Pteridophyta,1,
Retitriletes douglasii,species,Retitriletes,,Lycopodiales,Lycopodiopsida,Lycopodiophyta,1,
Nevesisporites radiatus,species,Nevesisporites,,,,Bryophyta,1,
Interulobites intraverrucatus,species,Interulobites,,,,Bryophyta,1,
Rugulatisporites neuquenensis,species,Rugulatisporites,Osmundaceae,,Polypodiopsida,Pteridophyta,1,
Leiotriletes regularis,species,Leiotriletes,,,Pteridopsida,Pteridophyta,1,
Deltoidospora inconspicua,species,Deltoidospora,,,Pteridopsida,Pteridophyta,1,
Concavisporites semiangulatus,species,Concavisporites,,,,Pteridophyta,1,
Leptolepidites macroverrucatus,species,Leptolepidites,Blechnaceae,,Polypodiopsida,Pteridophyta,1,
Retitriletes baqueroense,species,Retitriletes,,Lycopodiales,Lycopodiopsida,Lycopodiophyta,1,
Ornamentifera echinata,species,Ornamentifera,Gleicheniaceae,,Polypodiopsida,Pteridophyta,1,
Crybelosporites australis,species,Crybelosporites,Marsileaceae,,Polypodiopsida,Pteridophyta,1,
Ephedripites notensis,species,Ephedripites,,Ephedrales,Ginkgoopsida,Ginkgophyta,1,
Coptospora foveolata,species,Coptospora,,,,Bryophyta,1,
Stoverisporites lunaris,species,Stoverisporites,Marchantiidae,,Marchantiopsida,Marchantiophyta,1,
Concavisporites laticrassus,species,Concavisporites,,,,Pteridophyta,1,
Vallizonosporites spinosus,species,Vallizonosporites,,,,,1,
Laevigatosporites belfordii,species,Laevigatosporites,Polypodiaceae,,Polypodiopsida,Pteridophyta,1,
Rotverrusporites labratus,species,Rotverrusporites,Osmundaceae,,Polypodiopsida,Pteridophyta,1,
Podocarpidites rugulosus,species,Podocarpidites,Podocarpaceae,Coniferales,,Gymnospermae,1,
Equisetosporites cancellatus,species,Equisetosporites,,Ephedrales,Ginkgoopsida,Ginkgophyta,1,
Liliacidites kaitangataensis,species,Liliacidites,Liliaceae,,,Angiospermae,1,
Racemonocolpites,genus,Racemonocolpites,Arecaceae,,,Angiospermae,1,
Crassitricolporites,genus,Crassitricolporites,,,,Magnoliophyta,1,
Grapnelispora loncochensis,species,Grapnelispora,,,Pteridopsida,Pteridophyta,1,
Clavamonocolpites,genus,Clavamonocolpites,,Arecales,,Angiospermae,1,
Striatricolporites gamerroi,species,Striatricolporites,,,Magnoliopsida,Spermatophyta,1,
Beaupreaidites,genus,Beaupreaidites,Proteaceae,Proteales,,Angiospermae,1,
Proteacidites tenuiexinus,species,Proteacidites,Proteaceae,Proteales,,Angiospermae,1,
Gleichenites sanmartini,species,Gleichenites,Gleicheniaceae,,Polypodiopsida,Pteridophyta,1,
Brachyphyllum kachaikensis,species,Brachyphyllum,Araucariaceae,,Equisetopsida,Equisetophyta,1,
Thorhallenia dentata,species,Thorhallenia,,,Magnoliopsida,Spermatophyta,1,
Thorhallenia,genus,Thorhallenia,,,Magnoliopsida,Spermatophyta,1,
Ginkgoites skottsbergii,species,Ginkgoites,,,,Ginkgophyta,1,
Tricolpites gilli,species,Tricolpites,,Gunnerales,,Angiospermae,1,
Myrtaceidites eugeniioides,species,Myrtaceidites,,Myrtales,Dicotyledoneae,Angiospermae,1,
Trisaccites,genus,Trisaccites,Podocarpaceae,Coniferales,,Gymnospermae,1,
Nothofagidites cranwellae,species,Nothofagidites,,Fagales,,Angiospermae,1,
Nothofagidites cincta,species,Nothofagidites,,Fagales,,Angiospermae,1,
Nothofagidites deminuta,species,Nothofagidites,,Fagales,,Angiospermae,1,
Proteacidites parvus,species,Proteacidites,Proteaceae,Proteales,,Angiospermae,1,
Ricciopsis grandensis,species,Ricciopsis,,Marchantiales,Hepaticae,Bryophyta,1,
Gleichenites juliensis,species,Gleichenites,Gleicheniaceae,,Polypodiopsida,Pteridophyta,1,
Baculatisporites turbioensis,species,Baculatisporites,Osmundaceae,,Polypodiopsida,Pteridophyta,1,
Leptolepidites densus,species,Leptolepidites,Blechnaceae,,Polypodiopsida,Pteridophyta,1,
Rugulatisporites chubutensis,species,Rugulatisporites,Osmundaceae,,Polypodiopsida,Pteridophyta,1,
Foveotriletes lacunosus,species,Foveotriletes,,,Lycopsida,Pteridophyta,1,
Foveotriletes parvirectus,species,Foveotriletes,,,Lycopsida,Pteridophyta,1,
Camarozonosporites ambigens,species,Camarozonosporites,,Selaginellales,Lycopodiopsida,Lycopodiophyta,1,
Cingutriletes australis,species,Cingutriletes,,,,Bryophyta,1,
Trichotomosulcites subgranulatus,species,Trichotomosulcites,Podocarpaceae,Coniferales,,Gymnospermae,1,
Monosulcites minutiscabratus,species,Monosulcites,,,,Angiospermae,1,
Longapertites patagonicus,species,Longapertites,Arecaceae,,,Angiospermae,1,
Ailanthipites mulleri,species,Ailanthipites,,,Magnoliopsida,Spermatophyta,1,
Tubulifloridites lilliei,species,Tubulifloridites,Asteraceae,Asterales,,Angiospermae,1,
Bombacacidites,genus,Bombacacidites,Bombacaceae,Malvales,,Angiospermae,1,
Nyssapollenites pachyexinus,species,Nyssapollenites,,,,Magnoliophyta,1,
Haloragacidites trioratus,species,Haloragacidites,,,Magnoliopsida,Spermatophyta,1,
Triporopollenites ambiguus,species,Triporopollenites,Proteaceae,Proteales,,Angiospermae,1,
Propylipollis lateflexus,species,Propylipollis,Proteaceae,Proteales,,Angiospermae,1,
Clavatipollenites minutus,species,Clavatipollenites,Chloranthaceae,Chloranthales,,Angiospermae,1,
Rousea geranioides,species,Rousea,,,Magnoliopsida,Spermatophyta,1,
Stellatopollis largissimus,species,Stellatopollis,,,,Angiospermae,1,
Liliacidites lenticularis,species,Liliacidites,Liliaceae,,,Angiospermae,1,
Stellatopollis barghoorni,species,Stellatopollis,,,,Angiospermae,1,
Stellatopollis dejaxii,species,Stellatopollis,,,,Angiospermae,1,
Trichotomosulcites,genus,Trichotomosulcites,Podocarpaceae,Coniferales,,Gymnospermae,1,
Tricolpites virgeus,species,Tricolpites,,Gunnerales,,Angiospermae,1,
Tricolpites micromunus,species,Tricolpites,,Gunnerales,,Angiospermae,1,
Arecipites waitakiensis,species,Arecipites,Arecaceae,,,Angiospermae,1,
Clavamonocolpites polygonalis,species,Clavamonocolpites,,Arecales,,Angiospermae,1,
Gemmamonocolpites pilulus,species,Gemmamonocolpites,,,Magnoliopsida,Spermatophyta,1,
Liliacidites aviemorensis,species,Liliacidites,Liliaceae,,,Angiospermae,1,
Coptospora,genus,Coptospora,,,,Bryophyta,1,
Stephanocolpites mastandreai,species,Stephanocolpites,,,Dicotyledoneae,Angiospermae,1,
Millerocaulis australis,species,Millerocaulis,Osmundaceae,,Polypodiopsida,Pteridophyta,1,
Yavanna chimaerica,species,Yavanna,,Cyatheales,Polypodiopsida,Pteridophyta,1,
Millerocaulis,genus,Millerocaulis,Osmundaceae,,Polypodiopsida,Pteridophyta,1,
Archangelskya furcata,species,Archangelskya,,,,,1,
Ptilophyllum menendezii,species,Ptilophyllum,,Bennettitales,Pteropsida,Gymnospermae,1,dataset_interno_ordine_to_classe
Araucaria grandifolia,species,Araucaria,Araucariaceae,,Equisetopsida,Equisetophyta,1,
Cycadopites punctatus,species,Cycadopites,,,,Cycadophyta,1,
Araucariacites pergranulatus,species,Araucariacites,Araucariaceae,,Equisetopsida,Equisetophyta,1,
Nevesisporites vallatus,species,Nevesisporites,,,,Bryophyta,1,
Peromonolites vellosus,species,Peromonolites,Blechnaceae,,Polypodiopsida,Pteridophyta,1,
Reticuloidosporites tenellis,species,Reticuloidosporites,,,Pteridopsida,Pteridophyta,1,
Lygistepollenites florinii,species,Lygistepollenites,Podocarpaceae,Coniferales,,Gymnospermae,1,
Stellatopollis crassibaculata,species,Stellatopollis,,,,Angiospermae,1,
Nothofagidites saraensis,species,Nothofagidites,,Fagales,,Angiospermae,1,
Camarozonosporites ohaiensis,species,Camarozonosporites,,Selaginellales,Lycopodiopsida,Lycopodiophyta,1,
Grapnelispora evansii,species,Grapnelispora,,,Pteridopsida,Pteridophyta,1,
Forcipites longus,species,Forcipites,,,Magnoliopsida,Spermatophyta,1,
Haloragacidites harrisii,species,Haloragacidites,,,Magnoliopsida,Spermatophyta,1,
Peninsulapollis askiniae,species,Peninsulapollis,,Proteales,,Angiospermae,1,
Psilatricolpites inargutus,species,Psilatricolpites,,,,Magnoliophyta,1,
Quadraplanus brossus,species,Quadraplanus,,,Magnoliopsida,Spermatophyta,1,
Retitricolporites chubutensis,species,Retitricolporites,,,Magnoliopsida,Spermatophyta,1,
Rosannia manika,species,Rosannia,Aristolochiaceae,Piperales,,Angiospermae,1,
Senipites tercrassata,species,Senipites,,,Magnoliopsida,Spermatophyta,1,
Alkastrobus peltatus,species,Alkastrobus,Araucariaceae,,Equisetopsida,Equisetophyta,1,
Otozamites patagonicus,species,Otozamites,,Bennettitales,Pteropsida,Gymnospermae,1,dataset_interno_ordine_to_classe
Pterophyllum trichomatosum,species,Pterophyllum,,Bennettitales,Pteropsida,Gymnospermae,1,dataset_interno_ordine_to_classe
Ptilophyllum antarcticum,species,Ptilophyllum,,Bennettitales,Pteropsida,Gymnospermae,1,dataset_interno_ordine_to_classe
Ptilophyllum valvatum,species,Ptilophyllum,,Bennettitales,Pteropsida,Gymnospermae,1,dataset_interno_ordine_to_classe
Cycadolepis coriacea,species,Cycadolepis,,Bennettitales,Pteropsida,Gymnospermae,1,dataset_interno_ordine_to_classe
Cycadolepis involuta,species,Cycadolepis,,Bennettitales,Pteropsida,Gymnospermae,1,dataset_interno_ordine_to_classe
Dryopterites problematicus,species,Dryopterites,Polypodiaceae,,Polypodiopsida,Pteridophyta,1,
Laurophyllum hickenii,species,Laurophyllum,Lauraceae,Laurales,,Angiospermae,1,
Laurophyllum proteaefolium,species,Laurophyllum,Lauraceae,Laurales,,Angiospermae,1,
Sterculia patagonica,species,Sterculia,Malvaceae,Malvales,,Angiospermae,1,
Sterculia platanoides,species,Sterculia,Malvaceae,Malvales,,Angiospermae,1,
Araliaephyllum cachetamanense,species,Araliaephyllum,Araliaceae,Apiales,,Angiospermae,1,
Zuberia sahnii,species,Zuberia,,,,,1,
Sassafras acutilobum,species,Sassafras,Lauraceae,Laurales,,Angiospermae,1,
Liquidambar obtusilobatus,species,Liquidambar,Hamamelidaceae,Saxifragales,,Angiospermae,1,
Perseophyllum hauthalianum,species,Perseophyllum,,,,,1,
Appendicisporites insignis,species,Appendicisporites,,Schizaeales,Polypodiopsida,Pteridophyta,1,
Cyathidites asper,species,Cyathidites,,,Pteridopsida,Pteridophyta,1,
Tricolporites lillei,species,Tricolporites,,,Magnoliopsida,Spermatophyta,1,
Periporopollenites,genus,Periporopollenites,,,Magnoliopsida,Spermatophyta,1,
Cranwellipollis palisadus,species,Cranwellipollis,Proteaceae,Proteales,,Angiospermae,1,
Cranwellipollis subpalisadus,species,Cranwellipollis,Proteaceae,Proteales,,Angiospermae,1,
Propylipollis annularis,species,Propylipollis,Proteaceae,Proteales,,Angiospermae,1,
Tricolpites waiparaensis,species,Tricolpites,,Gunnerales,,Angiospermae,1,
Cranwellipollis,genus,Cranwellipollis,Proteaceae,Proteales,,Angiospermae,1,
Nothofagidites asperus,species,Nothofagidites,,Fagales,,Angiospermae,1,
Rugulatisporites mallatus,species,Rugulatisporites,Osmundaceae,,Polypodiopsida,Pteridophyta,1,
Proteacidites retiformis,species,Proteacidites,Proteaceae,Proteales,,Angiospermae,1,
Stoverisporites microverrucatus,species,Stoverisporites,Marchantiidae,,Marchantiopsida,Marchantiophyta,1,
Stereisporites viriosus,species,Stereisporites,,,Bryopsida,Bryophyta,1,
Triorites minor,species,Triorites,,,Dicotyledoneae,Angiospermae,1,
Classopollis chateaunovii,species,Classopollis,Cheirolepidiaceae,,Equisetopsida,Equisetophyta,1,
Mesosingeria oblonga,species,Mesosingeria,,Cycadales,Cycadopsida,Cycadophyta,1,
Ticoa lanceolata,species,Ticoa,,,,,1,
Rogalskaisporites cicatricosus,species,Rogalskaisporites,,,,Bryophyta,1,
Matonisporites cooksoniae,species,Matonisporites,,,Pteridopsida,Pteridophyta,1,
Microfoveolatosporis canaliculatus,species,Microfoveolatosporis,,,,Pteridophyta,1,
Coptospora paradoxa,species,Coptospora,,,,Bryophyta,1,
Clavatipollenites rotundus,species,Clavatipollenites,Chloranthaceae,Chloranthales,,Angiospermae,1,
Equisetosporites ovatus,species,Equisetosporites,,Ephedrales,Ginkgoopsida,Ginkgophyta,1,
Singhia multicostata,species,Singhia,,,Gymnospermopsida,Tracheophyta,1,
Tricolpites sagax,species,Tricolpites,,Gunnerales,,Angiospermae,1,
Nyssapollenites lanosus,species,Nyssapollenites,,,,Magnoliophyta,1,
Rugulatisporites neuquensis,species,Rugulatisporites,Osmundaceae,,Polypodiopsida,Pteridophyta,1,
Dictyotosporites speciosus,species,Dictyotosporites,,Lycopodiales,Lycopodiopsida,Lycopodiophyta,1,
Phoenicopsis speciosa,species,Phoenicopsis,,Czekanowskiales,Ginkgoopsida,Ginkgophyta,1,
Phymatoderma,genus,Phymatoderma,,,,,1,
Scolopendrites,genus,Scolopendrites,,,,Pteridophyta,1,
Dioonitocarpidium moroderi,species,Dioonitocarpidium,,,,Cycadophyta,1,
Pelourdea vogesiaca,species,Pelourdea,,Cordaitales,,Coniferophyta,1,
Scolopendrites scolopendrioides,species,Scolopendrites,,,,Pteridophyta,1,
Scolopendrites grauvogelii,species,Scolopendrites,,,,Pteridophyta,1,
Marantoidea,genus,Marantoidea,,,Cycadopsida,Cycadophyta,1,
Phylladelphia strigata,species,Phylladelphia,,,,Angiospermae,1,
Cladophlebis leuthardtii,species,Cladophlebis,,,Polypodiopsida,Pteridophyta,1,
Bjuvia,genus,Bjuvia,,,,Cycadophyta,1,
Selaginellites leonardii,species,Selaginellites,,,,Lycopodophyta,1,
Lepacyclotes bechstaedtii,species,Lepacyclotes,,,,,1,
Elatocladus cassinae,species,Elatocladus,Podocarpaceae,Coniferales,,Gymnospermae,1,
Bjuvia thalensis,species,Bjuvia,,,,Cycadophyta,1,
Taeniopteris kelberi,species,Taeniopteris,,Cycadales,Cycadopsida,Cycadophyta,1,
Rhacophyllum crispatum,species,Rhacophyllum,,,,,1,
Todites gaillardotii,species,Todites,Osmundaceae,,Polypodiopsida,Pteridophyta,1,
Asterotheca thalensis,species,Asterotheca,,Marattiales,Polypodiopsida,Pteridophyta,1,
Parcisporites,genus,Parcisporites,,,,Gymnospermae,1,
Palaeomastigocladus indicus,species,Palaeomastigocladus,,,,Chlorophyta,1,
Indopolia satyavanti,species,Indopolia,,,,Chlorophyta,1,
Larvaria,genus,Larvaria,,,Chlorophyceae,Chlorophyta,1,
Solenopora tiruchiensis,species,Solenopora,Solenoporaceae,,Rhodophyceae,Rhodophyta,1,
Archaeolithothamnium parisiense,species,Archaeolithothamnium,,Corallinales,Florideophyceae,Rhodophyta,1,
Laurinoxylon,genus,Laurinoxylon,Lauraceae,Laurales,,Angiospermae,1,
Harrisichara,genus,Harrisichara,,,,Charophyta,1,
Raskyella,genus,Raskyella,,,,Charophyta,1,
Steinhardtia maryae,species,Steinhardtia,,,,,1,
Sgrossoella parthenopeia,species,Sgrossoella,,,,Chlorophyta,1,
Ornamentifera minima,species,Ornamentifera,Gleicheniaceae,,Polypodiopsida,Pteridophyta,1,
Camarozonosporites australiensis,species,Camarozonosporites,,Selaginellales,Lycopodiopsida,Lycopodiophyta,1,
Triporoletes laevigatus,species,Triporoletes,Marchantiidae,,Marchantiopsida,Marchantiophyta,1,
Hoegisporis uniforma,species,Hoegisporis,,Pinales,Pinopsida,Spermatophyta,1,
Dicolpopollis,genus,Dicolpopollis,,,,Magnoliophyta,1,
Fraxinoipollenites variformis,species,Fraxinoipollenites,,,,Magnoliophyta,1,
Phimopollenites augathellaensis,species,Phimopollenites,,,,Magnoliophyta,1,
Senectotetradites fistulosus,species,Senectotetradites,,,,Magnoliophyta,1,
Senectotetradites varireticulatus,species,Senectotetradites,,,,Magnoliophyta,1,
Vallizonosporites,genus,Vallizonosporites,,,,,1,
Liliacidites peroreticulatus,species,Liliacidites,Liliaceae,,,Angiospermae,1,
Cupuliferoidaepollenites parvulus,species,Cupuliferoidaepollenites,,,,Magnoliophyta,1,
Caprifoliipites,genus,Caprifoliipites,,,,,1,
Foveogleicheniidites,genus,Foveogleicheniidites,,,,Pteridophyta,1,
Tricolporites distinctus,species,Tricolporites,,,Magnoliopsida,Spermatophyta,1,
Gleicheniidites trijugatus,species,Gleicheniidites,Gleicheniaceae,,Polypodiopsida,Pteridophyta,1,
Tricolpites minutus,species,Tricolpites,,Gunnerales,,Angiospermae,1,
Tricolpites cooksonae,species,Tricolpites,,Gunnerales,,Angiospermae,1,
Triorites punctulatus,species,Triorites,,,Dicotyledoneae,Angiospermae,1,
Schizosporis sprigii,species,Schizosporis,,,,Chlorophyta,1,
Velosporites triquetrus,species,Velosporites,,,,Pteridophyta,1,
Balmeisporites tridictyus,species,Balmeisporites,Araucariaceae,,Equisetopsida,Equisetophyta,1,
Steevesipollenites orbiculatus,species,Steevesipollenites,,Gnetales,Gnetopsida,Gnetophyta,1,
Tricolpites psilatus,species,Tricolpites,,Gunnerales,,Angiospermae,1,
Syncolporites subtilis,species,Syncolporites,Loranthaceae,Santalales,,Angiospermae,1,
Monocolpopollenites sphaeroidites,species,Monocolpopollenites,,,,Magnoliophyta,1,
Foveotricolporites,genus,Foveotricolporites,,,Magnoliopsida,Spermatophyta,1,
Psilabrevitricolporites simpliformis,species,Psilabrevitricolporites,,,,Magnoliophyta,1,
Psilatriporites,genus,Psilatriporites,,,,,1,
Foveotriletes microfoveolatus,species,Foveotriletes,,,Lycopsida,Pteridophyta,1,
Longapertites marginatus,species,Longapertites,Arecaceae,,,Angiospermae,1,
Retidiporites,genus,Retidiporites,,Proteales,,Angiospermae,1,
Syndemicolpites typicus,species,Syndemicolpites,,,Magnoliopsida,Spermatophyta,1,
Clavatricolporites,genus,Clavatricolporites,,,,,1,
Constructipollenites ineffectus,species,Constructipollenites,,,,Magnoliophyta,1,
Gleicheniidites delicatus,species,Gleicheniidites,Gleicheniaceae,,Polypodiopsida,Pteridophyta,1,
Monocolpites marginatus,species,Monocolpites,,,,,1,
Psilamonocolpites medius,species,Psilamonocolpites,,,,Magnoliophyta,1,
Longapertites,genus,Longapertites,Arecaceae,,,Angiospermae,1,
Pilosisporites grandis,species,Pilosisporites,,,,Pteridophyta,1,
Krauselisporites,genus,Krauselisporites,,,,,1,
Pilosisporites parvispinosus,species,Pilosisporites,,,,Pteridophyta,1,
Trilobosporites tribotrys,species,Trilobosporites,,,,Pteridophyta,1,
Foveosporites canalis,species,Foveosporites,,Selaginellales,Lycopodiopsida,Lycopodiophyta,1,
Pilosisporites notensis,species,Pilosisporites,,,,Pteridophyta,1,
Dictyotosporites filosus,species,Dictyotosporites,,Lycopodiales,Lycopodiopsida,Lycopodiophyta,1,
Debeya serrata,species,Debeya,,,,,1,
Cycadopsis,genus,Cycadopsis,,,,Cycadophyta,1,
Culmites,genus,Culmites,Poaceae,Poales,,Angiospermae,1,
Halocharis longifolia,species,Halocharis,,,,Angiospermae,1,
Nyssa,genus,Nyssa,Nyssaceae,Cornales,,Angiospermae,1,
Beaupreaidites elegansiformis,species,Beaupreaidites,Proteaceae,Proteales,,Angiospermae,1,
Dacrydiumites florinii,species,Dacrydiumites,Podocarpaceae,Coniferales,,Gymnospermae,1,
Tricolpites gillii,species,Tricolpites,,Gunnerales,,Angiospermae,1,
Proteacidites symphyonemoides,species,Proteacidites,Proteaceae,Proteales,,Angiospermae,1,
Nothofagidites suggatei,species,Nothofagidites,,Fagales,,Angiospermae,1,
Polypodiisporites speciosus,species,Polypodiisporites,,Polypodiales,Polypodiopsida,Pteridophyta,1,
Nothofagidites aspera,species,Nothofagidites,,Fagales,,Angiospermae,1,
Nothofagidites kaitangata,species,Nothofagidites,,Fagales,,Angiospermae,1,
Podocarpidites microreticuloidata,species,Podocarpidites,Podocarpaceae,Coniferales,,Gymnospermae,1,
Momipites fragilis,species,Momipites,Juglandaceae,Fagales,,Angiospermae,1,
Anacolosidites diffusa,species,Anacolosidites,,Santalales,,Angiospermae,1,
Waltzispora,genus,Waltzispora,,,Pteridopsida,Pteridophyta,1,
Laevigatosporites gracilis,species,Laevigatosporites,Polypodiaceae,,Polypodiopsida,Pteridophyta,1,
Laevigatosporites vulgaris,species,Laevigatosporites,Polypodiaceae,,Polypodiopsida,Pteridophyta,1,
Kakahuia campbellii,species,Kakahuia,Podocarpaceae,Coniferales,,Gymnospermae,1,
Prumnopitys opihiensis,species,Prumnopitys,Podocarpaceae,Coniferales,,Gymnospermae,1,
Ischyosporites gremius,species,Ischyosporites,,,Pteridopsida,Pteridophyta,1,
Zlivisporis asper,species,Zlivisporis,,,Hepaticae,Bryophyta,1,
Tuberculatosporites parvus,species,Tuberculatosporites,,Buxales,,Angiospermae,1,
Propylipollis tenuiexinus,species,Propylipollis,Proteaceae,Proteales,,Angiospermae,1,
Pediastrum boryanum,species,Pediastrum,,,Chlorophyceae,Chlorophyta,1,
Flabellaria,genus,Flabellaria,Arecaceae,,,Angiospermae,1,
Palmophyllum,genus,Palmophyllum,Arecaceae,,,Angiospermae,1,
Forcipites sabulosus,species,Forcipites,,,Magnoliopsida,Spermatophyta,1,
Tetracolporites,genus,Tetracolporites,,,Magnoliopsida,Spermatophyta,1,
Gambierina,genus,Gambierina,,,Magnoliopsida,Spermatophyta,1,
Polypodiidites speciosus,species,Polypodiidites,,Buxales,,Angiospermae,1,
Psilatricolpites patagonicus,species,Psilatricolpites,,,,Magnoliophyta,1,
Catinipollis geiseltalensis,species,Catinipollis,Zygnemataceae,,Algae,,1,
Pseudowinterapollis couperi,species,Pseudowinterapollis,,Canellales,,Angiospermae,1,
Psilatricolporites salamanquensis,species,Psilatricolporites,,,Magnoliopsida,Spermatophyta,1,
Rhoipites baculatus,species,Rhoipites,,,Magnoliopsida,Spermatophyta,1,
Rousea microreticulata,species,Rousea,,,Magnoliopsida,Spermatophyta,1,
Sparganiaceaepollenites barungensis,species,Sparganiaceaepollenites,Typhaceae,Poales,,Angiospermae,1,
Tricolpites bibaculatus,species,Tricolpites,,Gunnerales,,Angiospermae,1,
Proteacidites beddoesii,species,Proteacidites,Proteaceae,Proteales,,Angiospermae,1,
Cupuliferoidaepollenites,genus,Cupuliferoidaepollenites,,,,Magnoliophyta,1,
Matonisporites silvai,species,Matonisporites,,,Pteridopsida,Pteridophyta,1,
Dejaxpollenites,genus,Dejaxpollenites,,,,Angiospermae,1,
Collarisporites fuscus,species,Collarisporites,Marsileaceae,,Polypodiopsida,Pteridophyta,1,
Dejaxpollenites microfoveolatus,species,Dejaxpollenites,,,,Angiospermae,1,
Equisetosporites maculosus,species,Equisetosporites,,Ephedrales,Ginkgoopsida,Ginkgophyta,1,
Gnetaceaepollenites uesuguii,species,Gnetaceaepollenites,,,,Gymnospermae,1,
Uesuguipollenites callosus,species,Uesuguipollenites,,,,Gymnospermae,1,
Microfoveolatosporis daukiensis,species,Microfoveolatosporis,,,,Pteridophyta,1,
Striatopollis reticulatus,species,Striatopollis,,,Magnoliopsida,Spermatophyta,1,
Stellatopollis dubius,species,Stellatopollis,,,,Angiospermae,1,
Dejaxpollenites foveoreticulatus,species,Dejaxpollenites,,,,Angiospermae,1,
Vitreisporites pustulosus,species,Vitreisporites,,Caytoniales,Ginkgoopsida,Ginkgophyta,1,
Araucaria taeriensis,species,Araucaria,Araucariaceae,,Equisetopsida,Equisetophyta,1,
Mumu somerensis,species,Mumu,Podocarpaceae,Coniferales,,Gymnospermae,1,
Prumnopitys,genus,Prumnopitys,Podocarpaceae,Coniferales,,Gymnospermae,1,
Dacrycarpus,genus,Dacrycarpus,Podocarpaceae,Coniferales,,Gymnospermae,1,
Dryandra comptoniaefolia,species,Dryandra,Proteaceae,Proteales,,Angiospermae,1,
Nothofagidites waipawaensis,species,Nothofagidites,,Fagales,,Angiospermae,1,
Leckenbya valdensis,species,Leckenbya,,,,Pteridophyta,1,
Phaeoceros,genus,Phaeoceros,Fabaceae,Fabales,,Angiospermae,1,
Lygistepollenites,genus,Lygistepollenites,Podocarpaceae,Coniferales,,Gymnospermae,1,
Drimys,genus,Drimys,Winteraceae,Canellales,,Angiospermae,1,
Acmopyle antarctica,species,Acmopyle,Podocarpaceae,Coniferales,,Gymnospermae,1,
Syncolporites marginatus,species,Syncolporites,Loranthaceae,Santalales,,Angiospermae,1,
Dicheiropollis etruscus,species,Dicheiropollis,Cheirolepidiaceae,,Equisetopsida,Equisetophyta,1,
Shanbeipollenites quadratus,species,Shanbeipollenites,,,,Gymnospermae,1,
Archaeozostera lineata,species,Archaeozostera,Zosteraceae,Alismatales,,Angiospermae,1,
Archaeozostera longifolia,species,Archaeozostera,Zosteraceae,Alismatales,,Angiospermae,1,
Archaeozostera minor,species,Archaeozostera,Zosteraceae,Alismatales,,Angiospermae,1,
Archaeozostera pinnata,species,Archaeozostera,Zosteraceae,Alismatales,,Angiospermae,1,
Deltoidospora mesozoica,species,Deltoidospora,,,Pteridopsida,Pteridophyta,1,
Peromonolites allenensis,species,Peromonolites,Blechnaceae,,Polypodiopsida,Pteridophyta,1,
Euanthus panii,species,Euanthus,,,,Angiospermae,1,
Holkopollenites forix,species,Holkopollenites,,,,Magnoliophyta,1,
Aclistochara bransoni,species,Aclistochara,Characeae,Charales,,Charophyta,1,
Protocupressinoxylon purbeckensis,species,Protocupressinoxylon,Cupressaceae,Coniferales,,Gymnospermae,1,
Ficus russelli,species,Ficus,Moraceae,,,Angiospermae,1,
Ulminium pattersonensis,species,Ulminium,Lauraceae,Laurales,,Angiospermae,1,
Ulminium mulleri,species,Ulminium,Lauraceae,Laurales,,Angiospermae,1,
Plataninium platanoides,species,Plataninium,Platanaceae,Proteales,,Angiospermae,1,
Plataninium californicum,species,Plataninium,Platanaceae,Proteales,,Angiospermae,1,
Tetracentronites panochetris,species,Tetracentronites,,Trochodendrales,,Angiospermae,1,
Echitricolpites,genus,Echitricolpites,,,,Magnoliophyta,1,
Ladakhipollenites,genus,Ladakhipollenites,,,Magnoliopsida,Spermatophyta,1,
Proxapertites operculatus,species,Proxapertites,Araceae,,,Angiospermae,1,
Longapertites microfoveolatus,species,Longapertites,Arecaceae,,,Angiospermae,1,
Mauritiidites crassiexinus,species,Mauritiidites,Arecaceae,,,Angiospermae,1,
Gemmamonocolpites macrogemmatus,species,Gemmamonocolpites,,,Magnoliopsida,Spermatophyta,1,
Cristaeturites,genus,Cristaeturites,,,,Magnoliophyta,1,
Podocarpoxylon prumnopityoides,species,Podocarpoxylon,Podocarpaceae,Coniferales,,Gymnospermae,1,
Microchara hystrix,species,Microchara,Characea,Charales,,Charophyta,1,
Retrophyllum superstes,species,Retrophyllum,Podocarpaceae,Coniferales,,Gymnospermae,1,
Glossopteris nilssonioides,species,Glossopteris,,Arberiales,Arberiopsida,Peltaspermophyta,1,
Glossopteris sidhiensis,species,Glossopteris,,Arberiales,Arberiopsida,Peltaspermophyta,1,
Inaperturotetradites,genus,Inaperturotetradites,Juncaceae,Poales,,Angiospermae,1,
Intratriporopollenites,genus,Intratriporopollenites,Tiliaceae,Malvales,,Angiospermae,1,
Mirasolita irupensis,species,Mirasolita,Marsileaceae,,Polypodiopsida,Pteridophyta,1,
Nelumbo puertae,species,Nelumbo,Nelumbonaceae,Proteales,,Angiospermae,1,
Lugiomarsiglia aquatica,species,Lugiomarsiglia,Marsileaceae,,Polypodiopsida,Pteridophyta,1,
Solenites baishanensis,species,Solenites,,Czekanowskiales,Ginkgoopsida,Ginkgophyta,1,
Solenites gracilis,species,Solenites,,Czekanowskiales,Ginkgoopsida,Ginkgophyta,1,
Lefipania padillae,species,Lefipania,,,Magnoliopsida,Spermatophyta,1,
Aquaephyllum auriculatum,species,Aquaephyllum,Araceae,,,Angiospermae,1,
Pandaniidites,genus,Pandaniidites,Araceae,,,Angiospermae,1,
Regnellidium thomastaylorii,species,Regnellidium,Marsileaceae,,Polypodiopsida,Pteridophyta,1,
Austrohamia minuta,species,Austrohamia,Cupressaceae,Coniferales,,Gymnospermae,1,
Osmundopsis rafaelii,species,Osmundopsis,Osmundaceae,,Polypodiopsida,Pteridophyta,1,
Todites cacereii,species,Todites,Osmundaceae,,Polypodiopsida,Pteridophyta,1,
Osmundopsis zunigai,species,Osmundopsis,Osmundaceae,,Polypodiopsida,Pteridophyta,1,
Grimsdalea magnaclavata,species,Grimsdalea,Arecaceae,,,Angiospermae,1,
Spinizonocolpites baculatus,species,Spinizonocolpites,Arecaceae,,,Angiospermae,1,
Couperipollis wodehousei,species,Couperipollis,,,,,1,
Racemonocolpites racematus,species,Racemonocolpites,Arecaceae,,,Angiospermae,1,
Proteacidites sigalii,species,Proteacidites,Proteaceae,Proteales,,Angiospermae,1,
Scabratriporites annellus,species,Scabratriporites,,,,Magnoliophyta,1,
Tubistephanocolpites cylindricus,species,Tubistephanocolpites,Polygalaceae,Fabales,,Angiospermae,1,
Nigeripollis gemmatus,species,Nigeripollis,,,,Magnoliophyta,1,
Scabratriporites,genus,Scabratriporites,,,,Magnoliophyta,1,
Echidiporites barbeitoensis,species,Echidiporites,Arecaceae,,,Angiospermae,1,
Mauritiidites lehmanii,species,Mauritiidites,Arecaceae,,,Angiospermae,1,
Gemmatricolpites pergemmatus,species,Gemmatricolpites,,,Magnoliopsida,Spermatophyta,1,
Retimonocolpites retifossulatus,species,Retimonocolpites,,,,Angiospermae,1,
Scabratriporites simpliformis,species,Scabratriporites,,,,Magnoliophyta,1,
Polypodiaceoisporites,genus,Polypodiaceoisporites,,,Pteridopsida,Pteridophyta,1,
Periretisyncolpites phosphaticus,species,Periretisyncolpites,,,Magnoliopsida,Spermatophyta,1,
Mauritiidites crassibaculatus,species,Mauritiidites,Arecaceae,,,Angiospermae,1,
Milfordia,genus,Milfordia,Restionaceae,Poales,,Angiospermae,1,
Syncolporites schrankii,species,Syncolporites,Loranthaceae,Santalales,,Angiospermae,1,
Foveomonocolpites,genus,Foveomonocolpites,,,,Magnoliophyta,1,
Monoporites,genus,Monoporites,,,,Angiospermae,1,
Retimonocolpites bueibensis,species,Retimonocolpites,,,,Angiospermae,1,
Arecipites microfoveolatus,species,Arecipites,Arecaceae,,,Angiospermae,1,
Pararaucaria patagonica,species,Pararaucaria,Cheirolepidiaceae,,Equisetopsida,Equisetophyta,1,
Cladophlebis mendozaensis,species,Cladophlebis,,,Polypodiopsida,Pteridophyta,1,
Yabeiella mareyesiaca,species,Yabeiella,,Cycadeoideales,Cycadeoideopsida,Cycadeoideophyta,1,
Yabeiella wielandi,species,Yabeiella,,Cycadeoideales,Cycadeoideopsida,Cycadeoideophyta,1,
Protophyllocladoxylon,genus,Protophyllocladoxylon,,Coniferae,,Gymnospermae,1,
Paradoxopteris stromeri,species,Paradoxopteris,,Filicales,Polypodiopsida,Pteridophyta,1,
Alethopteris roesserti,species,Pecopteris (Alethopteris),,,Pteropsida,Pteridophyta,1,
Zamites megaphyllus,species,Zamites,,Bennettitales,Pteropsida,Gymnospermae,1,dataset_interno_ordine_to_classe
Taeniopteris auriculata,species,Taeniopteris,,Cycadales,Cycadopsida,Cycadophyta,1,
Stacheia,genus,Stacheia,Aoujgaliaceae,,Rhodophyceae,Rhodophyta,1,
Stacheia dispansa,species,Stacheia,Aoujgaliaceae,,Rhodophyceae,Rhodophyta,1,
Stacheia cuspidata,species,Stacheia,Aoujgaliaceae,,Rhodophyceae,Rhodophyta,1,
Stacheia amplexa,species,Stacheia,Aoujgaliaceae,,Rhodophyceae,Rhodophyta,1,
Stacheia triradiata,species,Stacheia,Aoujgaliaceae,,Rhodophyceae,Rhodophyta,1,
Stacheia congesta,species,Stacheia,Aoujgaliaceae,,Rhodophyceae,Rhodophyta,1,
Stacheia intermedia,species,Stacheia,Aoujgaliaceae,,Rhodophyceae,Rhodophyta,1,
Asterotheca fuchsii,species,Asterotheca,,Marattiales,Polypodiopsida,Pteridophyta,1,
Saportaea dichotoma,species,Saportaea,,Polypodiales,Polypodiopsida,Pteridophyta,1,
Kurtziana cacheutensis,species,Kurtziana,,,,Pteridospermophyta,1,
Sphenobaiera africana,species,Sphenobaiera,,Ginkgoales,Ginkgoopsida,Ginkgophyta,1,
Pterophyllum santajuanensis,species,Pterophyllum,,Bennettitales,Pteropsida,Gymnospermae,1,dataset_interno_ordine_to_classe
Heidiphyllum elongatum,species,Heidiphyllum,,Pinales,Pinopsida,Spermatophyta,1,
Linguifolium steinmannii,species,Linguifolium,,,Ginkgoopsida,Ginkgophyta,1,
Gontriglossa reinerae,species,Gontriglossa,,,Gnetopsida,Gnetophyta,1,
Rissikia media,species,Rissikia,Podocarpaceae,Coniferales,,Gymnospermae,1,
Ovalipollis pseudoalutus,species,Ovalipollis,,,Gymnospermopsida,Tracheophyta,1,
Linguifolium lilleanum,species,Linguifolium,,,Ginkgoopsida,Ginkgophyta,1,
Evinospongia,genus,Evinospongia,,,,,1,
Pseudodanaeopsis obliqua,species,Pseudodanaeopsis,,,,Pteridophyta,1,
Podozamites emmonsii,species,Podozamites,Podocarpaceae,Coniferales,,Gymnospermae,1,
Podozamites longifolius,species,Podozamites,Podocarpaceae,Coniferales,,Gymnospermae,1,
Lepacyclotes circularis,species,Lepacyclotes,,,,,1,
Lepacyclotes ellipticus,species,Lepacyclotes,,,,,1,
Thamnites,genus,Thamnites,,,,,1,
Sequoia jeholensis,species,Sequoia,Cupressaceae,Coniferales,,Gymnospermae,1,
Frenelopsis hoheneggeri,species,Frenelopsis,Cheirolepidiaceae,,Equisetopsida,Equisetophyta,1,
Quercites,genus,Quercites,,,,,1,
Gigantopteris,genus,Gigantopteris,Gigantopteridaceae,Gigantopteridales,,Embryophyta,1,
Cyathidites rafaeli,species,Cyathidites,,,Pteridopsida,Pteridophyta,1,
Podocarpidites herbstii,species,Podocarpidites,Podocarpaceae,Coniferales,,Gymnospermae,1,
Cedripites cretaceus,species,Cedripites,,,,Gymnospermae,1,
Pulcheripollenites,genus,Pulcheripollenites,Anacardiaceae,Sapindales,,Angiospermae,1,
Cercidiphyllites,genus,Cercidiphyllites,Cercidiphyllaceae,Saxifragales,,Angiospermae,1,
Retitricolpites vulgaris,species,Retitricolpites,,,,Magnoliophyta,1,
Cladophlebis mesozoica,species,Cladophlebis,,,Polypodiopsida,Pteridophyta,1,
Cladophlebis johnstoni,species,Cladophlebis,,,Polypodiopsida,Pteridophyta,1,
Cladophlebis wielandi,species,Cladophlebis,,,Polypodiopsida,Pteridophyta,1,
Thinnfeldia dutoiti,species,Thinnfeldia,,Pteridospermales,Cycadopsida,Cycadophyta,1,
Yabeiella spatulata,species,Yabeiella,,Cycadeoideales,Cycadeoideopsida,Cycadeoideophyta,1,
Yabeiella brackebushiana,species,Yabeiella,,Cycadeoideales,Cycadeoideopsida,Cycadeoideophyta,1,
Yabeiella crassa,species,Yabeiella,,Cycadeoideales,Cycadeoideopsida,Cycadeoideophyta,1,
Sphenobaiera argentinae,species,Sphenobaiera,,Ginkgoales,Ginkgoopsida,Ginkgophyta,1,
Sphenobaiera tenuifolia,species,Sphenobaiera,,Ginkgoales,Ginkgoopsida,Ginkgophyta,1,
Phoenicopsis elongatus,species,Phoenicopsis,,Czekanowskiales,Ginkgoopsida,Ginkgophyta,1,
Fraxinopsis major,species,Fraxinopsis,,Coniferales,,Gymnospermae,1,
Fraxinopsis minor,species,Fraxinopsis,,Coniferales,,Gymnospermae,1,
Annalepis (Tomiostrobus) leae,species,Annalepis (Tomiostrobus),,,,Lycophyta,1,
Cladophlebis shensiensis,species,Cladophlebis,,,Polypodiopsida,Pteridophyta,1,
Todites pattinsoniorum,species,Todites,Osmundaceae,,Polypodiopsida,Pteridophyta,1,
Ginkgoites semirotunda,species,Ginkgoites,,,,Ginkgophyta,1,
Sphenobaiera ugotheriensis,species,Sphenobaiera,,Ginkgoales,Ginkgoopsida,Ginkgophyta,1,
Strzeleckia gangamopteroides,species,Strzeleckia,,,,,1,
Pterophyllum astartense,species,Pterophyllum,,Bennettitales,Pteropsida,Gymnospermae,1,dataset_interno_ordine_to_classe
Todites maoricus,species,Todites,Osmundaceae,,Polypodiopsida,Pteridophyta,1,
Cladophlebis takezakii,species,Cladophlebis,,,Polypodiopsida,Pteridophyta,1,
Linguifolium arctum,species,Linguifolium,,,Ginkgoopsida,Ginkgophyta,1,
Carpolithus mackayi,species,Carpolithus,,,,Angiospermae,1,
Asterotheca rigbyana,species,Asterotheca,,Marattiales,Polypodiopsida,Pteridophyta,1,
Gleichenites quilacoyensis,species,Gleichenites,Gleicheniaceae,,Polypodiopsida,Pteridophyta,1,
Todites chilensis,species,Todites,Osmundaceae,,Polypodiopsida,Pteridophyta,1,
Sphenopteris polymorpha,species,Sphenopteris,,Lyginopteridales,Lyginopteridopsida,Gymnospermae,1,
Annulariopsis bunkeiensis,species,Annulariopsis,,Equisetales,Polypodiopsida,Pteridophyta,1,
Cladophlebis mungyeongensis,species,Cladophlebis,,,Polypodiopsida,Pteridophyta,1,
Chiropteris coreanica,species,Chiropteris,,Pteridospermales,Cycadopsida,Cycadophyta,1,
Anomozamites mungyeongensis,species,Anomozamites,,Bennettitales,Pteropsida,Gymnospermae,1,dataset_interno_ordine_to_classe
Coreanophyllum variisegmentum,species,Coreanophyllum,,Bennettitales,Pteropsida,Gymnospermae,1,dataset_interno_ordine_to_classe
Otozamites micrauritus,species,Otozamites,,Bennettitales,Pteropsida,Gymnospermae,1,dataset_interno_ordine_to_classe
Pterophyllum micraequale,species,Pterophyllum,,Bennettitales,Pteropsida,Gymnospermae,1,dataset_interno_ordine_to_classe
Pterophyllum cheondaeriense,species,Pterophyllum,,Bennettitales,Pteropsida,Gymnospermae,1,dataset_interno_ordine_to_classe
Anthrophyopsis decurrens,species,Anthrophyopsis,,Cycadales,Cycadopsida,Cycadophyta,1,
Cycadocarpidium asaense,species,Cycadocarpidium,,,,Coniferophyta,1,
Cycadocarpidium nagatoense,species,Cycadocarpidium,,,,Coniferophyta,1,
Taeniopteris cheondaeriensis,species,Taeniopteris,,Cycadales,Cycadopsida,Cycadophyta,1,
Taeniopteris mungyeongensis,species,Taeniopteris,,Cycadales,Cycadopsida,Cycadophyta,1,
Pagiophyllum papillatus,species,Pagiophyllum,Araucariaceae,,Equisetopsida,Equisetophyta,1,
Cylostrobus clavatus,species,Cylostrobus,,,,Lycopodophyta,1,
Permocalculus minutus,species,Permocalculus,Gymnocodiaceae,,Rhodophyceae,Rhodophyta,1,
Johnstonia coriacea,species,Johnstonia,,,,Pteridophyta,1,
Cordaicarpus,genus,Cordaicarpus,,Cordaitales,,Coniferophyta,1,
Acaciaphyllites grevilleoides,species,Acaciaphyllites,Mimosaceae,Rosales,,Angiospermae,1,
Calycites middendorfensis,species,Calycites,Asteraceae,Asterales,,Angiospermae,1,
Celastrophyllum crenatum,species,Celastrophyllum,,,Magnoliopsida,Spermatophyta,1,
Cinnamomum middendorfensis,species,Cinnamomum,Lauraceae,Laurales,,Angiospermae,1,
Citrophyllum aligerum,species,Citrophyllum,Rutaceae,Sapindales,,Angiospermae,1,
Crotonophyllum panduraeformis,species,Crotonophyllum,Euphorbiaceae,Malpighiales,,Angiospermae,1,
Ficus atavina,species,Ficus,Moraceae,,,Angiospermae,1,
Ficus celtifolius,species,Ficus,Moraceae,,,Angiospermae,1,
Ficus crassipes,species,Ficus,Moraceae,,,Angiospermae,1,
Ficus krausiana,species,Ficus,Moraceae,,,Angiospermae,1,
Ficus stephensoni,species,Ficus,Moraceae,,,Angiospermae,1,
Laurus plutonia,species,Laurus,Lauraceae,Laurales,,Angiospermae,1,
Laurophyllum elegans,species,Laurophyllum,Lauraceae,Laurales,,Angiospermae,1,
Laurophyllum nervillosum,species,Laurophyllum,Lauraceae,Laurales,,Angiospermae,1,
Magnolia capellinii,species,Magnolia,Magnoliaceae,Magnoliales,,Angiospermae,1,
Magnolia obtusata,species,Magnolia,Magnoliaceae,Magnoliales,,Angiospermae,1,
Magnolia tenuifolia,species,Magnolia,Magnoliaceae,Magnoliales,,Angiospermae,1,
Pachystima cretacea,species,Pachystima,Celastraceae,Celastrales,,Angiospermae,1,
Potamogeton middendorfensis,species,Potamogeton,Potamogetonaceae,Alismatales,,Angiospermae,1,
Proteoides lancifolius,species,Proteoides,Proteaceae,Proteales,,Angiospermae,1,
Proteoides parvula,species,Proteoides,Proteaceae,Proteales,,Angiospermae,1,
Quercus pseudowestfalica,species,Quercus,Fagaceae,Fagales,,Angiospermae,1,
Salix flexuosa,species,Salix,Salicaceae,Malpighiales,,Angiospermae,1,
Salix lesquereuxii,species,Salix,Salicaceae,Malpighiales,,Angiospermae,1,
Salix pseudohayei,species,Salix,Salicaceae,Malpighiales,,Angiospermae,1,
Widdringtonites subtilis,species,Widdringtonites,,Pinales,Pinopsida,Spermatophyta,1,
Carex clarkii,species,Carex,Cyperaceae,Poales,,Angiospermae,1,
Celastrophyllum elegans,species,Celastrophyllum,,,Magnoliopsida,Spermatophyta,1,
Cinnamomum newberryi,species,Cinnamomum,Lauraceae,Laurales,,Angiospermae,1,
Crotonophyllum,genus,Crotonophyllum,Euphorbiaceae,Malpighiales,,Angiospermae,1,
Hamamelites cordatus,species,Hamamelites,Hamamelidaceae,Saxifragales,,Angiospermae,1,
Heterolepis cretaceus,species,Heterolepis,,Coniferales,,Gymnospermae,1,
Illicium watereensis,species,Illicium,Magnoliaceae,Magnoliales,,Angiospermae,1,
Phragmites,genus,Phragmites,Poaceae,Poales,,Angiospermae,1,
Quercus sumterensis,species,Quercus,Fagaceae,Fagales,,Angiospermae,1,
Araucaria jeffreyi,species,Araucaria,Araucariaceae,,Equisetopsida,Equisetophyta,1,
Celastrophyllum carolinensis,species,Celastrophyllum,,,Magnoliopsida,Spermatophyta,1,
Dewalquea smithi,species,Dewalquea,,,,,1,
Sabalites carolinensis,species,Sabalites,Arecaceae,,,Angiospermae,1,
Salix sloani,species,Salix,Salicaceae,Malpighiales,,Angiospermae,1,
Sapindus morrisoni,species,Sapindus,Sapindaceae,Sapindales,,Angiospermae,1,
Protojuniperoxylon,genus,Protojuniperoxylon,,,,Coniferophyta,1,
Permocalculus ampullaceus,species,Permocalculus,Gymnocodiaceae,,Rhodophyceae,Rhodophyta,1,
Natantisphyllum crenae,species,Natantisphyllum,Araceae,,,Angiospermae,1,
Agathoxylon liguaensis,species,Agathoxylon,Araucariaceae,,Equisetopsida,Equisetophyta,1,
Podocarpoxylon atuelensis,species,Podocarpoxylon,Podocarpaceae,Coniferales,,Gymnospermae,1,
Asterotheca hilariensis,species,Asterotheca,,Marattiales,Polypodiopsida,Pteridophyta,1,
Austrohamia asfaltensis,species,Austrohamia,Cupressaceae,Coniferales,,Gymnospermae,1,
Sabal bigbendense,species,Sabal,Arecaceae,,,Angiospermae,1,
Hedera primordialis,species,Hedera,Araliaceae,Apiales,,Angiospermae,1,
Araucaria darlingtonensis,species,Araucaria,Araucariaceae,,Equisetopsida,Equisetophyta,1,
Strobilites anceps,species,Strobilites,,Coniferales,,Gymnospermae,1,
Hedera,genus,Hedera,Araliaceae,Apiales,,Angiospermae,1,
Magnolia newberryi,species,Magnolia,Magnoliaceae,Magnoliales,,Angiospermae,1,
Myrica elegans,species,Myrica,Myricaceae,Fagales,,Angiospermae,1,
Rhus darlingtonensis,species,Rhus,Anacardiaceae,Sapindales,,Angiospermae,1,
Myrica brittoniana,species,Myrica,Myricaceae,Fagales,,Angiospermae,1,
Palmocarpon compressus,species,Palmocarpon,Arecaceae,,,Angiospermae,1,
Nypa hindi,species,Nypa,Arecaceae,,,Angiospermae,1,
Nypa fruticans,species,Nypa,Arecaceae,,,Angiospermae,1,
Tricoccites trigonum,species,Tricoccites,Arecaceae,,,Angiospermae,1,
Palmoxylon kamalam,species,Palmoxylon,Arecaceae,,,Angiospermae,1,
Cyclanthodendron sahnii,species,Cyclanthodendron,Cyclanthaceae,Pandanales,,Angiospermae,1,
Androvettia elegans,species,Androvettia,,Coniferales,,Gymnospermae,1,
Cinnamomum heerii,species,Cinnamomum,Lauraceae,Laurales,,Angiospermae,1,
Menispermites variabilis,species,Menispermites,Menispermaceae,Ranunculales,,Angiospermae,1,
Paliurus upatoiensis,species,Paliurus,Rhamnaceae,Rosales,,Angiospermae,1,
Zizyphus laurifolius,species,Zizyphus,Rhamnaceae,Rosales,,Angiospermae,1,
Malapoenna,genus,Malapoenna,Lauraceae,Laurales,,Angiospermae,1,
Salix eutawensis,species,Salix,Salicaceae,Malpighiales,,Angiospermae,1,
Araucaria bladenensis,species,Araucaria,Araucariaceae,,Equisetopsida,Equisetophyta,1,
Doryanthites cretacea,species,Doryanthites,,,,Angiospermae,1,
Ficus georgiana,species,Ficus,Moraceae,,,Angiospermae,1,
Dryopterites stephensoni,species,Dryopterites,Polypodiaceae,,Polypodiopsida,Pteridophyta,1,
Aralia eutawensis,species,Aralia,Araliaceae,Apiales,,Angiospermae,1,
Stenozonotriletes,genus,Stenozonotriletes,,,,,1,
Biretisporites deltoidus,species,Biretisporites,,,Polypodiopsida,Pteridophyta,1,
Cycadopites formosus,species,Cycadopites,,,,Cycadophyta,1,
Tigrisporites,genus,Tigrisporites,,Filicales,Polypodiopsida,Pteridophyta,1,
Onoana californica,species,Onoana,Icacinaceae,Icacinales,,Angiospermae,1,
Khasurtythallus monosolenioides,species,Khasurtythallus,Marchantiidae,,Marchantiopsida,Marchantiophyta,1,
Khasurtya ginkgoides,species,Khasurtya,Marchantiidae,,Marchantiopsida,Marchantiophyta,1,
Tricostium longifolium,species,Tricostium,,,Bryopsida,Bryophyta,1,
Bryokhutuliinia obtusifolia,species,Bryokhutuliinia,,,Bryopsida,Bryophyta,1,
Palaeodichelyma sinitzae,species,Palaeodichelyma,,,Bryopsida,Bryophyta,1,
Kantia,genus,Kantia,,,,,1,
Triplanosporites microsinuosus,species,Triplanosporites,,,,Pteridophyta,1,
Oculopollis,genus,Oculopollis,,,,Angiospermae,1,
Plicapollis serta,species,Plicapollis,,,,Angiospermae,1,
Lecaniella,genus,Lecaniella,Zygnemataceae,,Algae,,1,
Ulmus,genus,Ulmus,Ulmaceae,Rosales,,Angiospermae,1,
Albertarum pueri,species,Albertarum,Araceae,,,Angiospermae,1,
Saportanella maslovi,species,Saportanella,,,,Charophyta,1,
Platychara caudata,species,Platychara,Characea,Charales,,Charophyta,1,
Brachyphyllum sattlerae,species,Brachyphyllum,Araucariaceae,,Equisetopsida,Equisetophyta,1,
Behuninia joannei,species,Behuninia,,Cycadales,Cycadopsida,Cycadophyta,1,
Jensensispermum redmondi,species,Jensensispermum,,,,Cycadophyta,1,
Carpolithus provoensis,species,Carpolithus,,,,Angiospermae,1,
Carpolithus radiatus,species,Carpolithus,,,,Angiospermae,1,
Piper margaritae,species,Piper,Piperaceae,Piperales,,Angiospermae,1,
Rienitsia,genus,Rienitsia,,,,,1,
Taeniopteris densinervis,species,Taeniopteris,,Cycadales,Cycadopsida,Cycadophyta,1,
Reticuloidosporites,genus,Reticuloidosporites,,,Pteridopsida,Pteridophyta,1,
Cycadopites granulatus,species,Cycadopites,,,,Cycadophyta,1,
Momipites inaequalis,species,Momipites,Juglandaceae,Fagales,,Angiospermae,1,
Ptilophyllum pectiniformis,species,Ptilophyllum,,Bennettitales,Pteropsida,Gymnospermae,1,dataset_interno_ordine_to_classe
Acanthotriletes baskoensis,species,Acanthotriletes,,,,Lycophyta,1,
Acanthotriletes ciliatus,species,Acanthotriletes,,,,Lycophyta,1,
Acicularia cutchensis,species,Acicularia,,Dasycladales,Chlorophyceae,Chlorophyta,1,
Actinopteris peltata,species,Actinopteris,,,,Pteridophyta,1,
Actinopteris,genus,Actinopteris,,,,Pteridophyta,1,
Aequitriradites fusus,species,Aequitriradites,,Sphaerocarpales,Marchantiopsida,Marchantiophyta,1,
Aequitriradites triangulatus,species,Aequitriradites,,Sphaerocarpales,Marchantiopsida,Marchantiophyta,1,
Aequitriradites indicus,species,Aequitriradites,,Sphaerocarpales,Marchantiopsida,Marchantiophyta,1,
Ailanthoxylon indicum,species,Ailanthoxylon,Simaroubaceae,Sapindales,,Angiospermae,1,
Alethopteris lobifolia,species,Pecopteris (Alethopteris),,,Pteropsida,Pteridophyta,1,
Cladophlebis medlicottiana,species,Cladophlebis,,,Polypodiopsida,Pteridophyta,1,
Todites indicus,species,Todites,Osmundaceae,,Polypodiopsida,Pteridophyta,1,
Alethopteris whitbyensis,species,Pecopteris (Alethopteris),,,Pteropsida,Pteridophyta,1,
Alismataceaepites rogalskae,species,Alismataceaepites,Alismataceae,Alismatales,,Angiospermae,1,
Alisporites auriculiformis,species,Alisporites,,,,Gymnospermae,1,
Alisporites baskoensis,species,Alisporites,,,,Gymnospermae,1,
Alisporites hemiglobosaccatus,species,Alisporites,,,,Gymnospermae,1,
Alisporites indicus,species,Alisporites,,,,Gymnospermae,1,
Alisporites jurassicus,species,Alisporites,,,,Gymnospermae,1,
Alisporites phaselosaccatus,species,Alisporites,,,,Gymnospermae,1,
Alisporites rajmahalensis,species,Alisporites,,,,Gymnospermae,1,
Allocladus bansaensis,species,Allocladus,,Coniferales,,Gymnospermae,1,
Annulispora folliculosa,species,Annulispora,,,,Bryophyta,1,
Anomozamites amarjolense,species,Anomozamites,,Bennettitales,Pteropsida,Gymnospermae,1,dataset_interno_ordine_to_classe
Anomozamites jungens,species,Anomozamites,,Bennettitales,Pteropsida,Gymnospermae,1,dataset_interno_ordine_to_classe
Araucariacites cooksonii,species,Araucariacites,Araucariaceae,,Equisetopsida,Equisetophyta,1,
Araucariacites indicus,species,Araucariacites,Araucariaceae,,Equisetopsida,Equisetophyta,1,
Araucarites bindrabunensis,species,Araucarites,Araucariaceae,,Equisetopsida,Equisetophyta,1,
Araucarites minutus,species,Araucarites,Araucariaceae,,Equisetopsida,Equisetophyta,1,
Araucarites indica,species,Araucarites,Araucariaceae,,Equisetopsida,Equisetophyta,1,
Marwaria latifolia,species,Marwaria,,Coniferales,,Gymnospermae,1,
Araucarites fibrosa,species,Araucarites,Araucariaceae,,Equisetopsida,Equisetophyta,1,
Araucarites macropterus,species,Araucarites,Araucariaceae,,Equisetopsida,Equisetophyta,1,
Araucarites nipaniensis,species,Araucarites,Araucariaceae,,Equisetopsida,Equisetophyta,1,
Araucarites parsorensis,species,Araucarites,Araucariaceae,,Equisetopsida,Equisetophyta,1,
Aumancisporites indicus,species,Aumancisporites,,,,,1,
Auriculozonospora reticulata,species,Auriculozonospora,,,,,1,
Baculareticulosporis cutchensis,species,Baculareticulosporis,,,,,1,
Baculatisporites clavaeoides,species,Baculatisporites,Osmundaceae,,Polypodiopsida,Pteridophyta,1,
Baculatisporites emarginatus,species,Baculatisporites,Osmundaceae,,Polypodiopsida,Pteridophyta,1,
Baculatisporites sehoraensis,species,Baculatisporites,Osmundaceae,,Polypodiopsida,Pteridophyta,1,
Bacutriletes cutchensis,species,Bacutriletes,,,,Lycophyta,1,
Birbalipites pseudodrimys,species,Birbalipites,,,,,1,
Brachyphyllum florinii,species,Brachyphyllum,Araucariaceae,,Equisetopsida,Equisetophyta,1,
Brachyphyllum sehoraensis,species,Brachyphyllum,Araucariaceae,,Equisetopsida,Equisetophyta,1,
Brachyphyllum rhombicum,species,Brachyphyllum,Araucariaceae,,Equisetopsida,Equisetophyta,1,
Brachyphyllum spiroxylum,species,Brachyphyllum,Araucariaceae,,Equisetopsida,Equisetophyta,1,
Bucklandia dichotoma,species,Bucklandia,,Cycadales,Cycadopsida,Cycadophyta,1,
Bucklandia guptae,species,Bucklandia,,Cycadales,Cycadopsida,Cycadophyta,1,
Bucklandia sahnii,species,Bucklandia,,Cycadales,Cycadopsida,Cycadophyta,1,
Callialasporites barragaonensis,species,Callialasporites,Podocarpaceae,Coniferales,,Gymnospermae,1,
Callialasporites grandis,species,Callialasporites,Podocarpaceae,Coniferales,,Gymnospermae,1,
Callialasporites lenticularis,species,Callialasporites,Podocarpaceae,Coniferales,,Gymnospermae,1,
Callialasporites monoalasporus,species,Callialasporites,Podocarpaceae,Coniferales,,Gymnospermae,1,
Callialasporites rimalis,species,Callialasporites,Podocarpaceae,Coniferales,,Gymnospermae,1,
Tsugaepollenites segmentatus,species,Callialasporites,Podocarpaceae,Coniferales,,Gymnospermae,1,
Callispora baculoexinus,species,Callispora,,,,,1,
Callispora potoniaei,species,Callispora,,,,,1,
Callispora,genus,Callispora,,,,,1,
Carnoconites compactum,species,Carnoconites,,Pentoxylales,Ginkgoopsida,Ginkgophyta,1,
Williamsonia kakadbhitensis,species,Williamsonia,,Bennettitales,Pteropsida,Gymnospermae,1,dataset_interno_ordine_to_classe
Cedripites nudis,species,Cedripites,,,,Gymnospermae,1,
Ceratosporites kutchensis,species,Ceratosporites,,Selaginellales,Lycopodiopsida,Lycopodiophyta,1,
Cerebropollenites nilssonii,species,Cerebropollenites,,,,Gymnospermae,1,
Chara malcolmsonii,species,Chara,Characea,Charales,,Charophyta,1,
Cingulatisporites notaclarus,species,Cingulatisporites,,,Pteridopsida,Pteridophyta,1,
Circella splendidus,species,Circella,,,,,1,
Cirratriradites spinulosus,species,Cirratriradites,,,,,1,
Cladophlebis kathiawarensis,species,Cladophlebis,,,Polypodiopsida,Pteridophyta,1,
Cladophlebis frigida longipennis,subspecies,Cladophlebis,,,Polypodiopsida,Pteridophyta,1,
Cladophlebis daradensis,species,Cladophlebis,,,Polypodiopsida,Pteridophyta,1,
Cladophlebis sahnii,species,Cladophlebis,,,Polypodiopsida,Pteridophyta,1,
Cladophlebis srivastavae,species,Cladophlebis,,,Polypodiopsida,Pteridophyta,1,
Classopollis minor,species,Classopollis,Cheirolepidiaceae,,Equisetopsida,Equisetophyta,1,
Classopollis pflugii,species,Classopollis,Cheirolepidiaceae,,Equisetopsida,Equisetophyta,1,
Concavisporites crassus,species,Concavisporites,,,,Pteridophyta,1,
Concavisporites cutchensis,species,Concavisporites,,,,Pteridophyta,1,
Concavisporites indicus,species,Concavisporites,,,,Pteridophyta,1,
Concavissimisporites kutchensis,species,Concavissimisporites,,,,Embryophyta,1,
Concavissimisporites minor,species,Concavissimisporites,,,,Embryophyta,1,
Concavissimisporites plexus,species,Concavissimisporites,,,,Embryophyta,1,
Coniferocaulon,genus,Coniferocaulon,,Coniferales,,Gymnospermae,1,
Coniferocaulon latisulcatum,species,Coniferocaulon,,Coniferales,,Gymnospermae,1,
Coniferocaulon rajmahalense,species,Coniferocaulon,,Coniferales,,Gymnospermae,1,
Sphenopteris otagoensis,species,Sphenopteris,,Lyginopteridales,Lyginopteridopsida,Gymnospermae,1,
Conites rajmahalensis,species,Conites,,Cycadeoideales,Cycadeoideopsida,Cycadeoideophyta,1,
Conites sessilis,species,Conites,,Cycadeoideales,Cycadeoideopsida,Cycadeoideophyta,1,
Conites sripermaturensis,species,Conites,,Cycadeoideales,Cycadeoideopsida,Cycadeoideophyta,1,
Converrucosisporites santalensis,species,Converrucosisporites,,,,Pteridophyta,1,
Converrucosisporites sinuotectus,species,Converrucosisporites,,,,Pteridophyta,1,
Crassimonoletes minor,species,Crassimonoletes,,,,,1,
Crassimonoletes surangei,species,Crassimonoletes,,,,,1,
Cupressinoxylon alternans,species,Cupressinoxylon,,Coniferales,,Gymnospermae,1,
Cupressinoxylon coromandelinum,species,Cupressinoxylon,,Coniferales,,Gymnospermae,1,
Cupressinoxylon (Taxodioxylon) rajmahalense,species,Taxodioxylon,Cupressaceae,Coniferales,,Gymnospermae,1,
Cyathidites cutchensis,species,Cyathidites,,,Pteridopsida,Pteridophyta,1,
Cyathidites ghuneriensis,species,Cyathidites,,,Pteridopsida,Pteridophyta,1,
Cyathidites grandis,species,Cyathidites,,,Pteridopsida,Pteridophyta,1,
Cyathidites jurassicus,species,Cyathidites,,,Pteridopsida,Pteridophyta,1,
Cyathidites medicus,species,Cyathidites,,,Pteridopsida,Pteridophyta,1,
Cyathidites pseudopunctatus,species,Cyathidites,,,Pteridopsida,Pteridophyta,1,
Cyathidites rajmahalensis,species,Cyathidites,,,Pteridopsida,Pteridophyta,1,
Cyathidites trilobatus,species,Cyathidites,,,Pteridopsida,Pteridophyta,1,
Amarjolia dactylota,species,Amarjolia,,Bennettitales,Pteropsida,Gymnospermae,1,dataset_interno_ordine_to_classe
Cycadeospermum indicum,species,Cycadeospermum,,Bennettitales,Pteropsida,Gymnospermae,1,dataset_interno_ordine_to_classe
Cycadolepis indica,species,Cycadolepis,,Bennettitales,Pteropsida,Gymnospermae,1,dataset_interno_ordine_to_classe
Cycadolepis oldhamii,species,Cycadolepis,,Bennettitales,Pteropsida,Gymnospermae,1,dataset_interno_ordine_to_classe
Cycadolepis pilosa,species,Cycadolepis,,Bennettitales,Pteropsida,Gymnospermae,1,dataset_interno_ordine_to_classe
Cycadopites crassisulcatus,species,Cycadopites,,,,Cycadophyta,1,
Cycadopites gracilis,species,Cycadopites,,,,Cycadophyta,1,
Cycadopites sakrigaliensis,species,Cycadopites,,,,Cycadophyta,1,
Dadoxylon agathioides,species,Dadoxylon,Araucariaceae,,Equisetopsida,Equisetophyta,1,
Dadoxylon amraparense,species,Dadoxylon,Araucariaceae,,Equisetopsida,Equisetophyta,1,
Dadoxylon bindrabunense,species,Dadoxylon,Araucariaceae,,Equisetopsida,Equisetophyta,1,
Dadoxylon jurassicum,species,Dadoxylon,Araucariaceae,,Equisetopsida,Equisetophyta,1,
Dadoxylon mandroense,species,Dadoxylon,Araucariaceae,,Equisetopsida,Equisetophyta,1,
Dadoxylon rajmahalense,species,Dadoxylon,Araucariaceae,,Equisetopsida,Equisetophyta,1,
Dadoxylon santalense,species,Dadoxylon,Araucariaceae,,Equisetopsida,Equisetophyta,1,
Pantopteris gracilis,species,Pantopteris,,Filicales,Polypodiopsida,Pteridophyta,1,
Morrisia rajmahalensis,species,Morrisia,,,,Cycadophyta,1,
Cyclogranisporites triletus,species,Cyclogranisporites,,,,,1,
Decisporis panchetensis,species,Decisporis,,,,,1,
Decisporis rudis,species,Decisporis,,,,,1,
Decisporis variabilis,species,Decisporis,,,,,1,
Deltoidospora pseudoreticulata,species,Deltoidospora,,,Pteridopsida,Pteridophyta,1,
Deltoidospora triangularis,species,Deltoidospora,,,Pteridopsida,Pteridophyta,1,
Densipollenites densus,species,Densipollenites,,,,,1,
Densipollenites invisus,species,Densipollenites,,,,,1,
Densipollenites,genus,Densipollenites,,,,,1,
Densoisporites mesozoicus,species,Densoisporites,,Selaginellales,Lycopodiopsida,Lycopodiophyta,1,
Harrisiophyllum indicum,species,Harrisiophyllum,,Coniferales,,Gymnospermae,1,
Desmiophyllum taeniatum,species,Desmiophyllum,,Coniferales,,Gymnospermae,1,
Dictyostelopteris fasciosteleoides,species,Dictyostelopteris,,Filicales,Polypodiopsida,Pteridophyta,1,
Dictyostelopteris jacobii,species,Dictyostelopteris,,Filicales,Polypodiopsida,Pteridophyta,1,
Dictyostelopteris rajmahalense,species,Dictyostelopteris,,Filicales,Polypodiopsida,Pteridophyta,1,
Stellatochara germanica,species,Stellatochara,,,,Charophyta,1,
Stomochara starozhilovae,species,Stomochara,,,,Charophyta,1,
Stenochara kisielevskyi,species,Stenochara,,,,Charophyta,1,
Dictyozamites hallei,species,Dictyozamites,,Bennettitales,Pteropsida,Gymnospermae,1,dataset_interno_ordine_to_classe
Dictyozamites feistmantelii,species,Dictyozamites,,Bennettitales,Pteropsida,Gymnospermae,1,dataset_interno_ordine_to_classe
Dictyozamites indicus,species,Dictyozamites,,Bennettitales,Pteropsida,Gymnospermae,1,dataset_interno_ordine_to_classe
Dictyozamites sahnii,species,Dictyozamites,,Bennettitales,Pteropsida,Gymnospermae,1,dataset_interno_ordine_to_classe
Discisporites triassicus,species,Discisporites,,,,,1,
Distriomonosaccites rotatus,species,Distriomonosaccites,,,,,1,
Divaripunctites globosus,species,Divaripunctites,,,,,1,
Divaripunctites plicatus,species,Divaripunctites,,,,,1,
Divisisporites ovalis,species,Divisisporites,,,,Embryophyta,1,
Doratophyllum senii,species,Doratophyllum,,,,Cycadophyta,1,
Duplicisporites serenus,species,Duplicisporites,,,,,1,
Echinostrobus,genus,Echinostrobus,,Coniferales,,Gymnospermae,1,
Elatocladus jabalpurensis,species,Elatocladus,Podocarpaceae,Coniferales,,Gymnospermae,1,
Elatocladus sahnii,species,Elatocladus,Podocarpaceae,Coniferales,,Gymnospermae,1,
Elatocladus tenerrima,species,Elatocladus,Podocarpaceae,Coniferales,,Gymnospermae,1,
Enzonalasporites,genus,Enzonalasporites,,,,Gymnospermae,1,
Erlansonisporites mineri,species,Erlansonisporites,,,,Lycophyta,1,
Eupunctisporites,genus,Eupunctisporites,,,,,1,
Faboidea,genus,Faboidea,Fabaceae,Fabales,,Angiospermae,1,
Fascisvarioxylon mehtae,species,Fascisvarioxylon,,Cycadales,Cycadopsida,Cycadophyta,1,
Faunipollenites bharadwajii,species,Faunipollenites,,,,,1,
Faunipollenites gopadensis,species,Faunipollenites,,,,,1,
Faunipollenites parvus,species,Faunipollenites,,,,,1,
Faunipollenites varius,species,Faunipollenites,,,,,1,
Foveotriletes foveolus,species,Foveotriletes,,,Lycopsida,Pteridophyta,1,
Foveotriletes triangulus,species,Foveotriletes,,,Lycopsida,Pteridophyta,1,
Gangamopteris cyclopteroides,species,Gangamopteris,,,Dictyopteridiopsida,Peltaspermophyta,1,
Ghoshiasporites didecus,species,Ghoshiasporites,,,,,1,
Ginkgoites crassipes,species,Ginkgoites,,,,Ginkgophyta,1,
Ginkgocycadophytus asymmetricus,species,Ginkgocycadophytus,,,,,1,
Ginkgocycadophytus reticulatus,species,Ginkgocycadophytus,,,,,1,
Ginkgocycadophytus srivastavae,species,Ginkgocycadophytus,,,,,1,
Ginkgoites feistmantelii,species,Ginkgoites,,,,Ginkgophyta,1,
Ginkgoretectina ovalis,species,Ginkgoretectina,,,,,1,
Ginkgoretectina vastus,species,Ginkgoretectina,,,,,1,
Gleichenia gleichenoides,species,Gleichenia,Gleicheniaceae,,Polypodiopsida,Pteridophyta,1,
Gleichenia bosahii,species,Gleichenia,Gleicheniaceae,,Polypodiopsida,Pteridophyta,1,
Gleichenia rewahensis,species,Gleichenia,Gleicheniaceae,,Polypodiopsida,Pteridophyta,1,
Gleichenia nordenskioeldi,species,Gleichenia,Gleicheniaceae,,Polypodiopsida,Pteridophyta,1,
Gleicheniidites indicus,species,Gleicheniidites,Gleicheniaceae,,Polypodiopsida,Pteridophyta,1,
Gleicheniidites microgranulosus,species,Gleicheniidites,Gleicheniaceae,,Polypodiopsida,Pteridophyta,1,
Gleicheniidites mundus,species,Gleicheniidites,Gleicheniaceae,,Polypodiopsida,Pteridophyta,1,
Glossopteris browniana,species,Glossopteris,,Arberiales,Arberiopsida,Peltaspermophyta,1,
Glossopteris communis,species,Glossopteris,,Arberiales,Arberiopsida,Peltaspermophyta,1,
Glossopteris bosei,species,Glossopteris,,Arberiales,Arberiopsida,Peltaspermophyta,1,
Glossopteris angustifolia,species,Glossopteris,,Arberiales,Arberiopsida,Peltaspermophyta,1,
Glossopteris papillosa,species,Glossopteris,,Arberiales,Arberiopsida,Peltaspermophyta,1,
Glossopteris senii,species,Glossopteris,,Arberiales,Arberiopsida,Peltaspermophyta,1,
Peckisphaera portezueloensis,species,Peckisphaera,Characeae,Charales,,Charophyta,1,
Gondwanipollenites decorus,species,Gondwanipollenites,,,,,1,
Gopadstriatites concavus,species,Gopadstriatites,,,,,1,
Gopadstriatites obliquus,species,Gopadstriatites,,,,,1,
Granuloperculatipollis flavatus,species,Granuloperculatipollis,,,,,1,
Granuloperculatipollis problematicus,species,Granuloperculatipollis,,,,,1,
Granuloperculatipollis subcircularis,species,Granuloperculatipollis,,,,,1,
Granuloperculatipollis triletus,species,Granuloperculatipollis,,,,,1,
Granulostriatites nidhpurensis,species,Granulostriatites,,,,,1,
Granulostriatites surangei,species,Granulostriatites,,,,,1,
Guptioxylon amarjolense,species,Guptioxylon,,Bennettitales,Pteropsida,Gymnospermae,1,dataset_interno_ordine_to_classe
Gynkgaletes,genus,Gynkgaletes,,,,,1,
Hexacolpites,genus,Hexacolpites,,,,Magnoliophyta,1,
Hexacolporites,genus,Hexacolporites,,,,,1,
Hydrocotyle,genus,Hydrocotyle,,Apiales,,Angiospermae,1,
Hymenophyllites bunburyanus,species,Hymenophyllites,,Filicales,Polypodiopsida,Pteridophyta,1,
Hymenozonotriletes,genus,Hymenozonotriletes,,,,,1,
Inaperturopollenites indicus,species,Inaperturopollenites,,Cupressales,Equisetopsida,Equisetophyta,1,
Indophyllum nipanica,species,Indophyllum,,Coniferales,,Gymnospermae,1,
Indophyllum raoi,species,Indophyllum,,Coniferales,,Gymnospermae,1,
Indophyllum sahnii,species,Indophyllum,,Coniferales,,Gymnospermae,1,
Indusiisporites microsaccatus,species,Indusiisporites,,,,Gymnospermae,1,
Iniquiornatisporis suryanarayanae,species,Iniquiornatisporis,,,,,1,
Ischyosporites irregularis,species,Ischyosporites,,,Pteridopsida,Pteridophyta,1,
Katrolaites kutchensis,species,Katrolaites,,,,,1,
Laricoidites communis,species,Laricoidites,,,Gymnospermopsida,Tracheophyta,1,
Laricoidites indicus,species,Laricoidites,,,Gymnospermopsida,Tracheophyta,1,
Laricoidites kutchensis,species,Laricoidites,,,Gymnospermopsida,Tracheophyta,1,
Lattisosporites superbus,species,Lattisosporites,,,,,1,
Leschikisporis indicus,species,Leschikisporis,,,,,1,
Leschikisporis rudis,species,Leschikisporis,,,,,1,
Lophotriletes pseudogranus,species,Lophotriletes,,,,,1,
Lunatisporites gopadensis,species,Lunatisporites,,,,,1,
Selaginellites gracilis,species,Selaginellites,,,,Lycopodophyta,1,
Lycoxylon indicum,species,Lycoxylon,,Lycopodiales,Lycopodiopsida,Lycopodiophyta,1,
Taeniopteris feddeni,species,Taeniopteris,,Cycadales,Cycadopsida,Cycadophyta,1,
Pterophyllum princeps,species,Pterophyllum,,Bennettitales,Pteropsida,Gymnospermae,1,dataset_interno_ordine_to_classe
Macrotaeniopteris morrisii,species,Macrotaeniopteris,,,,Cycadophyta,1,
Taeniopteris oldhamii,species,Taeniopteris,,Cycadales,Cycadopsida,Cycadophyta,1,
Podostrobus rajmahalensis,species,Podostrobus,,Coniferales,,Gymnospermae,1,
Masculostrobus rajmahalensis,species,Masculostrobus,,,,Spermatophyta,1,
Podostrobus sahnii,species,Podostrobus,,Coniferales,,Gymnospermae,1,
Podostrobus,genus,Podostrobus,,Coniferales,,Gymnospermae,1,
Nipanioruha granthia,species,Nipanioruha,,Coniferales,,Gymnospermae,1,
Mehtaia nipaniensis,species,Mehtaia,,Coniferales,,Gymnospermae,1,
Mehtaia rajmahalensis,species,Mehtaia,,Coniferales,,Gymnospermae,1,
Mehtaia santalensis,species,Mehtaia,,Coniferales,,Gymnospermae,1,
Mesembrioxylon indicum,species,Mesembrioxylon,Podocarpaceae,Coniferales,,Gymnospermae,1,
Mesembrioxylon malerianum,species,Mesembrioxylon,Podocarpaceae,Coniferales,,Gymnospermae,1,
Mesembrioxylon rajmahalense,species,Mesembrioxylon,Podocarpaceae,Coniferales,,Gymnospermae,1,
Mesembrioxylon sarmae,species,Mesembrioxylon,Podocarpaceae,Coniferales,,Gymnospermae,1,
Mesembrioxylon tirumangalense,species,Mesembrioxylon,Podocarpaceae,Coniferales,,Gymnospermae,1,
Mesembrioxylon trichinopoliense,species,Mesembrioxylon,Podocarpaceae,Coniferales,,Gymnospermae,1,
Minerisporites mesosporeoides,species,Minerisporites,,Isoetales,Lycopodiopsida,Lycopodiophyta,1,
Monocolpopites,genus,Monocolpopites,,,,,1,
Monolites grandis,species,Monolites,,,Pteridopsida,Pteridophyta,1,
Monolites intragranulosus,species,Monolites,,,Pteridopsida,Pteridophyta,1,
Monosulcites couperi,species,Monosulcites,,,,Angiospermae,1,
Morrisia mcclellandi,species,Morrisia,,,,Cycadophyta,1,
Nidipollenites monoletus,species,Nidipollenites,,,,,1,
Pterophyllum distans,species,Pterophyllum,,Bennettitales,Pteropsida,Gymnospermae,1,dataset_interno_ordine_to_classe
Pterophyllum kingianum,species,Pterophyllum,,Bennettitales,Pteropsida,Gymnospermae,1,dataset_interno_ordine_to_classe
Nilssonia princeps,species,Nilsonia,,Cycadales,Cycadopsida,Cycadophyta,1,
Pterophyllum guptai,species,Pterophyllum,,Bennettitales,Pteropsida,Gymnospermae,1,dataset_interno_ordine_to_classe
Nipadites,genus,Nipadites,Arecaceae,,,Angiospermae,1,
Nipaniophyllum raoi,species,Nipaniophyllum,,Pentoxylales,Ginkgoopsida,Ginkgophyta,1,
Nipanioruha curvifolia,species,Nipanioruha,,Coniferales,,Gymnospermae,1,
Nipanioruha lanceolata,species,Nipanioruha,,Coniferales,,Gymnospermae,1,
Nipaniostrobus aciculifolia,species,Nipaniostrobus,,Coniferales,,Gymnospermae,1,
Nipaniostrobus pagiophylloides,species,Nipaniostrobus,,Coniferales,,Gymnospermae,1,
Nipaniostrobus sahnii,species,Nipaniostrobus,,Coniferales,,Gymnospermae,1,
Nipanioxylon guptai,species,Nipanioxylon,,Pentoxylales,Ginkgoopsida,Ginkgophyta,1,
Nitellites sahnii,species,Nitellites,Characeae,Charales,,Charophyta,1,
Cordaites spatulata,species,Cordaites,,Cordaitanthales,Pinopsida,Spermatophyta,1,
Nymphaeaceaepites rarispina,species,Nymphaeaceaepites,Nymphaeaceae,Nymphaeales,,Angiospermae,1,
Nymphaeaceaepites,genus,Nymphaeaceaepites,Nymphaeaceae,Nymphaeales,,Angiospermae,1,
Oleandridium stenoneuron,species,Oleandridium,,Filicales,Polypodiopsida,Pteridophyta,1,
Ontheanthus polyandra,species,Ontheanthus,,Bennettitales,Pteropsida,Gymnospermae,1,dataset_interno_ordine_to_classe
Cycadophytites florini,species,Ontheodendron,,,,Cycadophyta,1,
Ontheostrobus sessilis,species,Ontheostrobus,,Bennettitales,Pteropsida,Gymnospermae,1,dataset_interno_ordine_to_classe
Onychiopsis paradoxus,species,Onychiopsis,Polypodiaceae,,Polypodiopsida,Pteridophyta,1,
Osmundacaulis sahnii,species,Osmundacaulis,Osmundaceae,,Polypodiopsida,Pteridophyta,1,
Osmundacidites formosus,species,Osmundacidites,,,Pteridopsida,Pteridophyta,1,
Osmundacidites indicus,species,Osmundacidites,,,Pteridopsida,Pteridophyta,1,
Osmundacidites microgranifer,species,Osmundacidites,,,Pteridopsida,Pteridophyta,1,
Osmundacidites minutus,species,Osmundacidites,,,Pteridopsida,Pteridophyta,1,
Osmundacidites panchetensis,species,Osmundacidites,,,Pteridopsida,Pteridophyta,1,
Osmundasporites,genus,Osmundasporites,Osmundaceae,,Polypodiopsida,Pteridophyta,1,
Osmundacaulis rajmahalense,species,Osmundacaulis,Osmundaceae,,Polypodiopsida,Pteridophyta,1,
Otozamites acutifolius,species,Otozamites,,Bennettitales,Pteropsida,Gymnospermae,1,dataset_interno_ordine_to_classe
Otozamites angustatus,species,Otozamites,,Bennettitales,Pteropsida,Gymnospermae,1,dataset_interno_ordine_to_classe
Otozamites vemavaramensis,species,Otozamites,,Bennettitales,Pteropsida,Gymnospermae,1,dataset_interno_ordine_to_classe
Otozamites hislopii,species,Otozamites,,Bennettitales,Pteropsida,Gymnospermae,1,dataset_interno_ordine_to_classe
Otozamites imbricatus,species,Otozamites,,Bennettitales,Pteropsida,Gymnospermae,1,dataset_interno_ordine_to_classe
Ptilophyllum rarinervis,species,Ptilophyllum,,Bennettitales,Pteropsida,Gymnospermae,1,dataset_interno_ordine_to_classe
Oudhkusumites foveolatus,species,Oudhkusumites,,,,,1,
Pachyphyllum,genus,Pachyphyllum,,,,Pteridophyta,1,
Retinosporites indica,species,Retinosporites,,Coniferales,,Gymnospermae,1,
Pagiophyllum araucaroides,species,Pagiophyllum,Araucariaceae,,Equisetopsida,Equisetophyta,1,
Palmaepites,genus,Palmaepites,Arecaceae,,,Angiospermae,1,
Palmocarpon takliensis,species,Palmocarpon,Arecaceae,,,Angiospermae,1,
Halymenites,genus,Halymenites,,,Algae,,1,
Palmoxylon rewahense,species,Palmoxylon,Arecaceae,,,Angiospermae,1,
Parsorophyllum indicum,species,Parsorophyllum,,Filicales,Polypodiopsida,Pteridophyta,1,
Paucibaculisporites increbescense,species,Paucibaculisporites,,,,,1,
Pecopteris concinna,species,Pecopteris,,,Pteropsida,Pteridophyta,1,
Pecopteris lobata,species,Pecopteris,,,Pteropsida,Pteridophyta,1,
Pentoxylon sahnii,species,Pentoxylon,,Pentoxylales,Ginkgoopsida,Ginkgophyta,1,
Planisporites parvus,species,Planisporites,,,Lycopsida,Pteridophyta,1,
Platysaccus crassimarginatus,species,Platysaccus,Podocarpaceae,Coniferales,,Gymnospermae,1,
Platysaccus tenuis,species,Platysaccus,Podocarpaceae,Coniferales,,Gymnospermae,1,
Podocarpidites alareticulosus,species,Podocarpidites,Podocarpaceae,Coniferales,,Gymnospermae,1,
Podocarpidites cristiexinus,species,Podocarpidites,Podocarpaceae,Coniferales,,Gymnospermae,1,
Podocarpidites grandis,species,Podocarpidites,Podocarpaceae,Coniferales,,Gymnospermae,1,
Podocarpidites major,species,Podocarpidites,Podocarpaceae,Coniferales,,Gymnospermae,1,
Podocarpidites novus,species,Podocarpidites,Podocarpaceae,Coniferales,,Gymnospermae,1,
Podocarpidites rarus,species,Podocarpidites,Podocarpaceae,Coniferales,,Gymnospermae,1,
Podocarpidites typicus,species,Podocarpidites,Podocarpaceae,Coniferales,,Gymnospermae,1,
Podosporites raoi,species,Podosporites,Podocarpaceae,Coniferales,,Gymnospermae,1,
Podosporites tripakshi,species,Podosporites,Podocarpaceae,Coniferales,,Gymnospermae,1,
Podosporites variabilis,species,Podosporites,Podocarpaceae,Coniferales,,Gymnospermae,1,
Harrisiophyllum hacketioides,species,Harrisiophyllum,,Coniferales,,Gymnospermae,1,
Pterophyllum medlicottianum,species,Pterophyllum,,Bennettitales,Pteropsida,Gymnospermae,1,dataset_interno_ordine_to_classe
Polypodiaceoisporites speciosus,species,Polypodiaceoisporites,,,Pteridopsida,Pteridophyta,1,
Polypodiaceaesporites,genus,Polypodiaceaesporites,Polypodiaceae,,Polypodiopsida,Pteridophyta,1,
Praecolpatites nidpurensis,species,Praecolpatites,,,,,1,
Praecolpatites,genus,Praecolpatites,,,,,1,
Protoconiferus,genus,Protoconiferus,,,,,1,
Protopinus angustisulcus,species,Protopinus,,,,,1,
Pterophyllum footeanum,species,Pterophyllum,,Bennettitales,Pteropsida,Gymnospermae,1,dataset_interno_ordine_to_classe
Pseudocycadeoidea indica,species,Pseudocycadeoidea,,Cycadeoideales,Cycadeoideopsida,Cycadeoideophyta,1,
Pterophyllum incisum,species,Pterophyllum,,Bennettitales,Pteropsida,Gymnospermae,1,dataset_interno_ordine_to_classe
Pterophyllum nerbuddaicum,species,Pterophyllum,,Bennettitales,Pteropsida,Gymnospermae,1,dataset_interno_ordine_to_classe
Pterophyllum sahnii,species,Pterophyllum,,Bennettitales,Pteropsida,Gymnospermae,1,dataset_interno_ordine_to_classe
Ptilophyllum amarjolense,species,Ptilophyllum,,Bennettitales,Pteropsida,Gymnospermae,1,dataset_interno_ordine_to_classe
Ptilophyllum distanse,species,Ptilophyllum,,Bennettitales,Pteropsida,Gymnospermae,1,dataset_interno_ordine_to_classe
Ptilophyllum gladiatum,species,Ptilophyllum,,Bennettitales,Pteropsida,Gymnospermae,1,dataset_interno_ordine_to_classe
Ptilophyllum guptae,species,Ptilophyllum,,Bennettitales,Pteropsida,Gymnospermae,1,dataset_interno_ordine_to_classe
Ptilophyllum horridum,species,Ptilophyllum,,Bennettitales,Pteropsida,Gymnospermae,1,dataset_interno_ordine_to_classe
Ptilophyllum indicum,species,Ptilophyllum,,Bennettitales,Pteropsida,Gymnospermae,1,dataset_interno_ordine_to_classe
Ptilophyllum institacallum,species,Ptilophyllum,,Bennettitales,Pteropsida,Gymnospermae,1,dataset_interno_ordine_to_classe
Ptilophyllum jabalpurense,species,Ptilophyllum,,Bennettitales,Pteropsida,Gymnospermae,1,dataset_interno_ordine_to_classe
Ptilophyllum nipanica,species,Ptilophyllum,,Bennettitales,Pteropsida,Gymnospermae,1,dataset_interno_ordine_to_classe
Ptilophyllum oldhamii,species,Ptilophyllum,,Bennettitales,Pteropsida,Gymnospermae,1,dataset_interno_ordine_to_classe
Ptilophyllum sahnii,species,Ptilophyllum,,Bennettitales,Pteropsida,Gymnospermae,1,dataset_interno_ordine_to_classe
Ptilophyllum sakrigaliensis,species,Ptilophyllum,,Bennettitales,Pteropsida,Gymnospermae,1,dataset_interno_ordine_to_classe
Ptilophyllum sparsifolium,species,Ptilophyllum,,Bennettitales,Pteropsida,Gymnospermae,1,dataset_interno_ordine_to_classe
Ptilophyllum tenerrimum,species,Ptilophyllum,,Bennettitales,Pteropsida,Gymnospermae,1,dataset_interno_ordine_to_classe
Rajmahalia paradoxa,species,Rajmahalia,,Bennettitales,Pteropsida,Gymnospermae,1,dataset_interno_ordine_to_classe
Ramanujamiaspora reticulata,species,Ramanujamiaspora,,,,,1,
Retinosporites,genus,Retinosporites,,Coniferales,,Gymnospermae,1,
Rhamneaepites minuta,species,Rhamneaepites,Rhamnaceae,Rosales,,Angiospermae,1,
Rhipidopsis densinervis,species,Rhipidopsis,,,,Ginkgophyta,1,
Rhizomopteris ballii,species,Rhizomopteris,,Filicales,Polypodiopsida,Pteridophyta,1,
Rhizomopteris chakshu,species,Rhizomopteris,,Filicales,Polypodiopsida,Pteridophyta,1,
Rhizomopteris rajmahalense,species,Rhizomopteris,,Filicales,Polypodiopsida,Pteridophyta,1,
Rhizomopteris sahnii,species,Rhizomopteris,,Filicales,Polypodiopsida,Pteridophyta,1,
Rimaspora plicata,species,Rimaspora,,,,,1,
Rouseisporites pallidus,species,Zlivisporis,,,Hepaticae,Bryophyta,1,
Rouseisporites pseudosulcatus,species,Zlivisporis,,,Hepaticae,Bryophyta,1,
Rouseisporites sehorensis,species,Zlivisporis,,,Hepaticae,Bryophyta,1,
Saccarisporites lurzeri,species,Saccarisporites,,,,,1,
Sahnia nipaniensis,species,Sahnia,,Pentoxylales,Ginkgoopsida,Ginkgophyta,1,
Sahnioxylon rajmahalense,species,Sahnioxylon,,Bennettitales,Pteropsida,Gymnospermae,1,dataset_interno_ordine_to_classe
Archaefructus liaoningensis,species,Archaefructus,Archaefructaceae,,,Angiospermae,1,
Archaefructus sinensis,species,Archaefructus,Archaefructaceae,,,Angiospermae,1,
Sakristrobus sahnii,species,Sakristrobus,,,,,1,
Samaropsis srivastavae,species,Samaropsis,,Coniferales,,Gymnospermae,1,
Sapindaceaepites dubia,species,Sapindaceaepites,Sapindaceae,Sapindales,,Angiospermae,1,
Satsangisaccites nidpurensis,species,Satsangisaccites,,,,,1,
Satsangisaccites triassicus,species,Satsangisaccites,,,,,1,
Echitricolporites,genus,Echitricolporites,Asteraceae,Asterales,,Angiospermae,1,
Foveotricolporites crassiexinus,species,Foveotricolporites,,,Magnoliopsida,Spermatophyta,1,
Triporotetradites,genus,Triporotetradites,,,,Magnoliophyta,1,
Platychara,genus,Platychara,Characea,Charales,,Charophyta,1,
Schizosporis vermiculatus,species,Schizosporis,,,,Chlorophyta,1,
Sehorisporites indicus,species,Sehorisporites,,,,,1,
Setosisporites,genus,Setosisporites,,,,,1,
Fascisvarioxylon sahnii,species,Fascisvarioxylon,,Cycadales,Cycadopsida,Cycadophyta,1,
Singhiapollis rudis,species,Singhiapollis,,,,,1,
Singhiapollis triletus,species,Singhiapollis,,,,,1,
Sitholeya rajmahalensis,species,Sitholeya,,Coniferales,,Gymnospermae,1,
Solenopora coromandelensis,species,Solenopora,Solenoporaceae,,Rhodophyceae,Rhodophyta,1,
Solenostelopteris nipanica,species,Solenostelopteris,,Filicales,Polypodiopsida,Pteridophyta,1,
Solenostelopteris sahnii,species,Solenostelopteris,,Filicales,Polypodiopsida,Pteridophyta,1,
Sphagnites,genus,Sphagnites,Sphagnaceae,,,Bryophyta,1,
Sphenopteris bindrabunensis,species,Sphenopteris,,Lyginopteridales,Lyginopteridopsida,Gymnospermae,1,
Sphenopteris hislopii,species,Sphenopteris,,Lyginopteridales,Lyginopteridopsida,Gymnospermae,1,
Sphenopteris imbricata,species,Sphenopteris,,Lyginopteridales,Lyginopteridopsida,Gymnospermae,1,
Sphenopteris khairbaniensis,species,Sphenopteris,,Lyginopteridales,Lyginopteridopsida,Gymnospermae,1,
Sphenopteris membranosa,species,Sphenopteris,,Lyginopteridales,Lyginopteridopsida,Gymnospermae,1,
Sphenopteris rajmahalensis,species,Sphenopteris,,Lyginopteridales,Lyginopteridopsida,Gymnospermae,1,
Sphenopteris sakrigaliensis,species,Sphenopteris,,Lyginopteridales,Lyginopteridopsida,Gymnospermae,1,
Sphenopteris specifica,species,Sphenopteris,,Lyginopteridales,Lyginopteridopsida,Gymnospermae,1,
Sporojuglandoidites jurassicus,species,Sporojuglandoidites,,,,,1,
Stachyotaxus sampathkumaranii,species,Stachyotaxus,Palissyaceae,Coniferales,,Gymnospermae,1,
Striapollenites,genus,Striapollenites,,,,,1,
Striatites communis,species,Striatites,,,,,1,
Striatites indicus,species,Striatites,,,,,1,
Striatites kumaoensis,species,Striatites,,,,,1,
Striatites renisaccatus,species,Striatites,,,,,1,
Striatites sidhiensis,species,Striatites,,,,,1,
Striatites solitus,species,Striatites,,,,,1,
Striatopiceites clarus,species,Striatopiceites,,,,,1,
Striatopiceites minutus,species,Striatopiceites,,,,,1,
Striomonosaccites ovatus,species,Striomonosaccites,,,,Gymnospermae,1,
Strobilites ontheaensis,species,Strobilites,,Coniferales,,Gymnospermae,1,
Carnoconites rajmahalensis,species,Carnoconites,,Pentoxylales,Ginkgoopsida,Ginkgophyta,1,
Strobilites sewardii,species,Strobilites,,Coniferales,,Gymnospermae,1,
Strotersporites lentisaccatus,species,Strotersporites,,,,,1,
Strotersporites raniganjensis,species,Strotersporites,,,,,1,
Subverrusporis rudis,species,Subverrusporis,,,,,1,
Subverrusporis,genus,Subverrusporis,,,,,1,
Succinctisporites ovalis,species,Succinctisporites,,,,,1,
Sulcatisporites interpositus,species,Sulcatisporites,,,,,1,
Sulcatisporites royii,species,Sulcatisporites,,,,,1,
Sulcatisporites triassicus,species,Sulcatisporites,,,,,1,
Morrisia dentata,species,Morrisia,,,,Cycadophyta,1,
Taxoxylon indicum,species,Taxoxylon,,,,Coniferophyta,1,
Taxoxylon,genus,Taxoxylon,,,,Coniferophyta,1,
Tetrasaccus,genus,Tetrasaccus,,,,,1,
Thinnfeldia chunakhalensis,species,Thinnfeldia,,Pteridospermales,Cycadopsida,Cycadophyta,1,
Thomsonia cutchensis,species,Thomsonia,,,,,1,
Thomsonia,genus,Thomsonia,,,,,1,
Todisporites crassus,species,Todisporites,,,Pteridopsida,Pteridophyta,1,
Torreyites constricta,species,Torreyites,,Coniferales,,Gymnospermae,1,
Trabeculosporites gopadensis,species,Trabeculosporites,,,,,1,
Trilobosporites trioreticulatus,species,Trilobosporites,,,,Pteridophyta,1,
Trilobozonosporites,genus,Trilobozonosporites,,,,,1,
Trizygia speciosa,species,Trizygia,,,Polypodiopsida,Pteridophyta,1,
Trochosporites,genus,Trochosporites,,,,,1,
Tsugaepollenites enigmaticus,species,Callialasporites,Podocarpaceae,Coniferales,,Gymnospermae,1,
Tsugaepollenites fimbriatus,species,Callialasporites,Podocarpaceae,Coniferales,,Gymnospermae,1,
Tsugaepollenites indicus,species,Callialasporites,Podocarpaceae,Coniferales,,Gymnospermae,1,
Tsugaepollenites limbatus,species,Callialasporites,Podocarpaceae,Coniferales,,Gymnospermae,1,
Tsugaepollenites primus,species,Callialasporites,Podocarpaceae,Coniferales,,Gymnospermae,1,
Tsugaepollenites sehoraensis,species,Callialasporites,Podocarpaceae,Coniferales,,Gymnospermae,1,
Tuberculatisporites,genus,Tuberculatisporites,,,,,1,
Verrucosisporites dubius,species,Verrucosisporites,,,Polypodiopsida,Pteridophyta,1,
Vertebraria indica,species,Vertebraria,,Arberiales,Arberiopsida,Peltaspermophyta,1,
Verticipollenites crassus,species,Verticipollenites,,,,,1,
Verticipollenites finitimus,species,Verticipollenites,,,,,1,
Verticipollenites gibbosus,species,Verticipollenites,,,,,1,
Viracarpon elongatum,species,Viracarpon,,,,Angiospermae,1,
Viracarpon hexaspermum,species,Viracarpon,,,,Angiospermae,1,
Vitreisporites rajmahalensis,species,Vitreisporites,,Caytoniales,Ginkgoopsida,Ginkgophyta,1,
Weltrichia singhii,species,Weltrichia,,Bennettitales,Pteropsida,Gymnospermae,1,dataset_interno_ordine_to_classe
Weylandites bilateralis,species,Weylandites,,,,,1,
Weylandites circularis,species,Weylandites,,,,,1,
Weylandites indicus,species,Weylandites,,,,,1,
Weylandites irregularis,species,Weylandites,,,,,1,
Weylandites minutus,species,Weylandites,,,,,1,
Williamsonia amarjolense,species,Williamsonia,,Bennettitales,Pteropsida,Gymnospermae,1,dataset_interno_ordine_to_classe
Williamsonia campanulatiformis,species,Williamsonia,,Bennettitales,Pteropsida,Gymnospermae,1,dataset_interno_ordine_to_classe
Williamsonia guptae,species,Williamsonia,,Bennettitales,Pteropsida,Gymnospermae,1,dataset_interno_ordine_to_classe
Williamsonia harrisiana,species,Williamsonia,,Bennettitales,Pteropsida,Gymnospermae,1,dataset_interno_ordine_to_classe
Williamsonia indica,species,Williamsonia,,Bennettitales,Pteropsida,Gymnospermae,1,dataset_interno_ordine_to_classe
Williamsonia sahnii,species,Williamsonia,,Bennettitales,Pteropsida,Gymnospermae,1,dataset_interno_ordine_to_classe
Williamsonia santalensis,species,Williamsonia,,Bennettitales,Pteropsida,Gymnospermae,1,dataset_interno_ordine_to_classe
Williamsonia seniana,species,Williamsonia,,Bennettitales,Pteropsida,Gymnospermae,1,dataset_interno_ordine_to_classe
Williamsonia sewardiana,species,Williamsonia,,Bennettitales,Pteropsida,Gymnospermae,1,dataset_interno_ordine_to_classe
Xulinosprionites,genus,Xulinosprionites,,,,Angiospermae,1,
Zonalasporites,genus,Zonalasporites,,,,,1,
Cristatisporites,genus,Cristatisporites,,,,,1,
Florinites,genus,Florinites,,,,,1,
Latosporites,genus,Latosporites,,,,,1,
Vestigisporites,genus,Vestigisporites,,,,,1,
Schizopollis,genus,Schizopollis,,,,,1,
Striatopiceites,genus,Striatopiceites,,,,,1,
Brachyphyllum royii,species,Brachyphyllum,Araucariaceae,,Equisetopsida,Equisetophyta,1,
Taeniopteris kutchensis,species,Taeniopteris,,Cycadales,Cycadopsida,Cycadophyta,1,
Pagiophyllum divaricatum,species,Pagiophyllum,Araucariaceae,,Equisetopsida,Equisetophyta,1,
Williamsonia blanfordii,species,Williamsonia,,Bennettitales,Pteropsida,Gymnospermae,1,dataset_interno_ordine_to_classe
Cingulatisporites kashmiriensis,species,Cingulatisporites,,,Pteridopsida,Pteridophyta,1,
Monosulcites kashmiriensis,species,Monosulcites,,,,Angiospermae,1,
Cingulatisporites lathiensis,species,Cingulatisporites,,,Pteridopsida,Pteridophyta,1,
Triangulatisporites mathurii,species,Triangulatisporites,,,,,1,
Polypodiisporites rajasthanensis,species,Polypodiisporites,,Polypodiales,Polypodiopsida,Pteridophyta,1,
Araucariacites ghoshii,species,Araucariacites,Araucariaceae,,Equisetopsida,Equisetophyta,1,
Glossopteris indica,species,Glossopteris,,Arberiales,Arberiopsida,Peltaspermophyta,1,
Cordaicarpus chichariensis,species,Cordaicarpus,,Cordaitales,,Coniferophyta,1,
Margocolporites,genus,Margocolporites,Fabaceae,Fabales,,Angiospermae,1,
Palmaepollenites neyvelii,species,Palmaepollenites,Arecaceae,,,Angiospermae,1,
Striacolporites striatus,species,Striacolporites,,,,,1,
Concavissimisporites subverrucosus,species,Concavissimisporites,,,,Embryophyta,1,
Matonisporites kutchensis,species,Matonisporites,,,Pteridopsida,Pteridophyta,1,
Coptospora kutchensis,species,Coptospora,,,,Bryophyta,1,
Murospora punctata,species,Murospora,,,,Pteridophyta,1,
Podocarpidites densus,species,Podocarpidites,Podocarpaceae,Coniferales,,Gymnospermae,1,
Platysaccus indicus,species,Platysaccus,Podocarpaceae,Coniferales,,Gymnospermae,1,
Foveotriletes kutchensis,species,Foveotriletes,,,Lycopsida,Pteridophyta,1,
Cooksonites minor,species,Cooksonites,,,,,1,
Impardecispora simplex,species,Impardecispora,,,,Pteridophyta,1,
Impardecispora lobata,species,Impardecispora,,,,Pteridophyta,1,
Impardecispora indica,species,Impardecispora,,,,Pteridophyta,1,
Cyathidites flavatus,species,Cyathidites,,,Pteridopsida,Pteridophyta,1,
Biretisporites convexus,species,Biretisporites,,,Polypodiopsida,Pteridophyta,1,
Impardecispora uralensis,species,Impardecispora,,,,Pteridophyta,1,
Bhujiasporites hirsutus,species,Bhujiasporites,,,,,1,
Parviprojectus,genus,Parviprojectus,,,,Angiospermae,1,
Eophylica priscastellata,species,Eophylica,Rhamnaceae,Rosales,,Angiospermae,1,
Phylica piloburmensis,species,Phylica,Rhamnaceae,Rosales,,Angiospermae,1,
Renbernia zhoui,species,Renbernia,,,,Spermatophyta,1,
Tolmania aquatica,species,Tolmania,,,,Angiospermae,1,
Compsostrobus,genus,Compsostrobus,Compsostrobaceae,Coniferales,,Gymnospermae,1,
Gmelinoxylon,genus,Gmelinoxylon,Verbenaceae,Lamiales,,Angiospermae,1,
Guaiacum,genus,Guaiacum,Zygophyllaceae,Zygophyllales,,Angiospermae,1,
Palmostroboxylon indicum,species,Palmostroboxylon,Arecaceae,,,Angiospermae,1,
Palmoxylon pantii,species,Palmoxylon,Arecaceae,,,Angiospermae,1,
Palmoxylon sagari,species,Palmoxylon,Arecaceae,,,Angiospermae,1,
Paraferonioxylon takliensis,species,Paraferonioxylon,Rutaceae,Sapindales,,Angiospermae,1,
Viracarpon,genus,Viracarpon,,,,Angiospermae,1,
Momipites microfoveolatus,species,Momipites,Juglandaceae,Fagales,,Angiospermae,1,
Casuarinidites,genus,Casuarinidites,Casuarinaceae,Fagales,,Angiospermae,1,
Momipites dilatus,species,Momipites,Juglandaceae,Fagales,,Angiospermae,1,
Complexiopollis abditus,species,Complexiopollis,,,,Angiospermae,1,
Holkopollenites propinquus,species,Holkopollenites,,,,Magnoliophyta,1,
Brevicolporites,genus,Brevicolporites,,,,Magnoliophyta,1,
Actinostelopteris pakurense,species,Actinostelopteris,,,,Pteridophyta,1,
Algacites oogonifera,species,Algacites,,,Algae,,1,
Allocladus biswasianus,species,Allocladus,,Coniferales,,Gymnospermae,1,
Allocladus patensis,species,Allocladus,,Coniferales,,Gymnospermae,1,
Allocladus sehoraensis,species,Allocladus,,Coniferales,,Gymnospermae,1,
Anomozamites crenata,species,Anomozamites,,Bennettitales,Pteropsida,Gymnospermae,1,dataset_interno_ordine_to_classe
Anomozamites haburensis,species,Anomozamites,,Bennettitales,Pteropsida,Gymnospermae,1,dataset_interno_ordine_to_classe
Anomozamites hasnapurensis,species,Anomozamites,,Bennettitales,Pteropsida,Gymnospermae,1,dataset_interno_ordine_to_classe
Araucaria megastrobilii,species,Araucaria,Araucariaceae,,Equisetopsida,Equisetophyta,1,
Araucarioxylon wynnei,species,Araucarioxylon,Araucariaceae,,Equisetopsida,Equisetophyta,1,
Araucarites janaianus,species,Araucarites,Araucariaceae,,Equisetopsida,Equisetophyta,1,
Araucarites mittrii,species,Araucarites,Araucariaceae,,Equisetopsida,Equisetophyta,1,
Araucarites sehoraensis,species,Araucarites,Araucariaceae,,Equisetopsida,Equisetophyta,1,
Arautamyelon pakurense,species,Arautamyelon,,Coniferales,,Gymnospermae,1,
Pseudopediastrum,genus,Pseudopediastrum,Hydrodictyaceae,,Chlorophyceae,Chlorophyta,1,
Baieroxylon cicatricum,species,Baieroxylon,,Ginkgoales,Ginkgoopsida,Ginkgophyta,1,
Bosea indica,species,Bosea,,Pteridospermales,Cycadopsida,Cycadophyta,1,
Brachyphyllum bansaensis,species,Brachyphyllum,Araucariaceae,,Equisetopsida,Equisetophyta,1,
Brachyphyllum brevifolia,species,Brachyphyllum,Araucariaceae,,Equisetopsida,Equisetophyta,1,
Brachyphyllum eikaiostomum,species,Brachyphyllum,Araucariaceae,,Equisetopsida,Equisetophyta,1,
Brachyphyllum pantii,species,Brachyphyllum,Araucariaceae,,Equisetopsida,Equisetophyta,1,
Brachyphyllum regularis,species,Brachyphyllum,Araucariaceae,,Equisetopsida,Equisetophyta,1,
Brachyphyllum rhomboidalis,species,Brachyphyllum,Araucariaceae,,Equisetopsida,Equisetophyta,1,
Brachyphyllum suryanarayanaii,species,Brachyphyllum,Araucariaceae,,Equisetopsida,Equisetophyta,1,
Brachyphyllum theraniense,species,Brachyphyllum,Araucariaceae,,Equisetopsida,Equisetophyta,1,
Holkopollenites irregularis,species,Holkopollenites,,,,Magnoliophyta,1,
Cistella,genus,Cistella,,Arberiales,Arberiopsida,Peltaspermophyta,1,
Cladophlebis kakadbhitensis,species,Cladophlebis,,,Polypodiopsida,Pteridophyta,1,
Holkopollenites chemardensis,species,Holkopollenites,,,,Magnoliophyta,1,
Plicapollis usitatus,species,Plicapollis,,,,Angiospermae,1,
Ctenozamites kachchhensis,species,Ctenozamites,,Cycadales,Cycadopsida,Cycadophyta,1,
Ctenozamites surangei,species,Ctenozamites,,Cycadales,Cycadopsida,Cycadophyta,1,
Culcites,genus,Culcites,,,,,1,
Cycadinorachis omegoides,species,Cycadinorachis,,Cycadales,Cycadopsida,Cycadophyta,1,
Dichotomopteris falcata,species,Dichotomopteris,,Filicales,Polypodiopsida,Pteridophyta,1,
Dictyozamites gondwanensis,species,Dictyozamites,,Bennettitales,Pteropsida,Gymnospermae,1,dataset_interno_ordine_to_classe
Elatocladus bosei,species,Elatocladus,Podocarpaceae,Coniferales,,Gymnospermae,1,
Elatocladus chawadensis,species,Elatocladus,Podocarpaceae,Coniferales,,Gymnospermae,1,
Elatocladus heterophylla,species,Elatocladus,Podocarpaceae,Coniferales,,Gymnospermae,1,
Elatocladus longifolia,species,Elatocladus,Podocarpaceae,Coniferales,,Gymnospermae,1,
Elatocladus pseudotenerrima,species,Elatocladus,Podocarpaceae,Coniferales,,Gymnospermae,1,
Elatocladus sehoraensis,species,Elatocladus,Podocarpaceae,Coniferales,,Gymnospermae,1,
Equitatilepis elongatus,species,Equitatilepis,,,,,1,
Filicoamyelon actinostachyoides,species,Filicoamyelon,,Filicales,Polypodiopsida,Pteridophyta,1,
Filicoamyelon cryptogrammoides,species,Filicoamyelon,,Filicales,Polypodiopsida,Pteridophyta,1,
Casuarinidites convexus,species,Casuarinidites,Casuarinaceae,Fagales,,Angiospermae,1,
Ginkgoites goiraensis,species,Ginkgoites,,,,Ginkgophyta,1,
Ginkgoxylon dixitii,species,Ginkgoxylon,,Ginkgoales,Ginkgoopsida,Ginkgophyta,1,
Gleichenia dhokutense,species,Gleichenia,Gleicheniaceae,,Polypodiopsida,Pteridophyta,1,
Gleichenia sonajoriense,species,Gleichenia,Gleicheniaceae,,Polypodiopsida,Pteridophyta,1,
Gleichenioamyelon diarcha,species,Gleichenioamyelon,Gleicheniaceae,,Polypodiopsida,Pteridophyta,1,
Gleicheniorachis,genus,Gleicheniorachis,Gleicheniaceae,,Polypodiopsida,Pteridophyta,1,
Gleichotheca jabalpurensis,species,Gleichotheca,Gleicheniaceae,,Polypodiopsida,Pteridophyta,1,
Glossopteris conspicua,species,Glossopteris,,Arberiales,Arberiopsida,Peltaspermophyta,1,
Glossopteris damudica,species,Glossopteris,,Arberiales,Arberiopsida,Peltaspermophyta,1,
Glossopteris gopadensis,species,Glossopteris,,Arberiales,Arberiopsida,Peltaspermophyta,1,
Glossopteris intermedia,species,Glossopteris,,Arberiales,Arberiopsida,Peltaspermophyta,1,
Glossopteris longicaulis,species,Glossopteris,,Arberiales,Arberiopsida,Peltaspermophyta,1,
Glossopteris musaefolia,species,Glossopteris,,Arberiales,Arberiopsida,Peltaspermophyta,1,
Glossopteris retifera,species,Glossopteris,,Arberiales,Arberiopsida,Peltaspermophyta,1,
Glossopteris stricta,species,Glossopteris,,Arberiales,Arberiopsida,Peltaspermophyta,1,
Glossopteris taeniensis,species,Glossopteris,,Arberiales,Arberiopsida,Peltaspermophyta,1,
Glossopteris taeniopteroides,species,Glossopteris,,Arberiales,Arberiopsida,Peltaspermophyta,1,
Glossopteris tenuinervis,species,Glossopteris,,Arberiales,Arberiopsida,Peltaspermophyta,1,
Glottolepis glabrosa,species,Glottolepis,,,,,1,
Glottolepis ovata,species,Glottolepis,,,,,1,
Glottolepis sidhiensis,species,Glottolepis,,,,,1,
Glottolepis tuberculata,species,Glottolepis,,,,,1,
Gopadia coriacea,species,Gopadia,,,,,1,
Gopadia papillata,species,Gopadia,,,,,1,
Guptioxylon endocentrica,species,Guptioxylon,,Bennettitales,Pteropsida,Gymnospermae,1,dataset_interno_ordine_to_classe
Harrisiophyllum linearis,species,Harrisiophyllum,,Coniferales,,Gymnospermae,1,
Harrisiophyllum oblanceolatus,species,Harrisiophyllum,,Coniferales,,Gymnospermae,1,
Harrisiophyllum spatulatus,species,Harrisiophyllum,,Coniferales,,Gymnospermae,1,
Hepaticites foliata,species,Hepaticites,,,Hepaticae,Bryophyta,1,
Hepaticites metzgerioides,species,Hepaticites,,,Hepaticae,Bryophyta,1,
Hepaticites nidpurensis,species,Hepaticites,,,Hepaticae,Bryophyta,1,
Hepaticites pantii,species,Hepaticites,,,Hepaticae,Bryophyta,1,
Hepaticites riccardioides,species,Hepaticites,,,Hepaticae,Bryophyta,1,
Jambadostrobus pretiosus,species,Jambadostrobus,,Arberiales,Arberiopsida,Peltaspermophyta,1,
Kachchhia navicula,species,Kachchhia,,,,,1,
Kendostrobus,genus,Kendostrobus,,Arberiales,Arberiopsida,Peltaspermophyta,1,
Linguifolium curvatum,species,Linguifolium,,,Ginkgoopsida,Ginkgophyta,1,
Lorumformophyllum dentatum,species,Lorumformophyllum,,,,,1,
Marhwaseaphyllum hastatum,species,Marhwaseaphyllum,,Pteridospermales,Cycadopsida,Cycadophyta,1,
Neomariopteris lobifolia,species,Neomariopteris,,Filicales,Polypodiopsida,Pteridophyta,1,
Nilssoniopteris variabilis,species,Nilssoniopteris,,Bennettitales,Pteropsida,Gymnospermae,1,dataset_interno_ordine_to_classe
Osmundacaulis amarjolense,species,Osmundacaulis,Osmundaceae,,Polypodiopsida,Pteridophyta,1,
Osmundacaulis estipulare,species,Osmundacaulis,Osmundaceae,,Polypodiopsida,Pteridophyta,1,
Osmundacaulis guptai,species,Osmundacaulis,Osmundaceae,,Polypodiopsida,Pteridophyta,1,
Osmundacaulis indica,species,Osmundacaulis,Osmundaceae,,Polypodiopsida,Pteridophyta,1,
Otozamites exhislopi,species,Otozamites,,Bennettitales,Pteropsida,Gymnospermae,1,dataset_interno_ordine_to_classe
Otozamites gondwanensis,species,Otozamites,,Bennettitales,Pteropsida,Gymnospermae,1,dataset_interno_ordine_to_classe
Otozamites kachchhensis,species,Otozamites,,Bennettitales,Pteropsida,Gymnospermae,1,dataset_interno_ordine_to_classe
Otozamites walkamotaensis,species,Otozamites,,Bennettitales,Pteropsida,Gymnospermae,1,dataset_interno_ordine_to_classe
Pagiophyllum amplexicaulis,species,Pagiophyllum,Araucariaceae,,Equisetopsida,Equisetophyta,1,
Pagiophyllum bansaensis,species,Pagiophyllum,Araucariaceae,,Equisetopsida,Equisetophyta,1,
Pagiophyllum chawadensis,species,Pagiophyllum,Araucariaceae,,Equisetopsida,Equisetophyta,1,
Pagiophyllum grantii,species,Pagiophyllum,Araucariaceae,,Equisetopsida,Equisetophyta,1,
Pagiophyllum indicum,species,Pagiophyllum,Araucariaceae,,Equisetopsida,Equisetophyta,1,
Pagiophyllum morrisii,species,Pagiophyllum,Araucariaceae,,Equisetopsida,Equisetophyta,1,
Pagiophyllum rewaensis,species,Pagiophyllum,Araucariaceae,,Equisetopsida,Equisetophyta,1,
Pagiophyllum satpuraensis,species,Pagiophyllum,Araucariaceae,,Equisetopsida,Equisetophyta,1,
Pagiophyllum sherensis,species,Pagiophyllum,Araucariaceae,,Equisetopsida,Equisetophyta,1,
Pagiophyllum spinosum,species,Pagiophyllum,Araucariaceae,,Equisetopsida,Equisetophyta,1,
Pakuriospermum pachytestoides,species,Pakuriospermum,,,,Gymnospermae,1,
Ptilophyllum deodikarii,species,Ptilophyllum,,Bennettitales,Pteropsida,Gymnospermae,1,dataset_interno_ordine_to_classe
Ptilophyllum raghudevapurense,species,Ptilophyllum,,Bennettitales,Pteropsida,Gymnospermae,1,dataset_interno_ordine_to_classe
Ptilophyllum rewaensis,species,Ptilophyllum,,Bennettitales,Pteropsida,Gymnospermae,1,dataset_interno_ordine_to_classe
Purioxylon jurassica,species,Purioxylon,,Bennettitales,Pteropsida,Gymnospermae,1,dataset_interno_ordine_to_classe
Rajmahalia,genus,Rajmahalia,,Bennettitales,Pteropsida,Gymnospermae,1,dataset_interno_ordine_to_classe
Raphaelia diamensis,species,Raphaelia,,Filicales,Polypodiopsida,Pteridophyta,1,
Rotundaspermum mucronatum,species,Rotundaspermum,,,,Gymnospermae,1,
Satpuria sehoraensis,species,Satpuria,,Coniferales,,Gymnospermae,1,
Satpuria,genus,Satpuria,,Coniferales,,Gymnospermae,1,
Sidhiphyllites flabellatus,species,Sidhiphyllites,,,,Ginkgophyta,1,
Solenostelopteris jurassica,species,Solenostelopteris,,Filicales,Polypodiopsida,Pteridophyta,1,
Sonajorispermum homotestoides,species,Sonajorispermum,,,,Gymnospermae,1,
Spermatites indicus,species,Spermatites,,,,,1,
Sphenopteris anderssonii,species,Sphenopteris,,Lyginopteridales,Lyginopteridopsida,Gymnospermae,1,
Sphenopteris elaminata,species,Sphenopteris,,Lyginopteridales,Lyginopteridopsida,Gymnospermae,1,
Sphenopteris metzgerioides,species,Sphenopteris,,Lyginopteridales,Lyginopteridopsida,Gymnospermae,1,
Sphenopteris tiruchirapalliense,species,Sphenopteris,,Lyginopteridales,Lyginopteridopsida,Gymnospermae,1,
Taeniopteris glandulata,species,Taeniopteris,,Cycadales,Cycadopsida,Cycadophyta,1,
Taeniopteris haburensis,species,Taeniopteris,,Cycadales,Cycadopsida,Cycadophyta,1,
Taxaliospermum arilloides,species,Taxaliospermum,,,,Gymnospermae,1,
Thinnfeldia amarjolensis,species,Thinnfeldia,,Pteridospermales,Cycadopsida,Cycadophyta,1,
Thinnfeldia feistmanteli,species,Thinnfeldia,,Pteridospermales,Cycadopsida,Cycadophyta,1,
Thinnfeldia nirmali,species,Thinnfeldia,,Pteridospermales,Cycadopsida,Cycadophyta,1,
Torreyites sitholeyi,species,Torreyites,,Coniferales,,Gymnospermae,1,
Trambaua apiculata,species,Trambaua,,,,,1,
Trambauathallites sukhpurensis,species,Trambauathallites,,,Hepaticae,Bryophyta,1,
Triangulospermum minimum,species,Triangulospermum,,,,Gymnospermae,1,
Vertebraria,genus,Vertebraria,,Arberiales,Arberiopsida,Peltaspermophyta,1,
Weltrichia harrisiana,species,Weltrichia,,Bennettitales,Pteropsida,Gymnospermae,1,dataset_interno_ordine_to_classe
Weltrichia santalensis,species,Weltrichia,,Bennettitales,Pteropsida,Gymnospermae,1,dataset_interno_ordine_to_classe
Williamsonia sukhpurensis,species,Williamsonia,,Bennettitales,Pteropsida,Gymnospermae,1,dataset_interno_ordine_to_classe
Williamsonia trambauensis,species,Williamsonia,,Bennettitales,Pteropsida,Gymnospermae,1,dataset_interno_ordine_to_classe
Yabeiella hirsuta,species,Yabeiella,,Cycadeoideales,Cycadeoideopsida,Cycadeoideophyta,1,
Classopollis patagonicus,species,Classopollis,Cheirolepidiaceae,,Equisetopsida,Equisetophyta,1,
Nuphar,genus,Nuphar,Nymphaeaceae,Nymphaeales,,Angiospermae,1,
Periporopollenites delicatus,species,Periporopollenites,,,Magnoliopsida,Spermatophyta,1,
Krutzschipollis argentinum,species,Krutzschipollis,,,,Angiospermae,1,
Proteacidites baibianae,species,Proteacidites,Proteaceae,Proteales,,Angiospermae,1,
Nelumbopollenites patagonicus,species,Nelumbopollenites,Nelumbonaceae,Proteales,,Angiospermae,1,
Sparganiaceaepollenites annulatus,species,Sparganiaceaepollenites,Typhaceae,Poales,,Angiospermae,1,
Liliacidites lacunosus,species,Liliacidites,Liliaceae,,,Angiospermae,1,
Liliacidites buitrensis,species,Liliacidites,Liliaceae,,,Angiospermae,1,
Gemmamonocolpites chubutensis,species,Gemmamonocolpites,,,Magnoliopsida,Spermatophyta,1,
Arecipites botrus,species,Arecipites,Arecaceae,,,Angiospermae,1,
Podocarpidites rectangularis,species,Podocarpidites,Podocarpaceae,Coniferales,,Gymnospermae,1,
Rousea robusta,species,Rousea,,,Magnoliopsida,Spermatophyta,1,
Retitricolporites irupensis,species,Retitricolporites,,,Magnoliopsida,Spermatophyta,1,
Retitricolporites ganganensis,species,Retitricolporites,,,Magnoliopsida,Spermatophyta,1,
Parviprojectus archangelskyi,species,Parviprojectus,,,,Angiospermae,1,
Ailanthipites hexagonalis,species,Ailanthipites,,,Magnoliopsida,Spermatophyta,1,
Ailanthipites feruglioi,species,Ailanthipites,,,Magnoliopsida,Spermatophyta,1,
Proteacidites mirasolensis,species,Proteacidites,Proteaceae,Proteales,,Angiospermae,1,
Spinizonocolpites coloniensis,species,Spinizonocolpites,Arecaceae,,,Angiospermae,1,
Nyssapollenites scabratus,species,Nyssapollenites,,,,Magnoliophyta,1,
Ailanthipites diminutus,species,Ailanthipites,,,Magnoliopsida,Spermatophyta,1,
Dilwynites granulatus,species,Dilwynites,Araucariaceae,,Equisetopsida,Equisetophyta,1,
Dilwynites tuberculatus,species,Dilwynites,Araucariaceae,,Equisetopsida,Equisetophyta,1,
Microcachryidites cesariae,species,Microcachryidites,Podocarpaceae,Coniferales,,Gymnospermae,1,
Pandaniidites radicus,species,Pandaniidites,Araceae,,,Angiospermae,1,
Confertisulcites,genus,Confertisulcites,,,,,1,
Longapertites andreisii,species,Longapertites,Arecaceae,,,Angiospermae,1,
Spinizonocolpites variabilis,species,Spinizonocolpites,Arecaceae,,,Angiospermae,1,
Cricotriporites minutiporus,species,Cricotriporites,Apocynaceae,Gentianales,,Angiospermae,1,
Bombacacidites brevis,species,Bombacacidites,Bombacaceae,Malvales,,Angiospermae,1,
Proteacidites scaboratus,species,Proteacidites,Proteaceae,Proteales,,Angiospermae,1,
Psilatricolpites psilascabratus,species,Psilatricolpites,,,,Magnoliophyta,1,
Rousea minuscula,species,Rousea,,,Magnoliopsida,Spermatophyta,1,
Volkheimerites labyrinthus,species,Volkheimerites,,,,Magnoliophyta,1,
Spinizonocolpites riochiquensis,species,Spinizonocolpites,Arecaceae,,,Angiospermae,1,
Inaperturotetradites scabratus,species,Inaperturotetradites,Juncaceae,Poales,,Angiospermae,1,
Ailanthipites,genus,Ailanthipites,,,Magnoliopsida,Spermatophyta,1,
Striatopollis exiguus,species,Striatopollis,,,Magnoliopsida,Spermatophyta,1,
Holkopollenites,genus,Holkopollenites,,,,Magnoliophyta,1,
Semioculopollis,genus,Semioculopollis,,,,Angiospermae,1,
Apiculatasporites plicatus,species,Apiculatasporites,,,Pteridopsida,Pteridophyta,1,
Uvaesporites gadensis,species,Uvaesporites,,,Lycopsida,Pteridophyta,1,
Tsugaepollenites oriens,species,Callialasporites,Podocarpaceae,Coniferales,,Gymnospermae,1,
Microcachryidites fastidioides,species,Microcachryidites,Podocarpaceae,Coniferales,,Gymnospermae,1,
Cyclogranisporites arenosus,species,Cyclogranisporites,,,,,1,
Verrucosisporites applanatus,species,Verrucosisporites,,,Polypodiopsida,Pteridophyta,1,
Verrucosisporites jenensis,species,Verrucosisporites,,,Polypodiopsida,Pteridophyta,1,
Verrucosisporites krempii,species,Verrucosisporites,,,Polypodiopsida,Pteridophyta,1,
Verrucosisporites remyanus,species,Verrucosisporites,,,Polypodiopsida,Pteridophyta,1,
Dacrycarpites europaeus,species,Dacrycarpites,Podocarpaceae,Coniferales,,Gymnospermae,1,
Stellapollenites thiergartii,species,Stellapollenites,,,,,1,
Sulcatisporites reticulatus,species,Sulcatisporites,,,,,1,
Araucaria lefipanensis,species,Araucaria,Araucariaceae,,Equisetopsida,Equisetophyta,1,
Patagotaxodia lefipanensis,species,Patagotaxodia,Cupressaceae,Coniferales,,Gymnospermae,1,
Bacumorphomonocolpites,genus,Bacumorphomonocolpites,,,,Magnoliophyta,1,
Brachyoxylon patagonicum,species,Brachyoxylon,Brachyphyllaceae,Coniferales,,Gymnospermae,1,
Hedycaryoxylon burmeisteri,species,Hedycaryoxylon,Monimiaceae,Laurales,,Angiospermae,1,
Planoxylon,genus,Planoxylon,,Coniferales,,Gymnospermae,1,
Nothofagoxylon corrugatus,species,Nothofagoxylon,Nothofagaceae,Fagales,,Angiospermae,1,
Sparganiaceaepollenites uniformis,species,Sparganiaceaepollenites,Typhaceae,Poales,,Angiospermae,1,
Uesuguipollenites,genus,Uesuguipollenites,,,,Gymnospermae,1,
Sparganiaceaepollenites hospahensis,species,Sparganiaceaepollenites,Typhaceae,Poales,,Angiospermae,1,
Echimonocolpites acus,species,Echimonocolpites,,,Magnoliopsida,Spermatophyta,1,
Phimopollenites tectatus,species,Phimopollenites,,,,Magnoliophyta,1,
Tricolporopollenites viriosus,species,Tricolporopollenites,Euphorbiaceae,Malpighiales,,Angiospermae,1,
Santalacites minor,species,Santalacites,,,,Angiospermae,1,
Pseudoplicapollis longiannulata,species,Pseudoplicapollis,,,,Angiospermae,1,
Beaupreaidites orbiculatus,species,Beaupreaidites,Proteaceae,Proteales,,Angiospermae,1,
Marsileaceaephyllum,genus,Marsileaceaephyllum,Marsileaceae,,Polypodiopsida,Pteridophyta,1,
Plicapollis incisa,species,Plicapollis,,,,Angiospermae,1,
Pseudoplicapollis cuneata,species,Pseudoplicapollis,,,,Angiospermae,1,
Semioculopollis verrucosa,species,Semioculopollis,,,,Angiospermae,1,
Complexiopollis exigua,species,Complexiopollis,,,,Angiospermae,1,
Retitrescolpites,genus,Retitrescolpites,,,,Magnoliophyta,1,
Pandaniidites typicus,species,Pandaniidites,Araceae,,,Angiospermae,1,
Discoidites,genus,Discoidites,Malvaceae,Malvales,,Angiospermae,1,
Retibrevitricolporites,genus,Retibrevitricolporites,,,,Magnoliophyta,1,
Ginkgoites villardeseoanii,species,Ginkgoites,,,,Ginkgophyta,1,
Lewalanipollis,genus,Lewalanipollis,Proteaceae,Proteales,,Angiospermae,1,
Podocarpoxylon mazzonii,species,Podocarpoxylon,Podocarpaceae,Coniferales,,Gymnospermae,1,
Cupressinoxylon austrocedroides,species,Cupressinoxylon,,Coniferales,,Gymnospermae,1,
Palmoxylon enochii,species,Palmoxylon,Arecaceae,,,Angiospermae,1,
Araucaria fibrosa,species,Araucaria,Araucariaceae,,Equisetopsida,Equisetophyta,1,
Agathoxylon antarcticum,species,Agathoxylon,Araucariaceae,,Equisetopsida,Equisetophyta,1,
Weinmannioxylon trichospermoides,species,Weinmannioxylon,Cunoniaceae,Oxalidales,,Angiospermae,1,
Burseroxylon panzai,species,Burseroxylon,Burseraceae,Sapindales,,Angiospermae,1,
Paraphyllanthoxylon antarcticum,species,Paraphyllanthoxylon,,,Equisetopsida,Equisetophyta,1,
Cretaceoxylon heteropunctatum,species,Cretaceoxylon,,,,Angiospermae,1,
Hedycaryoxylon tambourissoides,species,Hedycaryoxylon,Monimiaceae,Laurales,,Angiospermae,1,
Qingganninginfructus,genus,Qingganninginfructus,,,,Angiospermae,1,
Ischyosporites granulosus,species,Ischyosporites,,,Pteridopsida,Pteridophyta,1,
Paraalnipollenites,genus,Paraalnipollenites,,,,Angiospermae,1,
Tripunctisporis maastrichtiensis,species,Tripunctisporis,Sphagnaceae,,,Bryophyta,1,
Forcipites,genus,Forcipites,,,Magnoliopsida,Spermatophyta,1,
Retitriletes reticulumsporites,species,Retitriletes,,Lycopodiales,Lycopodiopsida,Lycopodiophyta,1,
Clavatricolpites,genus,Clavatricolpites,,,Magnoliopsida,Spermatophyta,1,
Periporopollenites demarcatus,species,Periporopollenites,,,Magnoliopsida,Spermatophyta,1,
Ilexpollenites salamanquensis,species,Ilexpollenites,Aquifoliaceae,Aquifoliales,,Angiospermae,1,
Liliacidites crassilabratus,species,Liliacidites,Liliaceae,,,Angiospermae,1,
Nothofagidites kaitangataensis,species,Nothofagidites,,Fagales,,Angiospermae,1,
Nothofagidites nana,species,Nothofagidites,,Fagales,,Angiospermae,1,
Gleicheniidites cercinidites,species,Gleicheniidites,Gleicheniaceae,,Polypodiopsida,Pteridophyta,1,
Aextoxicoxylon kawasianus,species,Aextoxicoxylon,,,Magnoliopsida,Spermatophyta,1,
Haloragacidites,genus,Haloragacidites,,,Magnoliopsida,Spermatophyta,1,
Dicotetradites,genus,Dicotetradites,,,Magnoliopsida,Spermatophyta,1,
Acylomurus silviae,species,Acylomurus,,,,Embryophyta,1,
Gabonisporis cristata,species,Gabonisporis,Marsileaceae,,Polypodiopsida,Pteridophyta,1,
Lusatisporis choiols,species,Lusatisporis,,,,Embryophyta,1,
Ovoidites spriggii,species,Ovoidites,Zygnemataceae,,Algae,,1,
Myrtaceidites mesonesus,species,Myrtaceidites,,Myrtales,Dicotyledoneae,Angiospermae,1,
Podocarpidites torquatus,species,Podocarpidites,Podocarpaceae,Coniferales,,Gymnospermae,1,
Beauprea elegansiformis,species,Beauprea,,Proteales,,Angiospermae,1,
Longapertites proxapertitoides,species,Longapertites,Arecaceae,,,Angiospermae,1,
Phrixipollenites infrulus,species,Phrixipollenites,Podocarpaceae,Coniferales,,Gymnospermae,1,
Stigmozygodites,genus,Stigmozygodites,Zygnemataceae,,Algae,,1,
Pseudopediastrum boryanum,species,Pseudopediastrum,Hydrodictyaceae,,Chlorophyceae,Chlorophyta,1,
Pseudopediastrum longicorne,species,Pseudopediastrum,Hydrodictyaceae,,Chlorophyceae,Chlorophyta,1,
Spintetrapidites,genus,Spintetrapidites,Closteriaceae,,,Charophyta,1,
Diagonalites,genus,Diagonalites,Zygnemataceae,,Algae,,1,
Lecaniella margostriata,species,Lecaniella,Zygnemataceae,,Algae,,1,
Palmoxylon pichaihuensis,species,Palmoxylon,Arecaceae,,,Angiospermae,1,
Palmoxylon santarosense,species,Palmoxylon,Arecaceae,,,Angiospermae,1,
Palmoxylon rionegrense,species,Palmoxylon,Arecaceae,,,Angiospermae,1,
Palmoxylon valchetense,species,Palmoxylon,Arecaceae,,,Angiospermae,1,
Podocarpoxylon garciae,species,Podocarpoxylon,Podocarpaceae,Coniferales,,Gymnospermae,1,
Palmoxylon garridoi,species,Palmoxylon,Arecaceae,,,Angiospermae,1,
Grapnelispora,genus,Grapnelispora,,,Pteridopsida,Pteridophyta,1,
Brachyoxylon currumilii,species,Brachyoxylon,Brachyphyllaceae,Coniferales,,Gymnospermae,1,
Cupressinoxylon artabeae,species,Cupressinoxylon,,Coniferales,,Gymnospermae,1,
Spirogyra,genus,Spirogyra,Zygnemataceae,,Algae,,1,
Thecaspora polygonalis,species,Thecaspora,,Salviniales,Polypodiopsida,Pteridophyta,1,
Clavatosporis varians,species,Clavatosporis,,Polypodiales,Polypodiopsida,Pteridophyta,1,
Microreticulatisporites patagonicus,species,Microreticulatisporites,,,,Pteridophyta,1,
Camarozonosporites amplus,species,Camarozonosporites,,Selaginellales,Lycopodiopsida,Lycopodiophyta,1,
Lusatisporis perinatus,species,Lusatisporis,,,,Embryophyta,1,
Kraeuselisporites alexii,species,Kraeuselisporites,,,Lycopsida,Pteridophyta,1,
Weinmannioxylon,genus,Weinmannioxylon,Cunoniaceae,Oxalidales,,Angiospermae,1,
Equisetosporites notensis,species,Equisetosporites,,Ephedrales,Ginkgoopsida,Ginkgophyta,1,
Biretisporites eneabbaensis,species,Biretisporites,,,Polypodiopsida,Pteridophyta,1,
Pilasporites marcidus,species,Pilasporites,,,,Gymnospermae,1,
Piceites,genus,Piceites,,Coniferales,,Gymnospermae,1,
Cratonia cotyledon,species,Cratonia,,Gnetales,Gnetopsida,Gnetophyta,1,
Siphonospermum simplex,species,Siphonospermum,,Gnetales,Gnetopsida,Gnetophyta,1,
Cyclosporites hughesii,species,Cyclosporites,,Lycopodiales,Lycopodiopsida,Lycopodiophyta,1,
Osmundacidites mollis,species,Osmundacidites,,,Pteridopsida,Pteridophyta,1,
Retitriletes facetus,species,Retitriletes,,Lycopodiales,Lycopodiopsida,Lycopodiophyta,1,
Patagoflora minima,species,Patagoflora,,,,Angiospermae,1,
Interulobites distogranulatus,species,Interulobites,,,,Bryophyta,1,
Rubinella major,species,Rubinella,,,,Pteridophyta,1,
Ilexpollenites anguloclavatus,species,Ilexpollenites,Aquifoliaceae,Aquifoliales,,Angiospermae,1,
Collarisporites minor,species,Collarisporites,Marsileaceae,,Polypodiopsida,Pteridophyta,1,
Margocolporites taylorii,species,Margocolporites,Fabaceae,Fabales,,Angiospermae,1,
Tricolpites inconspicuous,species,Tricolpites,,Gunnerales,,Angiospermae,1,
Tricolporites santacrucensis,species,Tricolporites,,,Magnoliopsida,Spermatophyta,1,
Bauhinia marylandica,species,Bauhinia,Fabaceae,Fabales,,Angiospermae,1,
Cassia vaughani,species,Cassia,Fabaceae,Fabales,,Angiospermae,1,
Cissites formosus,species,Cissites,Vitaceae,Vitales,,Angiospermae,1,
Cocculus problematicus,species,Cocculus,Menispermaceae,Ranunculales,,Angiospermae,1,
Cordia apiculata,species,Cordia,Boraginaceae,Boraginales,,Angiospermae,1,
Cornophyllum vetustum,species,Cornophyllum,Cornaceae,Cornales,,Angiospermae,1,
Ficus woolsoni,species,Ficus,Moraceae,,,Angiospermae,1,
Ilex masoni,species,Ilex,Aquifoliaceae,Aquifoliales,,Angiospermae,1,
Leguminosites ingaefolia,species,Leguminosites,Fabaceae,Fabales,,Angiospermae,1,
Liriodendropsis simplex,species,Liriodendropsis,Magnoliaceae,Magnoliales,,Angiospermae,1,
Magnolia speciosa,species,Magnolia,Magnoliaceae,Magnoliales,,Angiospermae,1,
Myrica dakotensis,species,Myrica,Myricaceae,Fagales,,Angiospermae,1,
Persoonia lesquereuxii,species,Persoonia,Proteaceae,Proteales,,Angiospermae,1,
Phyllites pistiaeformis,species,Phyllites,Proteaceae,Proteales,,Angiospermae,1,
Populites tuscaloosensis,species,Populites,Salicaceae,Malpighiales,,Angiospermae,1,
Pterospermites carolinensis,species,Pterospermites,Sterculiaceae,Malvales,,Angiospermae,1,
Sapindus variabilis,species,Sapindus,Sapindaceae,Sapindales,,Angiospermae,1,
Tricalycites papyraceus,species,Tricalycites,,,,,1,
Zizyphus lamarensis,species,Zizyphus,Rhamnaceae,Rosales,,Angiospermae,1,
Acerates amboyensis,species,Acerates,Apocynaceae,Gentianales,,Angiospermae,1,
Bauhinia cretacea,species,Bauhinia,Fabaceae,Fabales,,Angiospermae,1,
Carpolithus floribundus,species,Carpolithus,,,,Angiospermae,1,
Celastrophyllum brittonianum,species,Celastrophyllum,,,Magnoliopsida,Spermatophyta,1,
Celastrophyllum grandifolium,species,Celastrophyllum,,,Magnoliopsida,Spermatophyta,1,
Celastrophyllum gymindaefolium,species,Celastrophyllum,,,Magnoliopsida,Spermatophyta,1,
Celastrophyllum newberryanum,species,Celastrophyllum,,,Magnoliopsida,Spermatophyta,1,
Celastrophyllum praecrassipes,species,Celastrophyllum,,,Magnoliopsida,Spermatophyta,1,
Celastrophyllum shirleyensis,species,Celastrophyllum,,,Magnoliopsida,Spermatophyta,1,
Colutea obovata,species,Colutea,Fabaceae,Fabales,,Angiospermae,1,
Dammara borealis,species,Dammara,Araucariaceae,,Equisetopsida,Equisetophyta,1,
Eorhamnidium cretaceum,species,Eorhamnidium,Rhamnaceae,Rosales,,Angiospermae,1,
Ficus alabamensis,species,Ficus,Moraceae,,,Angiospermae,1,
Ficus shirleyensis,species,Ficus,Moraceae,,,Angiospermae,1,
Grewiopsis formosa,species,Grewiopsis,Tiliaceae,Malvales,,Angiospermae,1,
Grewiopsis tuscaloosensis,species,Grewiopsis,Tiliaceae,Malvales,,Angiospermae,1,
Inga cretacea,species,Inga,Fabaceae,Fabales,,Angiospermae,1,
Jungermannites cretaceus,species,Jungermannites,,,,Marchantiophyta,1,
Leguminosites shirleyensis,species,Leguminosites,Fabaceae,Fabales,,Angiospermae,1,
Leguminosites tuscaloosensis,species,Leguminosites,Fabaceae,Fabales,,Angiospermae,1,
Liriodendropsis angustifolia,species,Liriodendropsis,Magnoliaceae,Magnoliales,,Angiospermae,1,
Liriodendropsis constricta,species,Liriodendropsis,Magnoliaceae,Magnoliales,,Angiospermae,1,
Magnolia longipes,species,Magnolia,Magnoliaceae,Magnoliales,,Angiospermae,1,
Malapoenna falcifolia,species,Malapoenna,Lauraceae,Laurales,,Angiospermae,1,
Myrica emarginata,species,Myrica,Myricaceae,Fagales,,Angiospermae,1,
Nyssa snowiana,species,Nyssa,Nyssaceae,Cornales,,Angiospermae,1,
Oreodaphne shirleyensis,species,Oreodaphne,Lauraceae,Laurales,,Angiospermae,1,
Palaeocassia laurinea,species,Palaeocassia,,Rosales,,Angiospermae,1,
Panax cretacea,species,Panax,Araliaceae,Apiales,,Angiospermae,1,
Phaseolites formus,species,Phaseolites,Papilionaceae,Rosales,,Angiospermae,1,
Phyllites shirleyensis,species,Phyllites,Proteaceae,Proteales,,Angiospermae,1,
Piperites tuscaloosensis,species,Piperites,Piperaceae,Piperales,,Angiospermae,1,
Platanus asperaeformis,species,Platanus,Platanaceae,Proteales,,Angiospermae,1,
Platanus shirleyensis,species,Platanus,Platanaceae,Proteales,,Angiospermae,1,
Proteoides,genus,Proteoides,Proteaceae,Proteales,,Angiospermae,1,
Protodammara speciosa,species,Protodammara,Araucariaceae,,Equisetopsida,Equisetophyta,1,
Rhamnus tenax,species,Rhamnus,Rhamnaceae,Rosales,,Angiospermae,1,
Salix meekii,species,Salix,Salicaceae,Malpighiales,,Angiospermae,1,
Sequoia heterophylla,species,Sequoia,Cupressaceae,Coniferales,,Gymnospermae,1,
