genere,genere_key,phylum,classe,ordine,famiglia,fonte_lookup
aardonyx,aardonyx,Chordata,Reptilia,Saurischia,,data.csv_taxonomy
abelisaurus,abelisaurus,Chordata,Reptilia,Saurischia,Abelisauridae,data.csv_taxonomy
achelousaurus,achelousaurus,Chordata,Reptilia,Ornithischia,Ceratopsidae,data.csv_taxonomy
achillobator,achillobator,Chordata,Reptilia,Saurischia,Dromaeosauridae,data.csv_taxonomy
acrocanthosaurus,acrocanthosaurus,Chordata,Reptilia,Saurischia,Carcharodontosauridae,data.csv_taxonomy
aegyptosaurus,aegyptosaurus,Chordata,Reptilia,Saurischia,,data.csv_taxonomy
afrovenator,afrovenator,Chordata,Reptilia,Saurischia,Megalosauridae,data.csv_taxonomy
agilisaurus,agilisaurus,Chordata,Reptilia,Ornithischia,,data.csv_taxonomy
alamosaurus,alamosaurus,Chordata,Reptilia,Saurischia,,data.csv_taxonomy
albertaceratops,albertaceratops,Chordata,Reptilia,Ornithischia,,data.csv_taxonomy
albertosaurus,albertosaurus,Chordata,Reptilia,Saurischia,Tyrannosauridae,data.csv_taxonomy
alectrosaurus,alectrosaurus,Chordata,Reptilia,Saurischia,,data.csv_taxonomy
alioramus,alioramus,Chordata,Reptilia,Saurischia,,data.csv_taxonomy
allosaurus,allosaurus,Chordata,Reptilia,Saurischia,Allosauridae,data.csv_taxonomy
alvarezsaurus,alvarezsaurus,Chordata,Reptilia,Saurischia,Alvarezsauridae,data.csv_taxonomy
amargasaurus,amargasaurus,Chordata,Reptilia,Saurischia,Dicraeosauridae,data.csv_taxonomy
ammosaurus,ammosaurus,Chordata,Reptilia,Saurischia,Anchisauridae,data.csv_taxonomy
ampelosaurus,ampelosaurus,Chordata,Reptilia,Saurischia,,data.csv_taxonomy
amygdalodon,amygdalodon,Chordata,Reptilia,Saurischia,,data.csv_taxonomy
anchiceratops,anchiceratops,Chordata,Reptilia,Ornithischia,Ceratopsidae,data.csv_taxonomy
anchisaurus,anchisaurus,Chordata,Reptilia,Saurischia,Anchisauridae,data.csv_taxonomy
ankylosaurus,ankylosaurus,Chordata,Reptilia,Ornithischia,Ankylosauridae,data.csv_taxonomy
anserimimus,anserimimus,Chordata,Reptilia,Saurischia,Ornithomimidae,data.csv_taxonomy
antarctosaurus,antarctosaurus,Chordata,Reptilia,Saurischia,,data.csv_taxonomy
apatosaurus,apatosaurus,Chordata,Reptilia,Saurischia,Diplodocidae,data.csv_taxonomy
aragosaurus,aragosaurus,Chordata,Reptilia,Saurischia,,data.csv_taxonomy
aralosaurus,aralosaurus,Chordata,Reptilia,Ornithischia,Hadrosauridae,data.csv_taxonomy
archaeoceratops,archaeoceratops,Chordata,Reptilia,Ornithischia,,data.csv_taxonomy
archaeopteryx,archaeopteryx,Chordata,Reptilia,Saurischia,Archaeopterygidae,data.csv_taxonomy
archaeornithomimus,archaeornithomimus,Chordata,Reptilia,Saurischia,Ornithomimidae,data.csv_taxonomy
argentinosaurus,argentinosaurus,Chordata,Reptilia,Saurischia,,data.csv_taxonomy
arrhinoceratops,arrhinoceratops,Chordata,Reptilia,Ornithischia,Ceratopsidae,data.csv_taxonomy
atlascopcosaurus,atlascopcosaurus,Chordata,Reptilia,Ornithischia,,data.csv_taxonomy
aucasaurus,aucasaurus,Chordata,Reptilia,Saurischia,,data.csv_taxonomy
austrosaurus,austrosaurus,Chordata,Reptilia,Saurischia,,data.csv_taxonomy
avaceratops,avaceratops,Chordata,Reptilia,Ornithischia,Ceratopsidae,data.csv_taxonomy
avimimus,avimimus,Chordata,Reptilia,Saurischia,Avimimidae,data.csv_taxonomy
bactrosaurus,bactrosaurus,Chordata,Reptilia,Ornithischia,Hadrosauridae,data.csv_taxonomy
bagaceratops,bagaceratops,Chordata,Reptilia,Ornithischia,Bagaceratopsidae,data.csv_taxonomy
bambiraptor,bambiraptor,Chordata,Reptilia,Saurischia,Dromaeosauridae,data.csv_taxonomy
barapasaurus,barapasaurus,Chordata,Reptilia,Saurischia,Cetiosauridae,data.csv_taxonomy
barosaurus,barosaurus,Chordata,Reptilia,Saurischia,Diplodocidae,data.csv_taxonomy
baryonyx,baryonyx,Chordata,Reptilia,Saurischia,Spinosauridae,data.csv_taxonomy
becklespinax,becklespinax,Chordata,Reptilia,Saurischia,,data.csv_taxonomy
beipiaosaurus,beipiaosaurus,Chordata,Reptilia,Saurischia,,data.csv_taxonomy
bellusaurus,bellusaurus,Chordata,Reptilia,Saurischia,,data.csv_taxonomy
borogovia,borogovia,Chordata,Reptilia,Saurischia,Troodontidae,data.csv_taxonomy
brachiosaurus,brachiosaurus,Chordata,Reptilia,Saurischia,Brachiosauridae,data.csv_taxonomy
brachylophosaurus,brachylophosaurus,Chordata,Reptilia,Ornithischia,Hadrosauridae,data.csv_taxonomy
brachytrachelopan,brachytrachelopan,Chordata,Reptilia,Saurischia,Dicraeosauridae,data.csv_taxonomy
buitreraptor,buitreraptor,Chordata,Reptilia,Saurischia,Dromaeosauridae,data.csv_taxonomy
camarasaurus,camarasaurus,Chordata,Reptilia,Saurischia,Camarasauridae,data.csv_taxonomy
camptosaurus,camptosaurus,Chordata,Reptilia,Ornithischia,,data.csv_taxonomy
carcharodontosaurus,carcharodontosaurus,Chordata,Reptilia,Saurischia,Carcharodontosauridae,data.csv_taxonomy
carnotaurus,carnotaurus,Chordata,Reptilia,Saurischia,Abelisauridae,data.csv_taxonomy
caudipteryx,caudipteryx,Chordata,Reptilia,Saurischia,Caudipterygidae,data.csv_taxonomy
cedarpelta,cedarpelta,Chordata,Reptilia,Ornithischia,Ankylosauridae,data.csv_taxonomy
centrosaurus,centrosaurus,Chordata,Reptilia,Ornithischia,Ceratopsidae,data.csv_taxonomy
ceratosaurus,ceratosaurus,Chordata,Reptilia,Saurischia,,data.csv_taxonomy
cetiosauriscus,cetiosauriscus,Chordata,Reptilia,Saurischia,,data.csv_taxonomy
cetiosaurus,cetiosaurus,Chordata,Reptilia,Saurischia,Cetiosauridae,data.csv_taxonomy
chaoyangsaurus,chaoyangsaurus,Chordata,Reptilia,Ornithischia,,data.csv_taxonomy
chasmosaurus,chasmosaurus,Chordata,Reptilia,Ornithischia,Ceratopsidae,data.csv_taxonomy
chindesaurus,chindesaurus,Chordata,Reptilia,Saurischia,Herrerasauridae,data.csv_taxonomy
chinshakiangosaurus,chinshakiangosaurus,Chordata,Reptilia,Saurischia,,data.csv_taxonomy
chirostenotes,chirostenotes,Chordata,Reptilia,Saurischia,Caenagnathidae,data.csv_taxonomy
chubutisaurus,chubutisaurus,Chordata,Reptilia,Saurischia,,data.csv_taxonomy
chungkingosaurus,chungkingosaurus,Chordata,Reptilia,Ornithischia,Stegosauridae,data.csv_taxonomy
citipati,citipati,Chordata,Reptilia,Saurischia,Oviraptoridae,data.csv_taxonomy
coelophysis,coelophysis,Chordata,Reptilia,Saurischia,Coelophysidae,data.csv_taxonomy
coelurus,coelurus,Chordata,Reptilia,Saurischia,,data.csv_taxonomy
coloradisaurus,coloradisaurus,Chordata,Reptilia,Saurischia,Plateosauridae,data.csv_taxonomy
compsognathus,compsognathus,Chordata,Reptilia,Saurischia,Compsognathidae,data.csv_taxonomy
conchoraptor,conchoraptor,Chordata,Reptilia,Saurischia,Oviraptoridae,data.csv_taxonomy
confuciusornis,confuciusornis,Chordata,Reptilia,Saurischia,Confuciusornithidae,data.csv_taxonomy
corythosaurus,corythosaurus,Chordata,Reptilia,Ornithischia,Hadrosauridae,data.csv_taxonomy
cryolophosaurus,cryolophosaurus,Chordata,Reptilia,Saurischia,,data.csv_taxonomy
dacentrurus,dacentrurus,Chordata,Reptilia,Ornithischia,Stegosauridae,data.csv_taxonomy
daspletosaurus,daspletosaurus,Chordata,Reptilia,Saurischia,Tyrannosauridae,data.csv_taxonomy
datousaurus,datousaurus,Chordata,Reptilia,Saurischia,,data.csv_taxonomy
deinocheirus,deinocheirus,Chordata,Reptilia,Saurischia,,data.csv_taxonomy
deinonychus,deinonychus,Chordata,Reptilia,Saurischia,Dromaeosauridae,data.csv_taxonomy
deltadromeus,deltadromeus,Chordata,Reptilia,Saurischia,,data.csv_taxonomy
dicraeosaurus,dicraeosaurus,Chordata,Reptilia,Saurischia,Dicraeosauridae,data.csv_taxonomy
dilophosaurus,dilophosaurus,Chordata,Reptilia,Saurischia,Dilophosauridae,data.csv_taxonomy
diplodocus,diplodocus,Chordata,Reptilia,Saurischia,Diplodocidae,data.csv_taxonomy
dromaeosaurus,dromaeosaurus,Chordata,Reptilia,Saurischia,Dromaeosauridae,data.csv_taxonomy
dromiceiomimus,dromiceiomimus,Chordata,Reptilia,Saurischia,Ornithomimidae,data.csv_taxonomy
dryosaurus,dryosaurus,Chordata,Reptilia,Ornithischia,Dryosauridae,data.csv_taxonomy
dryptosaurus,dryptosaurus,Chordata,Reptilia,Saurischia,,data.csv_taxonomy
dubreuillosaurus,dubreuillosaurus,Chordata,Reptilia,Saurischia,Megalosauridae,data.csv_taxonomy
edmontonia,edmontonia,Chordata,Reptilia,Ornithischia,Nodosauridae,data.csv_taxonomy
edmontosaurus,edmontosaurus,Chordata,Reptilia,Ornithischia,Hadrosauridae,data.csv_taxonomy
einiosaurus,einiosaurus,Chordata,Reptilia,Ornithischia,Ceratopsidae,data.csv_taxonomy
elaphrosaurus,elaphrosaurus,Chordata,Reptilia,Saurischia,,data.csv_taxonomy
emausaurus,emausaurus,Chordata,Reptilia,Ornithischia,,data.csv_taxonomy
eolambia,eolambia,Chordata,Reptilia,Ornithischia,,data.csv_taxonomy
eoraptor,eoraptor,Chordata,Reptilia,Saurischia,,data.csv_taxonomy
eotyrannus,eotyrannus,Chordata,Reptilia,Saurischia,,data.csv_taxonomy
equijubus,equijubus,Chordata,Reptilia,Ornithischia,,data.csv_taxonomy
erketu,erketu,Chordata,Reptilia,Saurischia,,data.csv_taxonomy
erlikosaurus,erlikosaurus,Chordata,Reptilia,Saurischia,Therizinosauridae,data.csv_taxonomy
euhelopus,euhelopus,Chordata,Reptilia,Saurischia,,data.csv_taxonomy
euoplocephalus,euoplocephalus,Chordata,Reptilia,Ornithischia,Ankylosauridae,data.csv_taxonomy
europasaurus,europasaurus,Chordata,Reptilia,Saurischia,,data.csv_taxonomy
eustreptospondylus,eustreptospondylus,Chordata,Reptilia,Saurischia,Megalosauridae,data.csv_taxonomy
fukuiraptor,fukuiraptor,Chordata,Reptilia,Saurischia,,data.csv_taxonomy
fukuisaurus,fukuisaurus,Chordata,Reptilia,Ornithischia,,data.csv_taxonomy
gallimimus,gallimimus,Chordata,Reptilia,Saurischia,Ornithomimidae,data.csv_taxonomy
gargoyleosaurus,gargoyleosaurus,Chordata,Reptilia,Ornithischia,,data.csv_taxonomy
garudimimus,garudimimus,Chordata,Reptilia,Saurischia,,data.csv_taxonomy
gasosaurus,gasosaurus,Chordata,Reptilia,Saurischia,,data.csv_taxonomy
gasparinisaura,gasparinisaura,Chordata,Reptilia,Ornithischia,,data.csv_taxonomy
gastonia,gastonia,Chordata,Reptilia,Ornithischia,,data.csv_taxonomy
giganotosaurus,giganotosaurus,Chordata,Reptilia,Saurischia,Carcharodontosauridae,data.csv_taxonomy
gilmoreosaurus,gilmoreosaurus,Chordata,Reptilia,Ornithischia,Hadrosauridae,data.csv_taxonomy
giraffatitan,giraffatitan,Chordata,Reptilia,Saurischia,Brachiosauridae,data.csv_taxonomy
gobisaurus,gobisaurus,Chordata,Reptilia,Ornithischia,Ankylosauridae,data.csv_taxonomy
gorgosaurus,gorgosaurus,Chordata,Reptilia,Saurischia,Tyrannosauridae,data.csv_taxonomy
goyocephale,goyocephale,Chordata,Reptilia,Ornithischia,,data.csv_taxonomy
graciliceratops,graciliceratops,Chordata,Reptilia,Ornithischia,,data.csv_taxonomy
gryposaurus,gryposaurus,Chordata,Reptilia,Ornithischia,Hadrosauridae,data.csv_taxonomy
guaibasaurus,guaibasaurus,Chordata,Reptilia,Saurischia,,data.csv_taxonomy
guanlong,guanlong,Chordata,Reptilia,Saurischia,,data.csv_taxonomy
hadrosaurus,hadrosaurus,Chordata,Reptilia,Ornithischia,Hadrosauridae,data.csv_taxonomy
hagryphus,hagryphus,Chordata,Reptilia,Saurischia,,data.csv_taxonomy
haplocanthosaurus,haplocanthosaurus,Chordata,Reptilia,Saurischia,Camarasauridae,data.csv_taxonomy
harpymimus,harpymimus,Chordata,Reptilia,Saurischia,,data.csv_taxonomy
herrerasaurus,herrerasaurus,Chordata,Reptilia,Saurischia,Herrerasauridae,data.csv_taxonomy
hesperosaurus,hesperosaurus,Chordata,Reptilia,Ornithischia,Stegosauridae,data.csv_taxonomy
heterodontosaurus,heterodontosaurus,Chordata,Reptilia,Ornithischia,Heterodontosauridae,data.csv_taxonomy
heyuannia,heyuannia,Chordata,Reptilia,Saurischia,Oviraptoridae,data.csv_taxonomy
homalocephale,homalocephale,Chordata,Reptilia,Ornithischia,,data.csv_taxonomy
huayangosaurus,huayangosaurus,Chordata,Reptilia,Ornithischia,Huayangosauridae,data.csv_taxonomy
hylaeosaurus,hylaeosaurus,Chordata,Reptilia,Ornithischia,,data.csv_taxonomy
hypacrosaurus,hypacrosaurus,Chordata,Reptilia,Ornithischia,Hadrosauridae,data.csv_taxonomy
hypsilophodon,hypsilophodon,Chordata,Reptilia,Ornithischia,Hypsilophodontidae,data.csv_taxonomy
iguanodon,iguanodon,Chordata,Reptilia,Ornithischia,,data.csv_taxonomy
indosuchus,indosuchus,Chordata,Reptilia,Saurischia,,data.csv_taxonomy
irritator,irritator,Chordata,Reptilia,Saurischia,Spinosauridae,data.csv_taxonomy
isisaurus,isisaurus,Chordata,Reptilia,Saurischia,,data.csv_taxonomy
janenschia,janenschia,Chordata,Reptilia,Saurischia,,data.csv_taxonomy
jaxartosaurus,jaxartosaurus,Chordata,Reptilia,Ornithischia,Hadrosauridae,data.csv_taxonomy
jingshanosaurus,jingshanosaurus,Chordata,Reptilia,Saurischia,,data.csv_taxonomy
jinzhousaurus,jinzhousaurus,Chordata,Reptilia,Ornithischia,,data.csv_taxonomy
jobaria,jobaria,Chordata,Reptilia,Saurischia,,data.csv_taxonomy
juravenator,juravenator,Chordata,Reptilia,Saurischia,Compsognathidae,data.csv_taxonomy
kentrosaurus,kentrosaurus,Chordata,Reptilia,Ornithischia,Stegosauridae,data.csv_taxonomy
khaan,khaan,Chordata,Reptilia,Saurischia,Oviraptoridae,data.csv_taxonomy
kotasaurus,kotasaurus,Chordata,Reptilia,Saurischia,,data.csv_taxonomy
kritosaurus,kritosaurus,Chordata,Reptilia,Ornithischia,Hadrosauridae,data.csv_taxonomy
lambeosaurus,lambeosaurus,Chordata,Reptilia,Ornithischia,Hadrosauridae,data.csv_taxonomy
lapparentosaurus,lapparentosaurus,Chordata,Reptilia,Saurischia,,data.csv_taxonomy
leaellynasaura,leaellynasaura,Chordata,Reptilia,Ornithischia,,data.csv_taxonomy
leptoceratops,leptoceratops,Chordata,Reptilia,Ornithischia,,data.csv_taxonomy
lesothosaurus,lesothosaurus,Chordata,Reptilia,Ornithischia,,data.csv_taxonomy
liaoceratops,liaoceratops,Chordata,Reptilia,Ornithischia,,data.csv_taxonomy
ligabuesaurus,ligabuesaurus,Chordata,Reptilia,Saurischia,,data.csv_taxonomy
liliensternus,liliensternus,Chordata,Reptilia,Saurischia,,data.csv_taxonomy
lophorhothon,lophorhothon,Chordata,Reptilia,Ornithischia,Hadrosauridae,data.csv_taxonomy
lophostropheus,lophostropheus,Chordata,Reptilia,Saurischia,,data.csv_taxonomy
lufengosaurus,lufengosaurus,Chordata,Reptilia,Saurischia,Plateosauridae,data.csv_taxonomy
lurdusaurus,lurdusaurus,Chordata,Reptilia,Ornithischia,,data.csv_taxonomy
lycorhinus,lycorhinus,Chordata,Reptilia,Ornithischia,Heterodontosauridae,data.csv_taxonomy
magyarosaurus,magyarosaurus,Chordata,Reptilia,Saurischia,,data.csv_taxonomy
maiasaura,maiasaura,Chordata,Reptilia,Ornithischia,Hadrosauridae,data.csv_taxonomy
majungasaurus,majungasaurus,Chordata,Reptilia,Saurischia,Abelisauridae,data.csv_taxonomy
malawisaurus,malawisaurus,Chordata,Reptilia,Saurischia,,data.csv_taxonomy
mamenchisaurus,mamenchisaurus,Chordata,Reptilia,Saurischia,,data.csv_taxonomy
mapusaurus,mapusaurus,Chordata,Reptilia,Saurischia,Allosauridae,data.csv_taxonomy
marshosaurus,marshosaurus,Chordata,Reptilia,Saurischia,,data.csv_taxonomy
masiakasaurus,masiakasaurus,Chordata,Reptilia,Saurischia,,data.csv_taxonomy
massospondylus,massospondylus,Chordata,Reptilia,Saurischia,Plateosauridae,data.csv_taxonomy
maxakalisaurus,maxakalisaurus,Chordata,Reptilia,Saurischia,Saltasauridae,data.csv_taxonomy
megalosaurus,megalosaurus,Chordata,Reptilia,Saurischia,Megalosauridae,data.csv_taxonomy
melanorosaurus,melanorosaurus,Chordata,Reptilia,Saurischia,Melanorosauridae,data.csv_taxonomy
metriacanthosaurus,metriacanthosaurus,Chordata,Reptilia,Saurischia,,data.csv_taxonomy
microceratus,microceratus,Chordata,Reptilia,Ornithischia,,data.csv_taxonomy
micropachycephalosaurus,micropachycephalosaurus,Chordata,Reptilia,Ornithischia,,data.csv_taxonomy
microraptor,microraptor,Chordata,Reptilia,Saurischia,Dromaeosauridae,data.csv_taxonomy
minmi,minmi,Chordata,Reptilia,Ornithischia,,data.csv_taxonomy
monolophosaurus,monolophosaurus,Chordata,Reptilia,Saurischia,,data.csv_taxonomy
mononykus,mononykus,Chordata,Reptilia,Saurischia,Alvarezsauridae,data.csv_taxonomy
mussaurus,mussaurus,Chordata,Reptilia,Saurischia,Plateosauridae,data.csv_taxonomy
muttaburrasaurus,muttaburrasaurus,Chordata,Reptilia,Ornithischia,,data.csv_taxonomy
nanshiungosaurus,nanshiungosaurus,Chordata,Reptilia,Saurischia,Therizinosauridae,data.csv_taxonomy
nedoceratops,nedoceratops,Chordata,Reptilia,Ornithischia,Ceratopsidae,data.csv_taxonomy
nemegtosaurus,nemegtosaurus,Chordata,Reptilia,Saurischia,Nemegtosauridae,data.csv_taxonomy
neovenator,neovenator,Chordata,Reptilia,Saurischia,Carcharodontosauridae,data.csv_taxonomy
neuquenosaurus,neuquenosaurus,Chordata,Reptilia,Saurischia,Saltasauridae,data.csv_taxonomy
nigersaurus,nigersaurus,Chordata,Reptilia,Saurischia,Rebbachisauridae,data.csv_taxonomy
nipponosaurus,nipponosaurus,Chordata,Reptilia,Ornithischia,Hadrosauridae,data.csv_taxonomy
noasaurus,noasaurus,Chordata,Reptilia,Saurischia,,data.csv_taxonomy
nodosaurus,nodosaurus,Chordata,Reptilia,Ornithischia,Nodosauridae,data.csv_taxonomy
nomingia,nomingia,Chordata,Reptilia,Saurischia,Caenagnathidae,data.csv_taxonomy
nothronychus,nothronychus,Chordata,Reptilia,Saurischia,Therizinosauridae,data.csv_taxonomy
nqwebasaurus,nqwebasaurus,Chordata,Reptilia,Saurischia,,data.csv_taxonomy
omeisaurus,omeisaurus,Chordata,Reptilia,Saurischia,,data.csv_taxonomy
opisthocoelicaudia,opisthocoelicaudia,Chordata,Reptilia,Saurischia,Saltasauridae,data.csv_taxonomy
ornitholestes,ornitholestes,Chordata,Reptilia,Saurischia,,data.csv_taxonomy
ornithomimus,ornithomimus,Chordata,Reptilia,Saurischia,Ornithomimidae,data.csv_taxonomy
orodromeus,orodromeus,Chordata,Reptilia,Ornithischia,,data.csv_taxonomy
oryctodromeus,oryctodromeus,Chordata,Reptilia,Ornithischia,,data.csv_taxonomy
othnielia,othnielia,Chordata,Reptilia,Ornithischia,,data.csv_taxonomy
ouranosaurus,ouranosaurus,Chordata,Reptilia,Ornithischia,,data.csv_taxonomy
oviraptor,oviraptor,Chordata,Reptilia,Saurischia,Oviraptoridae,data.csv_taxonomy
pachycephalosaurus,pachycephalosaurus,Chordata,Reptilia,Ornithischia,Pachycephalosauridae,data.csv_taxonomy
pachyrhinosaurus,pachyrhinosaurus,Chordata,Reptilia,Ornithischia,Ceratopsidae,data.csv_taxonomy
panoplosaurus,panoplosaurus,Chordata,Reptilia,Ornithischia,Nodosauridae,data.csv_taxonomy
pantydraco,pantydraco,Chordata,Reptilia,Saurischia,,data.csv_taxonomy
paralititan,paralititan,Chordata,Reptilia,Saurischia,,data.csv_taxonomy
parasaurolophus,parasaurolophus,Chordata,Reptilia,Ornithischia,Hadrosauridae,data.csv_taxonomy
parksosaurus,parksosaurus,Chordata,Reptilia,Ornithischia,,data.csv_taxonomy
patagosaurus,patagosaurus,Chordata,Reptilia,Saurischia,Cetiosauridae,data.csv_taxonomy
pelicanimimus,pelicanimimus,Chordata,Reptilia,Saurischia,,data.csv_taxonomy
pelorosaurus,pelorosaurus,Chordata,Reptilia,Saurischia,,data.csv_taxonomy
pentaceratops,pentaceratops,Chordata,Reptilia,Ornithischia,Ceratopsidae,data.csv_taxonomy
piatnitzkysaurus,piatnitzkysaurus,Chordata,Reptilia,Saurischia,Megalosauridae,data.csv_taxonomy
pinacosaurus,pinacosaurus,Chordata,Reptilia,Ornithischia,Ankylosauridae,data.csv_taxonomy
plateosaurus,plateosaurus,Chordata,Reptilia,Saurischia,Plateosauridae,data.csv_taxonomy
podokesaurus,podokesaurus,Chordata,Reptilia,Saurischia,,data.csv_taxonomy
poekilopleuron,poekilopleuron,Chordata,Reptilia,Saurischia,Megalosauridae,data.csv_taxonomy
polacanthus,polacanthus,Chordata,Reptilia,Ornithischia,,data.csv_taxonomy
prenocephale,prenocephale,Chordata,Reptilia,Ornithischia,Pachycephalosauridae,data.csv_taxonomy
probactrosaurus,probactrosaurus,Chordata,Reptilia,Ornithischia,,data.csv_taxonomy
proceratosaurus,proceratosaurus,Chordata,Reptilia,Saurischia,,data.csv_taxonomy
procompsognathus,procompsognathus,Chordata,Reptilia,Saurischia,,data.csv_taxonomy
prosaurolophus,prosaurolophus,Chordata,Reptilia,Ornithischia,Hadrosauridae,data.csv_taxonomy
protarchaeopteryx,protarchaeopteryx,Chordata,Reptilia,Saurischia,,data.csv_taxonomy
protoceratops,protoceratops,Chordata,Reptilia,Ornithischia,,data.csv_taxonomy
protohadros,protohadros,Chordata,Reptilia,Ornithischia,,data.csv_taxonomy
psittacosaurus,psittacosaurus,Chordata,Reptilia,Ornithischia,Psittacosauridae,data.csv_taxonomy
quaesitosaurus,quaesitosaurus,Chordata,Reptilia,Saurischia,Nemegtosauridae,data.csv_taxonomy
rebbachisaurus,rebbachisaurus,Chordata,Reptilia,Saurischia,Rebbachisauridae,data.csv_taxonomy
rhabdodon,rhabdodon,Chordata,Reptilia,Ornithischia,Rhabdodontidae,data.csv_taxonomy
rhoetosaurus,rhoetosaurus,Chordata,Reptilia,Saurischia,,data.csv_taxonomy
rinchenia,rinchenia,Chordata,Reptilia,Saurischia,Oviraptoridae,data.csv_taxonomy
riojasaurus,riojasaurus,Chordata,Reptilia,Saurischia,Melanorosauridae,data.csv_taxonomy
rugops,rugops,Chordata,Reptilia,Saurischia,Abelisauridae,data.csv_taxonomy
saichania,saichania,Chordata,Reptilia,Ornithischia,Ankylosauridae,data.csv_taxonomy
saltasaurus,saltasaurus,Chordata,Reptilia,Saurischia,Saltasauridae,data.csv_taxonomy
saltopus,saltopus,Chordata,Reptilia,Saurischia,,data.csv_taxonomy
sarcosaurus,sarcosaurus,Chordata,Reptilia,Saurischia,,data.csv_taxonomy
saurolophus,saurolophus,Chordata,Reptilia,Ornithischia,Hadrosauridae,data.csv_taxonomy
sauropelta,sauropelta,Chordata,Reptilia,Ornithischia,Nodosauridae,data.csv_taxonomy
saurophaganax,saurophaganax,Chordata,Reptilia,Saurischia,Allosauridae,data.csv_taxonomy
saurornithoides,saurornithoides,Chordata,Reptilia,Saurischia,Troodontidae,data.csv_taxonomy
scelidosaurus,scelidosaurus,Chordata,Reptilia,Ornithischia,Scelidosauridae,data.csv_taxonomy
scutellosaurus,scutellosaurus,Chordata,Reptilia,Ornithischia,,data.csv_taxonomy
secernosaurus,secernosaurus,Chordata,Reptilia,Ornithischia,Hadrosauridae,data.csv_taxonomy
segisaurus,segisaurus,Chordata,Reptilia,Saurischia,Coelophysidae,data.csv_taxonomy
segnosaurus,segnosaurus,Chordata,Reptilia,Saurischia,Therizinosauridae,data.csv_taxonomy
shamosaurus,shamosaurus,Chordata,Reptilia,Ornithischia,Ankylosauridae,data.csv_taxonomy
shanag,shanag,Chordata,Reptilia,Saurischia,,data.csv_taxonomy
shantungosaurus,shantungosaurus,Chordata,Reptilia,Ornithischia,Hadrosauridae,data.csv_taxonomy
shunosaurus,shunosaurus,Chordata,Reptilia,Saurischia,,data.csv_taxonomy
shuvuuia,shuvuuia,Chordata,Reptilia,Saurischia,Alvarezsauridae,data.csv_taxonomy
silvisaurus,silvisaurus,Chordata,Reptilia,Ornithischia,Nodosauridae,data.csv_taxonomy
sinocalliopteryx,sinocalliopteryx,Chordata,Reptilia,Saurischia,,data.csv_taxonomy
sinornithosaurus,sinornithosaurus,Chordata,Reptilia,Saurischia,Dromaeosauridae,data.csv_taxonomy
sinosauropteryx,sinosauropteryx,Chordata,Reptilia,Saurischia,Compsognathidae,data.csv_taxonomy
sinovenator,sinovenator,Chordata,Reptilia,Saurischia,Troodontidae,data.csv_taxonomy
sinraptor,sinraptor,Chordata,Reptilia,Saurischia,Sinraptoridae,data.csv_taxonomy
sonidosaurus,sonidosaurus,Chordata,Reptilia,Saurischia,,data.csv_taxonomy
spinosaurus,spinosaurus,Chordata,Reptilia,Saurischia,Spinosauridae,data.csv_taxonomy
staurikosaurus,staurikosaurus,Chordata,Reptilia,Saurischia,Herrerasauridae,data.csv_taxonomy
stegoceras,stegoceras,Chordata,Reptilia,Ornithischia,Pachycephalosauridae,data.csv_taxonomy
stegosaurus,stegosaurus,Chordata,Reptilia,Ornithischia,Stegosauridae,data.csv_taxonomy
stenopelix,stenopelix,Chordata,Reptilia,Ornithischia,,data.csv_taxonomy
struthiomimus,struthiomimus,Chordata,Reptilia,Saurischia,Ornithomimidae,data.csv_taxonomy
struthiosaurus,struthiosaurus,Chordata,Reptilia,Ornithischia,Nodosauridae,data.csv_taxonomy
styracosaurus,styracosaurus,Chordata,Reptilia,Ornithischia,Ceratopsidae,data.csv_taxonomy
suchomimus,suchomimus,Chordata,Reptilia,Saurischia,Spinosauridae,data.csv_taxonomy
supersaurus,supersaurus,Chordata,Reptilia,Saurischia,Diplodocidae,data.csv_taxonomy
talarurus,talarurus,Chordata,Reptilia,Ornithischia,Ankylosauridae,data.csv_taxonomy
tanius,tanius,Chordata,Reptilia,Ornithischia,Hadrosauridae,data.csv_taxonomy
tarbosaurus,tarbosaurus,Chordata,Reptilia,Saurischia,Tyrannosauridae,data.csv_taxonomy
tarchia,tarchia,Chordata,Reptilia,Ornithischia,Ankylosauridae,data.csv_taxonomy
telmatosaurus,telmatosaurus,Chordata,Reptilia,Ornithischia,Hadrosauridae,data.csv_taxonomy
tenontosaurus,tenontosaurus,Chordata,Reptilia,Ornithischia,,data.csv_taxonomy
thecodontosaurus,thecodontosaurus,Chordata,Reptilia,Saurischia,,data.csv_taxonomy
therizinosaurus,therizinosaurus,Chordata,Reptilia,Saurischia,Therizinosauridae,data.csv_taxonomy
thescelosaurus,thescelosaurus,Chordata,Reptilia,Ornithischia,,data.csv_taxonomy
torosaurus,torosaurus,Chordata,Reptilia,Ornithischia,Ceratopsidae,data.csv_taxonomy
torvosaurus,torvosaurus,Chordata,Reptilia,Saurischia,Megalosauridae,data.csv_taxonomy
triceratops,triceratops,Chordata,Reptilia,Ornithischia,Ceratopsidae,data.csv_taxonomy
troodon,troodon,Chordata,Reptilia,Saurischia,Troodontidae,data.csv_taxonomy
tsagantegia,tsagantegia,Chordata,Reptilia,Ornithischia,Ankylosauridae,data.csv_taxonomy
tsintaosaurus,tsintaosaurus,Chordata,Reptilia,Ornithischia,Hadrosauridae,data.csv_taxonomy
tuojiangosaurus,tuojiangosaurus,Chordata,Reptilia,Ornithischia,Stegosauridae,data.csv_taxonomy
tylocephale,tylocephale,Chordata,Reptilia,Ornithischia,Pachycephalosauridae,data.csv_taxonomy
tyrannosaurus,tyrannosaurus,Chordata,Reptilia,Saurischia,Tyrannosauridae,data.csv_taxonomy
udanoceratops,udanoceratops,Chordata,Reptilia,Ornithischia,,data.csv_taxonomy
unenlagia,unenlagia,Chordata,Reptilia,Saurischia,Dromaeosauridae,data.csv_taxonomy
urbacodon,urbacodon,Chordata,Reptilia,Saurischia,,data.csv_taxonomy
utahraptor,utahraptor,Chordata,Reptilia,Saurischia,Dromaeosauridae,data.csv_taxonomy
valdosaurus,valdosaurus,Chordata,Reptilia,Ornithischia,Dryosauridae,data.csv_taxonomy
velociraptor,velociraptor,Chordata,Reptilia,Saurischia,Dromaeosauridae,data.csv_taxonomy
vulcanodon,vulcanodon,Chordata,Reptilia,Saurischia,Vulcanodontidae,data.csv_taxonomy
yandusaurus,yandusaurus,Chordata,Reptilia,Ornithischia,,data.csv_taxonomy
yangchuanosaurus,yangchuanosaurus,Chordata,Reptilia,Saurischia,Sinraptoridae,data.csv_taxonomy
yimenosaurus,yimenosaurus,Chordata,Reptilia,Saurischia,,data.csv_taxonomy
yingshanosaurus,yingshanosaurus,Chordata,Reptilia,Ornithischia,,data.csv_taxonomy
yinlong,yinlong,Chordata,Reptilia,Ornithischia,,data.csv_taxonomy
yuanmousaurus,yuanmousaurus,Chordata,Reptilia,Saurischia,,data.csv_taxonomy
yunnanosaurus,yunnanosaurus,Chordata,Reptilia,Saurischia,,data.csv_taxonomy
zalmoxes,zalmoxes,Chordata,Reptilia,Ornithischia,Rhabdodontidae,data.csv_taxonomy
zephyrosaurus,zephyrosaurus,Chordata,Reptilia,Ornithischia,,data.csv_taxonomy
zuniceratops,zuniceratops,Chordata,Reptilia,Ornithischia,,data.csv_taxonomy
Protarchaeopteryx,protarchaeopteryx,Chordata,Reptilia,Saurischia,Archaeopterygidae,dinosaurs.csv
Caudipteryx,caudipteryx,Chordata,Reptilia,Saurischia,Caudipterygidae,dinosaurs.csv
Gorgosaurus,gorgosaurus,Chordata,Reptilia,Saurischia,Tyrannosauridae,dinosaurs.csv
Gorgosaurus,gorgosaurus,Chordata,Reptilia,Saurischia,Tyrannosauridae,dinosaurs.csv
Gorgosaurus,gorgosaurus,Chordata,Reptilia,Saurischia,Tyrannosauridae,dinosaurs.csv
Gorgosaurus,gorgosaurus,Chordata,Reptilia,Saurischia,Tyrannosauridae,dinosaurs.csv
Gorgosaurus,gorgosaurus,Chordata,Reptilia,Saurischia,Tyrannosauridae,dinosaurs.csv
Albertosaurus,albertosaurus,Chordata,Reptilia,Saurischia,Tyrannosauridae,dinosaurs.csv
Albertosaurus,albertosaurus,Chordata,Reptilia,Saurischia,Tyrannosauridae,dinosaurs.csv
Albertosaurus,albertosaurus,Chordata,Reptilia,Saurischia,Tyrannosauridae,dinosaurs.csv
Albertosaurus,albertosaurus,Chordata,Reptilia,Saurischia,Tyrannosauridae,dinosaurs.csv
Albertosaurus,albertosaurus,Chordata,Reptilia,Saurischia,Tyrannosauridae,dinosaurs.csv
Isisaurus,isisaurus,Chordata,Reptilia,Saurischia,,dinosaurs.csv
Daspletosaurus,daspletosaurus,Chordata,Reptilia,Saurischia,Tyrannosauridae,dinosaurs.csv
Daspletosaurus,daspletosaurus,Chordata,Reptilia,Saurischia,Tyrannosauridae,dinosaurs.csv
Daspletosaurus,daspletosaurus,Chordata,Reptilia,Saurischia,Tyrannosauridae,dinosaurs.csv
Albertosaurus,albertosaurus,Chordata,Reptilia,Saurischia,Tyrannosauridae,dinosaurs.csv
Tyrannosaurus,tyrannosaurus,Chordata,Reptilia,Saurischia,Tyrannosauridae,dinosaurs.csv
Tyrannosaurus,tyrannosaurus,Chordata,Reptilia,Saurischia,Tyrannosauridae,dinosaurs.csv
Amygdalodon,amygdalodon,Chordata,Reptilia,Saurischia,,dinosaurs.csv
Camarasaurus,camarasaurus,Chordata,Reptilia,Saurischia,,dinosaurs.csv
Camarasaurus,camarasaurus,Chordata,Reptilia,Saurischia,,dinosaurs.csv
Bistahieversor,bistahieversor,Chordata,Reptilia,Saurischia,,dinosaurs.csv
Sonorasaurus,sonorasaurus,Chordata,Reptilia,Saurischia,Brachiosauridae,dinosaurs.csv
Mononykus,mononykus,Chordata,Reptilia,Saurischia,,dinosaurs.csv
Tarbosaurus,tarbosaurus,Chordata,Reptilia,Saurischia,Tyrannosauridae,dinosaurs.csv
Allosaurus,allosaurus,Chordata,Reptilia,Saurischia,Allosauridae,dinosaurs.csv
Allosaurus,allosaurus,Chordata,Reptilia,Saurischia,Allosauridae,dinosaurs.csv
Diplodocus,diplodocus,Chordata,Reptilia,Saurischia,Diplodocidae,dinosaurs.csv
Camarasaurus,camarasaurus,Chordata,Reptilia,Saurischia,,dinosaurs.csv
Efraasia,efraasia,Chordata,Reptilia,Saurischia,,dinosaurs.csv
Massospondylus,massospondylus,Chordata,Reptilia,Saurischia,Massospondylidae,dinosaurs.csv
Amargasaurus,amargasaurus,Chordata,Reptilia,Saurischia,Dicraeosauridae,dinosaurs.csv
Apatosaurus,apatosaurus,Chordata,Reptilia,Saurischia,Diplodocidae,dinosaurs.csv
Diplodocus,diplodocus,Chordata,Reptilia,Saurischia,Diplodocidae,dinosaurs.csv
Brontosaurus,brontosaurus,Chordata,Reptilia,Saurischia,Diplodocidae,dinosaurs.csv
Camarasaurus,camarasaurus,Chordata,Reptilia,Saurischia,,dinosaurs.csv
Dilophosaurus,dilophosaurus,Chordata,Reptilia,Saurischia,,dinosaurs.csv
Dilophosaurus,dilophosaurus,Chordata,Reptilia,Saurischia,,dinosaurs.csv
Diplodocus,diplodocus,Chordata,Reptilia,Saurischia,Diplodocidae,dinosaurs.csv
Camarasaurus,camarasaurus,Chordata,Reptilia,Saurischia,,dinosaurs.csv
Brontosaurus,brontosaurus,Chordata,Reptilia,Saurischia,Diplodocidae,dinosaurs.csv
Allosaurus,allosaurus,Chordata,Reptilia,Saurischia,Allosauridae,dinosaurs.csv
Camarasaurus,camarasaurus,Chordata,Reptilia,Saurischia,,dinosaurs.csv
Tyrannosaurus,tyrannosaurus,Chordata,Reptilia,Saurischia,Tyrannosauridae,dinosaurs.csv
Tyrannosaurus,tyrannosaurus,Chordata,Reptilia,Saurischia,Tyrannosauridae,dinosaurs.csv
Velociraptor,velociraptor,Chordata,Reptilia,Saurischia,Dromaeosauridae,dinosaurs.csv
Gorgosaurus,gorgosaurus,Chordata,Reptilia,Saurischia,Tyrannosauridae,dinosaurs.csv
Coelophysis,coelophysis,Chordata,Reptilia,Saurischia,,dinosaurs.csv
Kotasaurus,kotasaurus,Chordata,Reptilia,Saurischia,,dinosaurs.csv
Diplodocus,diplodocus,Chordata,Reptilia,Saurischia,Diplodocidae,dinosaurs.csv
Camarasaurus,camarasaurus,Chordata,Reptilia,Saurischia,,dinosaurs.csv
Allosaurus,allosaurus,Chordata,Reptilia,Saurischia,Allosauridae,dinosaurs.csv
Barosaurus,barosaurus,Chordata,Reptilia,Saurischia,Diplodocidae,dinosaurs.csv
Plateosaurus,plateosaurus,Chordata,Reptilia,Saurischia,Plateosauridae,dinosaurs.csv
Liliensternus,liliensternus,Chordata,Reptilia,Saurischia,,dinosaurs.csv
Plateosaurus,plateosaurus,Chordata,Reptilia,Saurischia,Plateosauridae,dinosaurs.csv
Liliensternus,liliensternus,Chordata,Reptilia,Saurischia,,dinosaurs.csv
Liliensternus,liliensternus,Chordata,Reptilia,Saurischia,,dinosaurs.csv
Velociraptor,velociraptor,Chordata,Reptilia,Saurischia,Dromaeosauridae,dinosaurs.csv
Troodon,troodon,Chordata,Reptilia,Saurischia,Troodontidae,dinosaurs.csv
Allosaurus,allosaurus,Chordata,Reptilia,Saurischia,Allosauridae,dinosaurs.csv
Diplodocus,diplodocus,Chordata,Reptilia,Saurischia,Diplodocidae,dinosaurs.csv
Apatosaurus,apatosaurus,Chordata,Reptilia,Saurischia,Diplodocidae,dinosaurs.csv
Chindesaurus,chindesaurus,Chordata,Reptilia,Saurischia,Herrerasauridae,dinosaurs.csv
Sauroposeidon,sauroposeidon,Chordata,Reptilia,Saurischia,,dinosaurs.csv
Dromaeosaurus,dromaeosaurus,Chordata,Reptilia,Saurischia,Dromaeosauridae,dinosaurs.csv
Saurornitholestes,saurornitholestes,Chordata,Reptilia,Saurischia,Dromaeosauridae,dinosaurs.csv
Troodon,troodon,Chordata,Reptilia,Saurischia,Troodontidae,dinosaurs.csv
Richardoestesia,richardoestesia,Chordata,Reptilia,Saurischia,Dromaeosauridae,dinosaurs.csv
Dromaeosaurus,dromaeosaurus,Chordata,Reptilia,Saurischia,Dromaeosauridae,dinosaurs.csv
Saurornitholestes,saurornitholestes,Chordata,Reptilia,Saurischia,Dromaeosauridae,dinosaurs.csv
Troodon,troodon,Chordata,Reptilia,Saurischia,Troodontidae,dinosaurs.csv
Richardoestesia,richardoestesia,Chordata,Reptilia,Saurischia,Dromaeosauridae,dinosaurs.csv
Dryptosaurus,dryptosaurus,Chordata,Reptilia,Saurischia,,dinosaurs.csv
Sphingopus,sphingopus,Chordata,Reptilia,Saurischia,Parachirotheriidae,dinosaurs.csv
Mamenchisaurus,mamenchisaurus,Chordata,Reptilia,Saurischia,Mamenchisauridae,dinosaurs.csv
Eoraptor,eoraptor,Chordata,Reptilia,Saurischia,,dinosaurs.csv
Herrerasaurus,herrerasaurus,Chordata,Reptilia,Saurischia,Herrerasauridae,dinosaurs.csv
Herrerasaurus,herrerasaurus,Chordata,Reptilia,Saurischia,Herrerasauridae,dinosaurs.csv
Titanosaurus,titanosaurus,Chordata,Reptilia,Saurischia,,dinosaurs.csv
Haestasaurus,haestasaurus,Chordata,Reptilia,Saurischia,,dinosaurs.csv
Saurornitholestes,saurornitholestes,Chordata,Reptilia,Saurischia,Dromaeosauridae,dinosaurs.csv
Dilophosaurus,dilophosaurus,Chordata,Reptilia,Saurischia,,dinosaurs.csv
Yunnanosaurus,yunnanosaurus,Chordata,Reptilia,Saurischia,,dinosaurs.csv
Carcharodontosaurus,carcharodontosaurus,Chordata,Reptilia,Saurischia,Carcharodontosauridae,dinosaurs.csv
Spinosaurus,spinosaurus,Chordata,Reptilia,Saurischia,Spinosauridae,dinosaurs.csv
Carcharodontosaurus,carcharodontosaurus,Chordata,Reptilia,Saurischia,Carcharodontosauridae,dinosaurs.csv
Elaphrosaurus,elaphrosaurus,Chordata,Reptilia,Saurischia,,dinosaurs.csv
Carcharodontosaurus,carcharodontosaurus,Chordata,Reptilia,Saurischia,Carcharodontosauridae,dinosaurs.csv
Elaphrosaurus,elaphrosaurus,Chordata,Reptilia,Saurischia,,dinosaurs.csv
Acrocanthosaurus,acrocanthosaurus,Chordata,Reptilia,Saurischia,Carcharodontosauridae,dinosaurs.csv
Acrocanthosaurus,acrocanthosaurus,Chordata,Reptilia,Saurischia,Carcharodontosauridae,dinosaurs.csv
Acrocanthosaurus,acrocanthosaurus,Chordata,Reptilia,Saurischia,Carcharodontosauridae,dinosaurs.csv
Carcharodontosaurus,carcharodontosaurus,Chordata,Reptilia,Saurischia,Carcharodontosauridae,dinosaurs.csv
Elaphrosaurus,elaphrosaurus,Chordata,Reptilia,Saurischia,,dinosaurs.csv
Elaphrosaurus,elaphrosaurus,Chordata,Reptilia,Saurischia,,dinosaurs.csv
Carcharodontosaurus,carcharodontosaurus,Chordata,Reptilia,Saurischia,Carcharodontosauridae,dinosaurs.csv
Carcharodontosaurus,carcharodontosaurus,Chordata,Reptilia,Saurischia,Carcharodontosauridae,dinosaurs.csv
Carcharodontosaurus,carcharodontosaurus,Chordata,Reptilia,Saurischia,Carcharodontosauridae,dinosaurs.csv
Elaphrosaurus,elaphrosaurus,Chordata,Reptilia,Saurischia,,dinosaurs.csv
Carcharodontosaurus,carcharodontosaurus,Chordata,Reptilia,Saurischia,Carcharodontosauridae,dinosaurs.csv
Elaphrosaurus,elaphrosaurus,Chordata,Reptilia,Saurischia,,dinosaurs.csv
Bahariasaurus,bahariasaurus,Chordata,Reptilia,Saurischia,,dinosaurs.csv
Aegyptosaurus,aegyptosaurus,Chordata,Reptilia,Saurischia,,dinosaurs.csv
Bahariasaurus,bahariasaurus,Chordata,Reptilia,Saurischia,,dinosaurs.csv
Carcharodontosaurus,carcharodontosaurus,Chordata,Reptilia,Saurischia,Carcharodontosauridae,dinosaurs.csv
Elaphrosaurus,elaphrosaurus,Chordata,Reptilia,Saurischia,,dinosaurs.csv
Spinostropheus,spinostropheus,Chordata,Reptilia,Saurischia,,dinosaurs.csv
Aegyptosaurus,aegyptosaurus,Chordata,Reptilia,Saurischia,,dinosaurs.csv
Aegyptosaurus,aegyptosaurus,Chordata,Reptilia,Saurischia,,dinosaurs.csv
Spinostropheus,spinostropheus,Chordata,Reptilia,Saurischia,,dinosaurs.csv
Elaphrosaurus,elaphrosaurus,Chordata,Reptilia,Saurischia,,dinosaurs.csv
Carcharodontosaurus,carcharodontosaurus,Chordata,Reptilia,Saurischia,Carcharodontosauridae,dinosaurs.csv
Agnosphitys,agnosphitys,Chordata,Reptilia,Saurischia,Guaibasauridae,dinosaurs.csv
Segisaurus,segisaurus,Chordata,Reptilia,Saurischia,,dinosaurs.csv
Saturnalia,saturnalia,Chordata,Reptilia,Saurischia,,dinosaurs.csv
Carcharodontosaurus,carcharodontosaurus,Chordata,Reptilia,Saurischia,Carcharodontosauridae,dinosaurs.csv
Deltadromeus,deltadromeus,Chordata,Reptilia,Saurischia,,dinosaurs.csv
Rebbachisaurus,rebbachisaurus,Chordata,Reptilia,Saurischia,Rebbachisauridae,dinosaurs.csv
Spinosaurus,spinosaurus,Chordata,Reptilia,Saurischia,Spinosauridae,dinosaurs.csv
Carcharodontosaurus,carcharodontosaurus,Chordata,Reptilia,Saurischia,Carcharodontosauridae,dinosaurs.csv
Elaphrosaurus,elaphrosaurus,Chordata,Reptilia,Saurischia,,dinosaurs.csv
Carnotaurus,carnotaurus,Chordata,Reptilia,Saurischia,Abelisauridae,dinosaurs.csv
Saurornitholestes,saurornitholestes,Chordata,Reptilia,Saurischia,Dromaeosauridae,dinosaurs.csv
Troodon,troodon,Chordata,Reptilia,Saurischia,Troodontidae,dinosaurs.csv
Lametasaurus,lametasaurus,Chordata,Reptilia,Saurischia,Abelisauridae,dinosaurs.csv
Indosuchus,indosuchus,Chordata,Reptilia,Saurischia,Abelisauridae,dinosaurs.csv
Indosaurus,indosaurus,Chordata,Reptilia,Saurischia,Abelisauridae,dinosaurs.csv
Laevisuchus,laevisuchus,Chordata,Reptilia,Saurischia,Noasauridae,dinosaurs.csv
Titanosaurus,titanosaurus,Chordata,Reptilia,Saurischia,,dinosaurs.csv
Jainosaurus,jainosaurus,Chordata,Reptilia,Saurischia,,dinosaurs.csv
Troodon,troodon,Chordata,Reptilia,Saurischia,Troodontidae,dinosaurs.csv
Tyrannosaurus,tyrannosaurus,Chordata,Reptilia,Saurischia,Tyrannosauridae,dinosaurs.csv
Nanotyrannus,nanotyrannus,Chordata,Reptilia,Saurischia,Tyrannosauridae,dinosaurs.csv
Saurornitholestes,saurornitholestes,Chordata,Reptilia,Saurischia,Dromaeosauridae,dinosaurs.csv
Richardoestesia,richardoestesia,Chordata,Reptilia,Saurischia,Dromaeosauridae,dinosaurs.csv
Dromaeosaurus,dromaeosaurus,Chordata,Reptilia,Saurischia,Dromaeosauridae,dinosaurs.csv
Troodon,troodon,Chordata,Reptilia,Saurischia,Troodontidae,dinosaurs.csv
Duriatitan,duriatitan,Chordata,Reptilia,Saurischia,,dinosaurs.csv
Ornithopsis,ornithopsis,Chordata,Reptilia,Saurischia,,dinosaurs.csv
Histriasaurus,histriasaurus,Chordata,Reptilia,Saurischia,Rebbachisauridae,dinosaurs.csv
Plateosaurus,plateosaurus,Chordata,Reptilia,Saurischia,Plateosauridae,dinosaurs.csv
Plateosaurus,plateosaurus,Chordata,Reptilia,Saurischia,Plateosauridae,dinosaurs.csv
Parvicursor,parvicursor,Chordata,Reptilia,Saurischia,,dinosaurs.csv
Pantydraco,pantydraco,Chordata,Reptilia,Saurischia,,dinosaurs.csv
Utahraptor,utahraptor,Chordata,Reptilia,Saurischia,Dromaeosauridae,dinosaurs.csv
Utahraptor,utahraptor,Chordata,Reptilia,Saurischia,Dromaeosauridae,dinosaurs.csv
Moabosaurus,moabosaurus,Chordata,Reptilia,Saurischia,,dinosaurs.csv
Albertosaurus,albertosaurus,Chordata,Reptilia,Saurischia,Tyrannosauridae,dinosaurs.csv
Paronychodon,paronychodon,Chordata,Reptilia,Saurischia,Troodontidae,dinosaurs.csv
Saurornitholestes,saurornitholestes,Chordata,Reptilia,Saurischia,Dromaeosauridae,dinosaurs.csv
Richardoestesia,richardoestesia,Chordata,Reptilia,Saurischia,Dromaeosauridae,dinosaurs.csv
Tyrannosaurus,tyrannosaurus,Chordata,Reptilia,Saurischia,Tyrannosauridae,dinosaurs.csv
Cetiosaurus,cetiosaurus,Chordata,Reptilia,Saurischia,,dinosaurs.csv
Epidendrosaurus,epidendrosaurus,Chordata,Reptilia,Saurischia,,dinosaurs.csv
Richardoestesia,richardoestesia,Chordata,Reptilia,Saurischia,Dromaeosauridae,dinosaurs.csv
Paronychodon,paronychodon,Chordata,Reptilia,Saurischia,Troodontidae,dinosaurs.csv
Fuscinapedis,fuscinapedis,Chordata,Reptilia,Saurischia,,dinosaurs.csv
Mirischia,mirischia,Chordata,Reptilia,Saurischia,Compsognathidae,dinosaurs.csv
Irritator,irritator,Chordata,Reptilia,Saurischia,Spinosauridae,dinosaurs.csv
Mamenchisaurus,mamenchisaurus,Chordata,Reptilia,Saurischia,Mamenchisauridae,dinosaurs.csv
Xuanhanosaurus,xuanhanosaurus,Chordata,Reptilia,Saurischia,Metriacanthosauridae,dinosaurs.csv
Shunosaurus,shunosaurus,Chordata,Reptilia,Saurischia,,dinosaurs.csv
Dystrophaeus,dystrophaeus,Chordata,Reptilia,Saurischia,,dinosaurs.csv
Diplodocus,diplodocus,Chordata,Reptilia,Saurischia,Diplodocidae,dinosaurs.csv
Coelurus,coelurus,Chordata,Reptilia,Saurischia,,dinosaurs.csv
Dubreuillosaurus,dubreuillosaurus,Chordata,Reptilia,Saurischia,Megalosauridae,dinosaurs.csv
Variraptor,variraptor,Chordata,Reptilia,Saurischia,Dromaeosauridae,dinosaurs.csv
Atsinganosaurus,atsinganosaurus,Chordata,Reptilia,Saurischia,,dinosaurs.csv
Variraptor,variraptor,Chordata,Reptilia,Saurischia,Dromaeosauridae,dinosaurs.csv
Tarascosaurus,tarascosaurus,Chordata,Reptilia,Saurischia,Abelisauridae,dinosaurs.csv
Ilokelesia,ilokelesia,Chordata,Reptilia,Saurischia,Abelisauridae,dinosaurs.csv
Quilmesaurus,quilmesaurus,Chordata,Reptilia,Saurischia,Abelisauridae,dinosaurs.csv
Giganotosaurus,giganotosaurus,Chordata,Reptilia,Saurischia,Carcharodontosauridae,dinosaurs.csv
Aucasaurus,aucasaurus,Chordata,Reptilia,Saurischia,Abelisauridae,dinosaurs.csv
Sphingopus,sphingopus,Chordata,Reptilia,Saurischia,Parachirotheriidae,dinosaurs.csv
Piatnitzkysaurus,piatnitzkysaurus,Chordata,Reptilia,Saurischia,Piatnitzkysauridae,dinosaurs.csv
Patagosaurus,patagosaurus,Chordata,Reptilia,Saurischia,,dinosaurs.csv
Volkheimeria,volkheimeria,Chordata,Reptilia,Saurischia,,dinosaurs.csv
Patagosaurus,patagosaurus,Chordata,Reptilia,Saurischia,,dinosaurs.csv
Skartopus,skartopus,Chordata,Reptilia,Saurischia,,dinosaurs.csv
Lirainosaurus,lirainosaurus,Chordata,Reptilia,Saurischia,,dinosaurs.csv
Nuthetes,nuthetes,Chordata,Reptilia,Saurischia,Dromaeosauridae,dinosaurs.csv
Nuthetes,nuthetes,Chordata,Reptilia,Saurischia,Dromaeosauridae,dinosaurs.csv
Cetiosaurus,cetiosaurus,Chordata,Reptilia,Saurischia,,dinosaurs.csv
Megalosaurus,megalosaurus,Chordata,Reptilia,Saurischia,Megalosauridae,dinosaurs.csv
Camarasaurus,camarasaurus,Chordata,Reptilia,Saurischia,,dinosaurs.csv
Megalosauropus,megalosauropus,Chordata,Reptilia,Saurischia,,dinosaurs.csv
Spinosaurus,spinosaurus,Chordata,Reptilia,Saurischia,Spinosauridae,dinosaurs.csv
Pycnonemosaurus,pycnonemosaurus,Chordata,Reptilia,Saurischia,Abelisauridae,dinosaurs.csv
Abelisaurus,abelisaurus,Chordata,Reptilia,Saurischia,Abelisauridae,dinosaurs.csv
Majungasaurus,majungasaurus,Chordata,Reptilia,Saurischia,Abelisauridae,dinosaurs.csv
Traukutitan,traukutitan,Chordata,Reptilia,Saurischia,,dinosaurs.csv
Aeolosaurus,aeolosaurus,Chordata,Reptilia,Saurischia,,dinosaurs.csv
Zupaysaurus,zupaysaurus,Chordata,Reptilia,Saurischia,,dinosaurs.csv
Saurornitholestes,saurornitholestes,Chordata,Reptilia,Saurischia,Dromaeosauridae,dinosaurs.csv
Saurornitholestes,saurornitholestes,Chordata,Reptilia,Saurischia,Dromaeosauridae,dinosaurs.csv
Troodon,troodon,Chordata,Reptilia,Saurischia,Troodontidae,dinosaurs.csv
Saurornitholestes,saurornitholestes,Chordata,Reptilia,Saurischia,Dromaeosauridae,dinosaurs.csv
Troodon,troodon,Chordata,Reptilia,Saurischia,Troodontidae,dinosaurs.csv
Saurornitholestes,saurornitholestes,Chordata,Reptilia,Saurischia,Dromaeosauridae,dinosaurs.csv
Richardoestesia,richardoestesia,Chordata,Reptilia,Saurischia,Dromaeosauridae,dinosaurs.csv
Coelophysis,coelophysis,Chordata,Reptilia,Saurischia,,dinosaurs.csv
Rajasaurus,rajasaurus,Chordata,Reptilia,Saurischia,Abelisauridae,dinosaurs.csv
Troodon,troodon,Chordata,Reptilia,Saurischia,Troodontidae,dinosaurs.csv
Deinonychus,deinonychus,Chordata,Reptilia,Saurischia,Dromaeosauridae,dinosaurs.csv
Vulcanodon,vulcanodon,Chordata,Reptilia,Saurischia,,dinosaurs.csv
Massospondylus,massospondylus,Chordata,Reptilia,Saurischia,Massospondylidae,dinosaurs.csv
Coelophysis,coelophysis,Chordata,Reptilia,Saurischia,,dinosaurs.csv
Megalosauropus,megalosauropus,Chordata,Reptilia,Saurischia,,dinosaurs.csv
Albertosaurus,albertosaurus,Chordata,Reptilia,Saurischia,Tyrannosauridae,dinosaurs.csv
Coelophysis,coelophysis,Chordata,Reptilia,Saurischia,,dinosaurs.csv
Coelophysis,coelophysis,Chordata,Reptilia,Saurischia,,dinosaurs.csv
Coelophysis,coelophysis,Chordata,Reptilia,Saurischia,,dinosaurs.csv
Compsognathus,compsognathus,Chordata,Reptilia,Saurischia,Compsognathidae,dinosaurs.csv
Barapasaurus,barapasaurus,Chordata,Reptilia,Saurischia,,dinosaurs.csv
Mendozasaurus,mendozasaurus,Chordata,Reptilia,Saurischia,,dinosaurs.csv
Albertosaurus,albertosaurus,Chordata,Reptilia,Saurischia,Tyrannosauridae,dinosaurs.csv
Camarasaurus,camarasaurus,Chordata,Reptilia,Saurischia,,dinosaurs.csv
Blikanasaurus,blikanasaurus,Chordata,Reptilia,Saurischia,,dinosaurs.csv
Massospondylus,massospondylus,Chordata,Reptilia,Saurischia,Massospondylidae,dinosaurs.csv
Thecodontosaurus,thecodontosaurus,Chordata,Reptilia,Saurischia,,dinosaurs.csv
Piveteausaurus,piveteausaurus,Chordata,Reptilia,Saurischia,Megalosauridae,dinosaurs.csv
Phuwiangosaurus,phuwiangosaurus,Chordata,Reptilia,Saurischia,,dinosaurs.csv
Phuwiangosaurus,phuwiangosaurus,Chordata,Reptilia,Saurischia,,dinosaurs.csv
Phuwiangosaurus,phuwiangosaurus,Chordata,Reptilia,Saurischia,,dinosaurs.csv
Phuwiangosaurus,phuwiangosaurus,Chordata,Reptilia,Saurischia,,dinosaurs.csv
Kinnareemimus,kinnareemimus,Chordata,Reptilia,Saurischia,,dinosaurs.csv
Phuwiangosaurus,phuwiangosaurus,Chordata,Reptilia,Saurischia,,dinosaurs.csv
Phuwiangosaurus,phuwiangosaurus,Chordata,Reptilia,Saurischia,,dinosaurs.csv
Phuwiangosaurus,phuwiangosaurus,Chordata,Reptilia,Saurischia,,dinosaurs.csv
Phuwiangosaurus,phuwiangosaurus,Chordata,Reptilia,Saurischia,,dinosaurs.csv
Phuwiangosaurus,phuwiangosaurus,Chordata,Reptilia,Saurischia,,dinosaurs.csv
Phuwiangosaurus,phuwiangosaurus,Chordata,Reptilia,Saurischia,,dinosaurs.csv
Siamotyrannus,siamotyrannus,Chordata,Reptilia,Saurischia,Metriacanthosauridae,dinosaurs.csv
Allosaurus,allosaurus,Chordata,Reptilia,Saurischia,Allosauridae,dinosaurs.csv
Albertosaurus,albertosaurus,Chordata,Reptilia,Saurischia,Tyrannosauridae,dinosaurs.csv
Saurornitholestes,saurornitholestes,Chordata,Reptilia,Saurischia,Dromaeosauridae,dinosaurs.csv
Dilophosauripus,dilophosauripus,Chordata,Reptilia,Saurischia,Grallatoridae,dinosaurs.csv
Aragosaurus,aragosaurus,Chordata,Reptilia,Saurischia,,dinosaurs.csv
Hypselosaurus,hypselosaurus,Chordata,Reptilia,Saurischia,Titanosauridae,dinosaurs.csv
Paronychodon,paronychodon,Chordata,Reptilia,Saurischia,Troodontidae,dinosaurs.csv
Paronychodon,paronychodon,Chordata,Reptilia,Saurischia,Troodontidae,dinosaurs.csv
Mamenchisaurus,mamenchisaurus,Chordata,Reptilia,Saurischia,Mamenchisauridae,dinosaurs.csv
Brontosaurus,brontosaurus,Chordata,Reptilia,Saurischia,Diplodocidae,dinosaurs.csv
Ornithopsis,ornithopsis,Chordata,Reptilia,Saurischia,,dinosaurs.csv
Ornithopsis,ornithopsis,Chordata,Reptilia,Saurischia,,dinosaurs.csv
Saurornitholestes,saurornitholestes,Chordata,Reptilia,Saurischia,Dromaeosauridae,dinosaurs.csv
Daspletosaurus,daspletosaurus,Chordata,Reptilia,Saurischia,Tyrannosauridae,dinosaurs.csv
Melanorosaurus,melanorosaurus,Chordata,Reptilia,Saurischia,,dinosaurs.csv
Massospondylus,massospondylus,Chordata,Reptilia,Saurischia,Massospondylidae,dinosaurs.csv
Melanorosaurus,melanorosaurus,Chordata,Reptilia,Saurischia,,dinosaurs.csv
Melanorosaurus,melanorosaurus,Chordata,Reptilia,Saurischia,,dinosaurs.csv
Pyroraptor,pyroraptor,Chordata,Reptilia,Saurischia,Dromaeosauridae,dinosaurs.csv
Richardoestesia,richardoestesia,Chordata,Reptilia,Saurischia,Dromaeosauridae,dinosaurs.csv
Richardoestesia,richardoestesia,Chordata,Reptilia,Saurischia,Dromaeosauridae,dinosaurs.csv
Richardoestesia,richardoestesia,Chordata,Reptilia,Saurischia,Dromaeosauridae,dinosaurs.csv
Eucnemesaurus,eucnemesaurus,Chordata,Reptilia,Saurischia,Riojasauridae,dinosaurs.csv
Plateosauravus,plateosauravus,Chordata,Reptilia,Saurischia,Plateosauridae,dinosaurs.csv
Plateosauravus,plateosauravus,Chordata,Reptilia,Saurischia,Plateosauridae,dinosaurs.csv
Massospondylus,massospondylus,Chordata,Reptilia,Saurischia,Massospondylidae,dinosaurs.csv
Massospondylus,massospondylus,Chordata,Reptilia,Saurischia,Massospondylidae,dinosaurs.csv
Euhelopus,euhelopus,Chordata,Reptilia,Saurischia,,dinosaurs.csv
Opisthocoelicaudia,opisthocoelicaudia,Chordata,Reptilia,Saurischia,Saltasauridae,dinosaurs.csv
Tarbosaurus,tarbosaurus,Chordata,Reptilia,Saurischia,Tyrannosauridae,dinosaurs.csv
Tarbosaurus,tarbosaurus,Chordata,Reptilia,Saurischia,Tyrannosauridae,dinosaurs.csv
Tarbosaurus,tarbosaurus,Chordata,Reptilia,Saurischia,Tyrannosauridae,dinosaurs.csv
Tarbosaurus,tarbosaurus,Chordata,Reptilia,Saurischia,Tyrannosauridae,dinosaurs.csv
Gallimimus,gallimimus,Chordata,Reptilia,Saurischia,Ornithomimidae,dinosaurs.csv
Lirainosaurus,lirainosaurus,Chordata,Reptilia,Saurischia,,dinosaurs.csv
Lirainosaurus,lirainosaurus,Chordata,Reptilia,Saurischia,,dinosaurs.csv
Velociraptor,velociraptor,Chordata,Reptilia,Saurischia,Dromaeosauridae,dinosaurs.csv
Shuvuuia,shuvuuia,Chordata,Reptilia,Saurischia,,dinosaurs.csv
Byronosaurus,byronosaurus,Chordata,Reptilia,Saurischia,Troodontidae,dinosaurs.csv
Citipati,citipati,Chordata,Reptilia,Saurischia,Oviraptoridae,dinosaurs.csv
Khaan,khaan,Chordata,Reptilia,Saurischia,Oviraptoridae,dinosaurs.csv
Khaan,khaan,Chordata,Reptilia,Saurischia,Oviraptoridae,dinosaurs.csv
Richardoestesia,richardoestesia,Chordata,Reptilia,Saurischia,Dromaeosauridae,dinosaurs.csv
Saurornitholestes,saurornitholestes,Chordata,Reptilia,Saurischia,Dromaeosauridae,dinosaurs.csv
Tarbosaurus,tarbosaurus,Chordata,Reptilia,Saurischia,Tyrannosauridae,dinosaurs.csv
Dromaeosaurus,dromaeosaurus,Chordata,Reptilia,Saurischia,Dromaeosauridae,dinosaurs.csv
Saurornitholestes,saurornitholestes,Chordata,Reptilia,Saurischia,Dromaeosauridae,dinosaurs.csv
Troodon,troodon,Chordata,Reptilia,Saurischia,Troodontidae,dinosaurs.csv
Fukuiraptor,fukuiraptor,Chordata,Reptilia,Saurischia,Neovenatoridae,dinosaurs.csv
Bagaraatan,bagaraatan,Chordata,Reptilia,Saurischia,,dinosaurs.csv
Tarbosaurus,tarbosaurus,Chordata,Reptilia,Saurischia,Tyrannosauridae,dinosaurs.csv
Tarbosaurus,tarbosaurus,Chordata,Reptilia,Saurischia,Tyrannosauridae,dinosaurs.csv
Tarbosaurus,tarbosaurus,Chordata,Reptilia,Saurischia,Tyrannosauridae,dinosaurs.csv
Titanosaurus,titanosaurus,Chordata,Reptilia,Saurischia,,dinosaurs.csv
Tyrannosaurus,tyrannosaurus,Chordata,Reptilia,Saurischia,Tyrannosauridae,dinosaurs.csv
Dromaeosaurus,dromaeosaurus,Chordata,Reptilia,Saurischia,Dromaeosauridae,dinosaurs.csv
Tyrannotitan,tyrannotitan,Chordata,Reptilia,Saurischia,Carcharodontosauridae,dinosaurs.csv
Tyrannotitan,tyrannotitan,Chordata,Reptilia,Saurischia,Carcharodontosauridae,dinosaurs.csv
Chubutisaurus,chubutisaurus,Chordata,Reptilia,Saurischia,,dinosaurs.csv
Timimus,timimus,Chordata,Reptilia,Saurischia,,dinosaurs.csv
Tyrannosaurus,tyrannosaurus,Chordata,Reptilia,Saurischia,Tyrannosauridae,dinosaurs.csv
Yangchuanosaurus,yangchuanosaurus,Chordata,Reptilia,Saurischia,Metriacanthosauridae,dinosaurs.csv
Shunosaurus,shunosaurus,Chordata,Reptilia,Saurischia,,dinosaurs.csv
Gasosaurus,gasosaurus,Chordata,Reptilia,Saurischia,,dinosaurs.csv
Datousaurus,datousaurus,Chordata,Reptilia,Saurischia,,dinosaurs.csv
Megalosaurus,megalosaurus,Chordata,Reptilia,Saurischia,Megalosauridae,dinosaurs.csv
Richardoestesia,richardoestesia,Chordata,Reptilia,Saurischia,Dromaeosauridae,dinosaurs.csv
Allosaurus,allosaurus,Chordata,Reptilia,Saurischia,Allosauridae,dinosaurs.csv
Compsognathus,compsognathus,Chordata,Reptilia,Saurischia,Compsognathidae,dinosaurs.csv
Ceratosaurus,ceratosaurus,Chordata,Reptilia,Saurischia,,dinosaurs.csv
Richardoestesia,richardoestesia,Chordata,Reptilia,Saurischia,Dromaeosauridae,dinosaurs.csv
Aviatyrannis,aviatyrannis,Chordata,Reptilia,Saurischia,,dinosaurs.csv
Paronychodon,paronychodon,Chordata,Reptilia,Saurischia,Troodontidae,dinosaurs.csv
Deinocheirus,deinocheirus,Chordata,Reptilia,Saurischia,,dinosaurs.csv
Tarbosaurus,tarbosaurus,Chordata,Reptilia,Saurischia,Tyrannosauridae,dinosaurs.csv
Tarbosaurus,tarbosaurus,Chordata,Reptilia,Saurischia,Tyrannosauridae,dinosaurs.csv
Tarbosaurus,tarbosaurus,Chordata,Reptilia,Saurischia,Tyrannosauridae,dinosaurs.csv
Gallimimus,gallimimus,Chordata,Reptilia,Saurischia,Ornithomimidae,dinosaurs.csv
Gallimimus,gallimimus,Chordata,Reptilia,Saurischia,Ornithomimidae,dinosaurs.csv
Conchoraptor,conchoraptor,Chordata,Reptilia,Saurischia,Oviraptoridae,dinosaurs.csv
Borogovia,borogovia,Chordata,Reptilia,Saurischia,Troodontidae,dinosaurs.csv
Suuwassea,suuwassea,Chordata,Reptilia,Saurischia,Dicraeosauridae,dinosaurs.csv
Apatosaurus,apatosaurus,Chordata,Reptilia,Saurischia,Diplodocidae,dinosaurs.csv
Allosaurus,allosaurus,Chordata,Reptilia,Saurischia,Allosauridae,dinosaurs.csv
Diplodocus,diplodocus,Chordata,Reptilia,Saurischia,Diplodocidae,dinosaurs.csv
Apatosaurus,apatosaurus,Chordata,Reptilia,Saurischia,Diplodocidae,dinosaurs.csv
Apatosaurus,apatosaurus,Chordata,Reptilia,Saurischia,Diplodocidae,dinosaurs.csv
Allosaurus,allosaurus,Chordata,Reptilia,Saurischia,Allosauridae,dinosaurs.csv
Allosaurus,allosaurus,Chordata,Reptilia,Saurischia,Allosauridae,dinosaurs.csv
Dilophosauripus,dilophosauripus,Chordata,Reptilia,Saurischia,Grallatoridae,dinosaurs.csv
Malawisaurus,malawisaurus,Chordata,Reptilia,Saurischia,,dinosaurs.csv
Malawisaurus,malawisaurus,Chordata,Reptilia,Saurischia,,dinosaurs.csv
Epachthosaurus,epachthosaurus,Chordata,Reptilia,Saurischia,,dinosaurs.csv
Rapetosaurus,rapetosaurus,Chordata,Reptilia,Saurischia,,dinosaurs.csv
Rapetosaurus,rapetosaurus,Chordata,Reptilia,Saurischia,,dinosaurs.csv
Megalosaurus,megalosaurus,Chordata,Reptilia,Saurischia,Megalosauridae,dinosaurs.csv
Rhoetosaurus,rhoetosaurus,Chordata,Reptilia,Saurischia,,dinosaurs.csv
Coelurus,coelurus,Chordata,Reptilia,Saurischia,,dinosaurs.csv
Camarasaurus,camarasaurus,Chordata,Reptilia,Saurischia,,dinosaurs.csv
Allosaurus,allosaurus,Chordata,Reptilia,Saurischia,Allosauridae,dinosaurs.csv
Brachiosaurus,brachiosaurus,Chordata,Reptilia,Saurischia,Brachiosauridae,dinosaurs.csv
Ceratosaurus,ceratosaurus,Chordata,Reptilia,Saurischia,,dinosaurs.csv
Camarasaurus,camarasaurus,Chordata,Reptilia,Saurischia,,dinosaurs.csv
Haplocanthosaurus,haplocanthosaurus,Chordata,Reptilia,Saurischia,,dinosaurs.csv
Allosaurus,allosaurus,Chordata,Reptilia,Saurischia,Allosauridae,dinosaurs.csv
Brontosaurus,brontosaurus,Chordata,Reptilia,Saurischia,Diplodocidae,dinosaurs.csv
Coelurus,coelurus,Chordata,Reptilia,Saurischia,,dinosaurs.csv
Brachiosaurus,brachiosaurus,Chordata,Reptilia,Saurischia,Brachiosauridae,dinosaurs.csv
Diplodocus,diplodocus,Chordata,Reptilia,Saurischia,Diplodocidae,dinosaurs.csv
Camarasaurus,camarasaurus,Chordata,Reptilia,Saurischia,,dinosaurs.csv
Diplodocus,diplodocus,Chordata,Reptilia,Saurischia,Diplodocidae,dinosaurs.csv
Camarasaurus,camarasaurus,Chordata,Reptilia,Saurischia,,dinosaurs.csv
Allosaurus,allosaurus,Chordata,Reptilia,Saurischia,Allosauridae,dinosaurs.csv
Allosaurus,allosaurus,Chordata,Reptilia,Saurischia,Allosauridae,dinosaurs.csv
Apatosaurus,apatosaurus,Chordata,Reptilia,Saurischia,Diplodocidae,dinosaurs.csv
Allosaurus,allosaurus,Chordata,Reptilia,Saurischia,Allosauridae,dinosaurs.csv
Camarasaurus,camarasaurus,Chordata,Reptilia,Saurischia,,dinosaurs.csv
Apatosaurus,apatosaurus,Chordata,Reptilia,Saurischia,Diplodocidae,dinosaurs.csv
Camarasaurus,camarasaurus,Chordata,Reptilia,Saurischia,,dinosaurs.csv
Barosaurus,barosaurus,Chordata,Reptilia,Saurischia,Diplodocidae,dinosaurs.csv
Allosaurus,allosaurus,Chordata,Reptilia,Saurischia,Allosauridae,dinosaurs.csv
Diplodocus,diplodocus,Chordata,Reptilia,Saurischia,Diplodocidae,dinosaurs.csv
Diplodocus,diplodocus,Chordata,Reptilia,Saurischia,Diplodocidae,dinosaurs.csv
Camarasaurus,camarasaurus,Chordata,Reptilia,Saurischia,,dinosaurs.csv
Allosaurus,allosaurus,Chordata,Reptilia,Saurischia,Allosauridae,dinosaurs.csv
Coelurus,coelurus,Chordata,Reptilia,Saurischia,,dinosaurs.csv
Camarasaurus,camarasaurus,Chordata,Reptilia,Saurischia,,dinosaurs.csv
Coelurus,coelurus,Chordata,Reptilia,Saurischia,,dinosaurs.csv
Allosaurus,allosaurus,Chordata,Reptilia,Saurischia,Allosauridae,dinosaurs.csv
Brontosaurus,brontosaurus,Chordata,Reptilia,Saurischia,Diplodocidae,dinosaurs.csv
Brontosaurus,brontosaurus,Chordata,Reptilia,Saurischia,Diplodocidae,dinosaurs.csv
Camarasaurus,camarasaurus,Chordata,Reptilia,Saurischia,,dinosaurs.csv
Allosaurus,allosaurus,Chordata,Reptilia,Saurischia,Allosauridae,dinosaurs.csv
Coelurus,coelurus,Chordata,Reptilia,Saurischia,,dinosaurs.csv
Diplodocus,diplodocus,Chordata,Reptilia,Saurischia,Diplodocidae,dinosaurs.csv
Allosaurus,allosaurus,Chordata,Reptilia,Saurischia,Allosauridae,dinosaurs.csv
Allosaurus,allosaurus,Chordata,Reptilia,Saurischia,Allosauridae,dinosaurs.csv
Allosaurus,allosaurus,Chordata,Reptilia,Saurischia,Allosauridae,dinosaurs.csv
Allosaurus,allosaurus,Chordata,Reptilia,Saurischia,Allosauridae,dinosaurs.csv
Allosaurus,allosaurus,Chordata,Reptilia,Saurischia,Allosauridae,dinosaurs.csv
Apatosaurus,apatosaurus,Chordata,Reptilia,Saurischia,Diplodocidae,dinosaurs.csv
Diplodocus,diplodocus,Chordata,Reptilia,Saurischia,Diplodocidae,dinosaurs.csv
Allosaurus,allosaurus,Chordata,Reptilia,Saurischia,Allosauridae,dinosaurs.csv
Apatosaurus,apatosaurus,Chordata,Reptilia,Saurischia,Diplodocidae,dinosaurs.csv
Camarasaurus,camarasaurus,Chordata,Reptilia,Saurischia,,dinosaurs.csv
Allosaurus,allosaurus,Chordata,Reptilia,Saurischia,Allosauridae,dinosaurs.csv
Ceratosaurus,ceratosaurus,Chordata,Reptilia,Saurischia,,dinosaurs.csv
Losillasaurus,losillasaurus,Chordata,Reptilia,Saurischia,,dinosaurs.csv
Antetonitrus,antetonitrus,Chordata,Reptilia,Saurischia,,dinosaurs.csv
Saltasaurus,saltasaurus,Chordata,Reptilia,Saurischia,Saltasauridae,dinosaurs.csv
Noasaurus,noasaurus,Chordata,Reptilia,Saurischia,Noasauridae,dinosaurs.csv
Saurornithoides,saurornithoides,Chordata,Reptilia,Saurischia,Troodontidae,dinosaurs.csv
Tangvayosaurus,tangvayosaurus,Chordata,Reptilia,Saurischia,,dinosaurs.csv
Tangvayosaurus,tangvayosaurus,Chordata,Reptilia,Saurischia,,dinosaurs.csv
Hadrosaurichnus,hadrosaurichnus,Chordata,Reptilia,Saurischia,,dinosaurs.csv
Salfitichnus,salfitichnus,Chordata,Reptilia,Saurischia,,dinosaurs.csv
Tyrannosaurus,tyrannosaurus,Chordata,Reptilia,Saurischia,Tyrannosauridae,dinosaurs.csv
Saurornitholestes,saurornitholestes,Chordata,Reptilia,Saurischia,Dromaeosauridae,dinosaurs.csv
Paronychodon,paronychodon,Chordata,Reptilia,Saurischia,Troodontidae,dinosaurs.csv
Richardoestesia,richardoestesia,Chordata,Reptilia,Saurischia,Dromaeosauridae,dinosaurs.csv
Troodon,troodon,Chordata,Reptilia,Saurischia,Troodontidae,dinosaurs.csv
Tyrannosaurus,tyrannosaurus,Chordata,Reptilia,Saurischia,Tyrannosauridae,dinosaurs.csv
Saurornitholestes,saurornitholestes,Chordata,Reptilia,Saurischia,Dromaeosauridae,dinosaurs.csv
Paronychodon,paronychodon,Chordata,Reptilia,Saurischia,Troodontidae,dinosaurs.csv
Richardoestesia,richardoestesia,Chordata,Reptilia,Saurischia,Dromaeosauridae,dinosaurs.csv
Troodon,troodon,Chordata,Reptilia,Saurischia,Troodontidae,dinosaurs.csv
Tyrannosaurus,tyrannosaurus,Chordata,Reptilia,Saurischia,Tyrannosauridae,dinosaurs.csv
Saurornitholestes,saurornitholestes,Chordata,Reptilia,Saurischia,Dromaeosauridae,dinosaurs.csv
Paronychodon,paronychodon,Chordata,Reptilia,Saurischia,Troodontidae,dinosaurs.csv
Richardoestesia,richardoestesia,Chordata,Reptilia,Saurischia,Dromaeosauridae,dinosaurs.csv
Tyrannosaurus,tyrannosaurus,Chordata,Reptilia,Saurischia,Tyrannosauridae,dinosaurs.csv
Saurornitholestes,saurornitholestes,Chordata,Reptilia,Saurischia,Dromaeosauridae,dinosaurs.csv
Paronychodon,paronychodon,Chordata,Reptilia,Saurischia,Troodontidae,dinosaurs.csv
Richardoestesia,richardoestesia,Chordata,Reptilia,Saurischia,Dromaeosauridae,dinosaurs.csv
Tyrannosaurus,tyrannosaurus,Chordata,Reptilia,Saurischia,Tyrannosauridae,dinosaurs.csv
Paronychodon,paronychodon,Chordata,Reptilia,Saurischia,Troodontidae,dinosaurs.csv
Richardoestesia,richardoestesia,Chordata,Reptilia,Saurischia,Dromaeosauridae,dinosaurs.csv
Richardoestesia,richardoestesia,Chordata,Reptilia,Saurischia,Dromaeosauridae,dinosaurs.csv
Tyrannosaurus,tyrannosaurus,Chordata,Reptilia,Saurischia,Tyrannosauridae,dinosaurs.csv
Saurornitholestes,saurornitholestes,Chordata,Reptilia,Saurischia,Dromaeosauridae,dinosaurs.csv
Paronychodon,paronychodon,Chordata,Reptilia,Saurischia,Troodontidae,dinosaurs.csv
Richardoestesia,richardoestesia,Chordata,Reptilia,Saurischia,Dromaeosauridae,dinosaurs.csv
Tyrannosaurus,tyrannosaurus,Chordata,Reptilia,Saurischia,Tyrannosauridae,dinosaurs.csv
Richardoestesia,richardoestesia,Chordata,Reptilia,Saurischia,Dromaeosauridae,dinosaurs.csv
Richardoestesia,richardoestesia,Chordata,Reptilia,Saurischia,Dromaeosauridae,dinosaurs.csv
Tyrannosaurus,tyrannosaurus,Chordata,Reptilia,Saurischia,Tyrannosauridae,dinosaurs.csv
Richardoestesia,richardoestesia,Chordata,Reptilia,Saurischia,Dromaeosauridae,dinosaurs.csv
Tyrannosaurus,tyrannosaurus,Chordata,Reptilia,Saurischia,Tyrannosauridae,dinosaurs.csv
Saurornitholestes,saurornitholestes,Chordata,Reptilia,Saurischia,Dromaeosauridae,dinosaurs.csv
Paronychodon,paronychodon,Chordata,Reptilia,Saurischia,Troodontidae,dinosaurs.csv
Richardoestesia,richardoestesia,Chordata,Reptilia,Saurischia,Dromaeosauridae,dinosaurs.csv
Richardoestesia,richardoestesia,Chordata,Reptilia,Saurischia,Dromaeosauridae,dinosaurs.csv
Richardoestesia,richardoestesia,Chordata,Reptilia,Saurischia,Dromaeosauridae,dinosaurs.csv
Tyrannosaurus,tyrannosaurus,Chordata,Reptilia,Saurischia,Tyrannosauridae,dinosaurs.csv
Tyrannosaurus,tyrannosaurus,Chordata,Reptilia,Saurischia,Tyrannosauridae,dinosaurs.csv
Saurornitholestes,saurornitholestes,Chordata,Reptilia,Saurischia,Dromaeosauridae,dinosaurs.csv
Paronychodon,paronychodon,Chordata,Reptilia,Saurischia,Troodontidae,dinosaurs.csv
Richardoestesia,richardoestesia,Chordata,Reptilia,Saurischia,Dromaeosauridae,dinosaurs.csv
Richardoestesia,richardoestesia,Chordata,Reptilia,Saurischia,Dromaeosauridae,dinosaurs.csv
Tyrannosaurus,tyrannosaurus,Chordata,Reptilia,Saurischia,Tyrannosauridae,dinosaurs.csv
Paronychodon,paronychodon,Chordata,Reptilia,Saurischia,Troodontidae,dinosaurs.csv
Tyrannosaurus,tyrannosaurus,Chordata,Reptilia,Saurischia,Tyrannosauridae,dinosaurs.csv
Tyrannosaurus,tyrannosaurus,Chordata,Reptilia,Saurischia,Tyrannosauridae,dinosaurs.csv
Richardoestesia,richardoestesia,Chordata,Reptilia,Saurischia,Dromaeosauridae,dinosaurs.csv
Tyrannosaurus,tyrannosaurus,Chordata,Reptilia,Saurischia,Tyrannosauridae,dinosaurs.csv
Paronychodon,paronychodon,Chordata,Reptilia,Saurischia,Troodontidae,dinosaurs.csv
Tyrannosaurus,tyrannosaurus,Chordata,Reptilia,Saurischia,Tyrannosauridae,dinosaurs.csv
Paronychodon,paronychodon,Chordata,Reptilia,Saurischia,Troodontidae,dinosaurs.csv
Saurornitholestes,saurornitholestes,Chordata,Reptilia,Saurischia,Dromaeosauridae,dinosaurs.csv
Tyrannosaurus,tyrannosaurus,Chordata,Reptilia,Saurischia,Tyrannosauridae,dinosaurs.csv
Sinornithoides,sinornithoides,Chordata,Reptilia,Saurischia,Troodontidae,dinosaurs.csv
Nanshiungosaurus,nanshiungosaurus,Chordata,Reptilia,Saurischia,Therizinosauridae,dinosaurs.csv
Hudiesaurus,hudiesaurus,Chordata,Reptilia,Saurischia,,dinosaurs.csv
Sinraptor,sinraptor,Chordata,Reptilia,Saurischia,Neovenatoridae,dinosaurs.csv
Baryonyx,baryonyx,Chordata,Reptilia,Saurischia,Spinosauridae,dinosaurs.csv
Baryonyx,baryonyx,Chordata,Reptilia,Saurischia,Spinosauridae,dinosaurs.csv
Baryonyx,baryonyx,Chordata,Reptilia,Saurischia,Spinosauridae,dinosaurs.csv
Saurornitholestes,saurornitholestes,Chordata,Reptilia,Saurischia,Dromaeosauridae,dinosaurs.csv
Saurornitholestes,saurornitholestes,Chordata,Reptilia,Saurischia,Dromaeosauridae,dinosaurs.csv
Troodon,troodon,Chordata,Reptilia,Saurischia,Troodontidae,dinosaurs.csv
Saurornitholestes,saurornitholestes,Chordata,Reptilia,Saurischia,Dromaeosauridae,dinosaurs.csv
Saurornitholestes,saurornitholestes,Chordata,Reptilia,Saurischia,Dromaeosauridae,dinosaurs.csv
Saurornitholestes,saurornitholestes,Chordata,Reptilia,Saurischia,Dromaeosauridae,dinosaurs.csv
Saurornitholestes,saurornitholestes,Chordata,Reptilia,Saurischia,Dromaeosauridae,dinosaurs.csv
Troodon,troodon,Chordata,Reptilia,Saurischia,Troodontidae,dinosaurs.csv
Richardoestesia,richardoestesia,Chordata,Reptilia,Saurischia,Dromaeosauridae,dinosaurs.csv
Tyrannosaurus,tyrannosaurus,Chordata,Reptilia,Saurischia,Tyrannosauridae,dinosaurs.csv
Paronychodon,paronychodon,Chordata,Reptilia,Saurischia,Troodontidae,dinosaurs.csv
Tyrannosaurus,tyrannosaurus,Chordata,Reptilia,Saurischia,Tyrannosauridae,dinosaurs.csv
Byronosaurus,byronosaurus,Chordata,Reptilia,Saurischia,Troodontidae,dinosaurs.csv
Titanosaurus,titanosaurus,Chordata,Reptilia,Saurischia,,dinosaurs.csv
Unquillosaurus,unquillosaurus,Chordata,Reptilia,Saurischia,Carcharodontosauridae,dinosaurs.csv
Tyrannosaurus,tyrannosaurus,Chordata,Reptilia,Saurischia,Tyrannosauridae,dinosaurs.csv
Tyrannosaurus,tyrannosaurus,Chordata,Reptilia,Saurischia,Tyrannosauridae,dinosaurs.csv
Tyrannosaurus,tyrannosaurus,Chordata,Reptilia,Saurischia,Tyrannosauridae,dinosaurs.csv
Richardoestesia,richardoestesia,Chordata,Reptilia,Saurischia,Dromaeosauridae,dinosaurs.csv
Tyrannosaurus,tyrannosaurus,Chordata,Reptilia,Saurischia,Tyrannosauridae,dinosaurs.csv
Paronychodon,paronychodon,Chordata,Reptilia,Saurischia,Troodontidae,dinosaurs.csv
Richardoestesia,richardoestesia,Chordata,Reptilia,Saurischia,Dromaeosauridae,dinosaurs.csv
Bonitasaura,bonitasaura,Chordata,Reptilia,Saurischia,,dinosaurs.csv
Huabeisaurus,huabeisaurus,Chordata,Reptilia,Saurischia,,dinosaurs.csv
Andesaurus,andesaurus,Chordata,Reptilia,Saurischia,,dinosaurs.csv
Paronychodon,paronychodon,Chordata,Reptilia,Saurischia,Troodontidae,dinosaurs.csv
Titanosaurus,titanosaurus,Chordata,Reptilia,Saurischia,,dinosaurs.csv
Unaysaurus,unaysaurus,Chordata,Reptilia,Saurischia,Plateosauridae,dinosaurs.csv
Dracovenator,dracovenator,Chordata,Reptilia,Saurischia,,dinosaurs.csv
Coelophysis,coelophysis,Chordata,Reptilia,Saurischia,,dinosaurs.csv
Massospondylus,massospondylus,Chordata,Reptilia,Saurischia,Massospondylidae,dinosaurs.csv
Massospondylus,massospondylus,Chordata,Reptilia,Saurischia,Massospondylidae,dinosaurs.csv
Massospondylus,massospondylus,Chordata,Reptilia,Saurischia,Massospondylidae,dinosaurs.csv
Massospondylus,massospondylus,Chordata,Reptilia,Saurischia,Massospondylidae,dinosaurs.csv
Massospondylus,massospondylus,Chordata,Reptilia,Saurischia,Massospondylidae,dinosaurs.csv
Massospondylus,massospondylus,Chordata,Reptilia,Saurischia,Massospondylidae,dinosaurs.csv
Massospondylus,massospondylus,Chordata,Reptilia,Saurischia,Massospondylidae,dinosaurs.csv
Massospondylus,massospondylus,Chordata,Reptilia,Saurischia,Massospondylidae,dinosaurs.csv
Saurornitholestes,saurornitholestes,Chordata,Reptilia,Saurischia,Dromaeosauridae,dinosaurs.csv
Paronychodon,paronychodon,Chordata,Reptilia,Saurischia,Troodontidae,dinosaurs.csv
Saurornitholestes,saurornitholestes,Chordata,Reptilia,Saurischia,Dromaeosauridae,dinosaurs.csv
Richardoestesia,richardoestesia,Chordata,Reptilia,Saurischia,Dromaeosauridae,dinosaurs.csv
Paronychodon,paronychodon,Chordata,Reptilia,Saurischia,Troodontidae,dinosaurs.csv
Saurornitholestes,saurornitholestes,Chordata,Reptilia,Saurischia,Dromaeosauridae,dinosaurs.csv
Richardoestesia,richardoestesia,Chordata,Reptilia,Saurischia,Dromaeosauridae,dinosaurs.csv
Saurornitholestes,saurornitholestes,Chordata,Reptilia,Saurischia,Dromaeosauridae,dinosaurs.csv
Richardoestesia,richardoestesia,Chordata,Reptilia,Saurischia,Dromaeosauridae,dinosaurs.csv
Saurornitholestes,saurornitholestes,Chordata,Reptilia,Saurischia,Dromaeosauridae,dinosaurs.csv
Paronychodon,paronychodon,Chordata,Reptilia,Saurischia,Troodontidae,dinosaurs.csv
Saurornitholestes,saurornitholestes,Chordata,Reptilia,Saurischia,Dromaeosauridae,dinosaurs.csv
Saurornitholestes,saurornitholestes,Chordata,Reptilia,Saurischia,Dromaeosauridae,dinosaurs.csv
Paronychodon,paronychodon,Chordata,Reptilia,Saurischia,Troodontidae,dinosaurs.csv
Saurornitholestes,saurornitholestes,Chordata,Reptilia,Saurischia,Dromaeosauridae,dinosaurs.csv
Troodon,troodon,Chordata,Reptilia,Saurischia,Troodontidae,dinosaurs.csv
Richardoestesia,richardoestesia,Chordata,Reptilia,Saurischia,Dromaeosauridae,dinosaurs.csv
Paronychodon,paronychodon,Chordata,Reptilia,Saurischia,Troodontidae,dinosaurs.csv
Dromaeosaurus,dromaeosaurus,Chordata,Reptilia,Saurischia,Dromaeosauridae,dinosaurs.csv
Saurornitholestes,saurornitholestes,Chordata,Reptilia,Saurischia,Dromaeosauridae,dinosaurs.csv
Richardoestesia,richardoestesia,Chordata,Reptilia,Saurischia,Dromaeosauridae,dinosaurs.csv
Paronychodon,paronychodon,Chordata,Reptilia,Saurischia,Troodontidae,dinosaurs.csv
Ornithomimus,ornithomimus,Chordata,Reptilia,Saurischia,Ornithomimidae,dinosaurs.csv
Chirostenotes,chirostenotes,Chordata,Reptilia,Saurischia,Caenagnathidae,dinosaurs.csv
Richardoestesia,richardoestesia,Chordata,Reptilia,Saurischia,Dromaeosauridae,dinosaurs.csv
Alamosaurus,alamosaurus,Chordata,Reptilia,Saurischia,Saltasauridae,dinosaurs.csv
Alamosaurus,alamosaurus,Chordata,Reptilia,Saurischia,Saltasauridae,dinosaurs.csv
Alamosaurus,alamosaurus,Chordata,Reptilia,Saurischia,Saltasauridae,dinosaurs.csv
Ornithomimus,ornithomimus,Chordata,Reptilia,Saurischia,Ornithomimidae,dinosaurs.csv
Ornithomimipus,ornithomimipus,Chordata,Reptilia,Saurischia,Ornithomimipodidae,dinosaurs.csv
Troodon,troodon,Chordata,Reptilia,Saurischia,Troodontidae,dinosaurs.csv
Chirostenotes,chirostenotes,Chordata,Reptilia,Saurischia,Caenagnathidae,dinosaurs.csv
Saurornitholestes,saurornitholestes,Chordata,Reptilia,Saurischia,Dromaeosauridae,dinosaurs.csv
Paronychodon,paronychodon,Chordata,Reptilia,Saurischia,Troodontidae,dinosaurs.csv
Saurornitholestes,saurornitholestes,Chordata,Reptilia,Saurischia,Dromaeosauridae,dinosaurs.csv
Paronychodon,paronychodon,Chordata,Reptilia,Saurischia,Troodontidae,dinosaurs.csv
Saurornitholestes,saurornitholestes,Chordata,Reptilia,Saurischia,Dromaeosauridae,dinosaurs.csv
Troodon,troodon,Chordata,Reptilia,Saurischia,Troodontidae,dinosaurs.csv
Richardoestesia,richardoestesia,Chordata,Reptilia,Saurischia,Dromaeosauridae,dinosaurs.csv
Paronychodon,paronychodon,Chordata,Reptilia,Saurischia,Troodontidae,dinosaurs.csv
Saurornitholestes,saurornitholestes,Chordata,Reptilia,Saurischia,Dromaeosauridae,dinosaurs.csv
Paronychodon,paronychodon,Chordata,Reptilia,Saurischia,Troodontidae,dinosaurs.csv
Paronychodon,paronychodon,Chordata,Reptilia,Saurischia,Troodontidae,dinosaurs.csv
Dromaeosaurus,dromaeosaurus,Chordata,Reptilia,Saurischia,Dromaeosauridae,dinosaurs.csv
Paronychodon,paronychodon,Chordata,Reptilia,Saurischia,Troodontidae,dinosaurs.csv
Pectinodon,pectinodon,Chordata,Reptilia,Saurischia,Troodontidae,dinosaurs.csv
Paronychodon,paronychodon,Chordata,Reptilia,Saurischia,Troodontidae,dinosaurs.csv
Zapsalis,zapsalis,Chordata,Reptilia,Saurischia,Dromaeosauridae,dinosaurs.csv
Pectinodon,pectinodon,Chordata,Reptilia,Saurischia,Troodontidae,dinosaurs.csv
Tyrannosaurus,tyrannosaurus,Chordata,Reptilia,Saurischia,Tyrannosauridae,dinosaurs.csv
Proceratosaurus,proceratosaurus,Chordata,Reptilia,Saurischia,Proceratosauridae,dinosaurs.csv
Saurornitholestes,saurornitholestes,Chordata,Reptilia,Saurischia,Dromaeosauridae,dinosaurs.csv
Troodon,troodon,Chordata,Reptilia,Saurischia,Troodontidae,dinosaurs.csv
Richardoestesia,richardoestesia,Chordata,Reptilia,Saurischia,Dromaeosauridae,dinosaurs.csv
Paronychodon,paronychodon,Chordata,Reptilia,Saurischia,Troodontidae,dinosaurs.csv
Saurornitholestes,saurornitholestes,Chordata,Reptilia,Saurischia,Dromaeosauridae,dinosaurs.csv
Troodon,troodon,Chordata,Reptilia,Saurischia,Troodontidae,dinosaurs.csv
Dromaeosaurus,dromaeosaurus,Chordata,Reptilia,Saurischia,Dromaeosauridae,dinosaurs.csv
Saurornitholestes,saurornitholestes,Chordata,Reptilia,Saurischia,Dromaeosauridae,dinosaurs.csv
Richardoestesia,richardoestesia,Chordata,Reptilia,Saurischia,Dromaeosauridae,dinosaurs.csv
Paronychodon,paronychodon,Chordata,Reptilia,Saurischia,Troodontidae,dinosaurs.csv
Saurornitholestes,saurornitholestes,Chordata,Reptilia,Saurischia,Dromaeosauridae,dinosaurs.csv
Troodon,troodon,Chordata,Reptilia,Saurischia,Troodontidae,dinosaurs.csv
Richardoestesia,richardoestesia,Chordata,Reptilia,Saurischia,Dromaeosauridae,dinosaurs.csv
Dromaeosaurus,dromaeosaurus,Chordata,Reptilia,Saurischia,Dromaeosauridae,dinosaurs.csv
Saurornitholestes,saurornitholestes,Chordata,Reptilia,Saurischia,Dromaeosauridae,dinosaurs.csv
Troodon,troodon,Chordata,Reptilia,Saurischia,Troodontidae,dinosaurs.csv
Richardoestesia,richardoestesia,Chordata,Reptilia,Saurischia,Dromaeosauridae,dinosaurs.csv
Saurornitholestes,saurornitholestes,Chordata,Reptilia,Saurischia,Dromaeosauridae,dinosaurs.csv
Paronychodon,paronychodon,Chordata,Reptilia,Saurischia,Troodontidae,dinosaurs.csv
Atlasaurus,atlasaurus,Chordata,Reptilia,Saurischia,,dinosaurs.csv
Rebbachisaurus,rebbachisaurus,Chordata,Reptilia,Saurischia,Rebbachisauridae,dinosaurs.csv
Cetiosaurus,cetiosaurus,Chordata,Reptilia,Saurischia,,dinosaurs.csv
Cetiosaurus,cetiosaurus,Chordata,Reptilia,Saurischia,,dinosaurs.csv
Cetiosaurus,cetiosaurus,Chordata,Reptilia,Saurischia,,dinosaurs.csv
Cetiosaurus,cetiosaurus,Chordata,Reptilia,Saurischia,,dinosaurs.csv
Cetiosaurus,cetiosaurus,Chordata,Reptilia,Saurischia,,dinosaurs.csv
Cetiosaurus,cetiosaurus,Chordata,Reptilia,Saurischia,,dinosaurs.csv
Diplodocus,diplodocus,Chordata,Reptilia,Saurischia,Diplodocidae,dinosaurs.csv
Supersaurus,supersaurus,Chordata,Reptilia,Saurischia,Diplodocidae,dinosaurs.csv
Torvosaurus,torvosaurus,Chordata,Reptilia,Saurischia,Megalosauridae,dinosaurs.csv
Genyodectes,genyodectes,Chordata,Reptilia,Saurischia,,dinosaurs.csv
Comahuesaurus,comahuesaurus,Chordata,Reptilia,Saurischia,Rebbachisauridae,dinosaurs.csv
Ornithomimus,ornithomimus,Chordata,Reptilia,Saurischia,Ornithomimidae,dinosaurs.csv
Sarahsaurus,sarahsaurus,Chordata,Reptilia,Saurischia,,dinosaurs.csv
Ornithomimus,ornithomimus,Chordata,Reptilia,Saurischia,Ornithomimidae,dinosaurs.csv
Ornithomimus,ornithomimus,Chordata,Reptilia,Saurischia,Ornithomimidae,dinosaurs.csv
Richardoestesia,richardoestesia,Chordata,Reptilia,Saurischia,Dromaeosauridae,dinosaurs.csv
Barosaurus,barosaurus,Chordata,Reptilia,Saurischia,Diplodocidae,dinosaurs.csv
Camarasaurus,camarasaurus,Chordata,Reptilia,Saurischia,,dinosaurs.csv
Allosaurus,allosaurus,Chordata,Reptilia,Saurischia,Allosauridae,dinosaurs.csv
Diplodocus,diplodocus,Chordata,Reptilia,Saurischia,Diplodocidae,dinosaurs.csv
Brachiosaurus,brachiosaurus,Chordata,Reptilia,Saurischia,Brachiosauridae,dinosaurs.csv
Allosaurus,allosaurus,Chordata,Reptilia,Saurischia,Allosauridae,dinosaurs.csv
Apatosaurus,apatosaurus,Chordata,Reptilia,Saurischia,Diplodocidae,dinosaurs.csv
Camarasaurus,camarasaurus,Chordata,Reptilia,Saurischia,,dinosaurs.csv
Kaatedocus,kaatedocus,Chordata,Reptilia,Saurischia,Diplodocidae,dinosaurs.csv
Allosaurus,allosaurus,Chordata,Reptilia,Saurischia,Allosauridae,dinosaurs.csv
Allosaurus,allosaurus,Chordata,Reptilia,Saurischia,Allosauridae,dinosaurs.csv
Diplodocus,diplodocus,Chordata,Reptilia,Saurischia,Diplodocidae,dinosaurs.csv
Condorraptor,condorraptor,Chordata,Reptilia,Saurischia,Piatnitzkysauridae,dinosaurs.csv
Patagosaurus,patagosaurus,Chordata,Reptilia,Saurischia,,dinosaurs.csv
Deinonychus,deinonychus,Chordata,Reptilia,Saurischia,Dromaeosauridae,dinosaurs.csv
Acrocanthosaurus,acrocanthosaurus,Chordata,Reptilia,Saurischia,Carcharodontosauridae,dinosaurs.csv
Troodon,troodon,Chordata,Reptilia,Saurischia,Troodontidae,dinosaurs.csv
Paronychodon,paronychodon,Chordata,Reptilia,Saurischia,Troodontidae,dinosaurs.csv
Neovenator,neovenator,Chordata,Reptilia,Saurischia,Neovenatoridae,dinosaurs.csv
Monolophosaurus,monolophosaurus,Chordata,Reptilia,Saurischia,,dinosaurs.csv
Alxasaurus,alxasaurus,Chordata,Reptilia,Saurischia,,dinosaurs.csv
Jingshanosaurus,jingshanosaurus,Chordata,Reptilia,Saurischia,,dinosaurs.csv
Sinornithoides,sinornithoides,Chordata,Reptilia,Saurischia,Troodontidae,dinosaurs.csv
Troodon,troodon,Chordata,Reptilia,Saurischia,Troodontidae,dinosaurs.csv
Leptorhynchos,leptorhynchos,Chordata,Reptilia,Saurischia,Caenagnathidae,dinosaurs.csv
Caenagnathus,caenagnathus,Chordata,Reptilia,Saurischia,Caenagnathidae,dinosaurs.csv
Chirostenotes,chirostenotes,Chordata,Reptilia,Saurischia,Caenagnathidae,dinosaurs.csv
Leptorhynchos,leptorhynchos,Chordata,Reptilia,Saurischia,Caenagnathidae,dinosaurs.csv
Leptorhynchos,leptorhynchos,Chordata,Reptilia,Saurischia,Caenagnathidae,dinosaurs.csv
Caenagnathus,caenagnathus,Chordata,Reptilia,Saurischia,Caenagnathidae,dinosaurs.csv
Caenagnathasia,caenagnathasia,Chordata,Reptilia,Saurischia,Caenagnathidae,dinosaurs.csv
Saurornithoides,saurornithoides,Chordata,Reptilia,Saurischia,Troodontidae,dinosaurs.csv
Alamosaurus,alamosaurus,Chordata,Reptilia,Saurischia,Saltasauridae,dinosaurs.csv
Alamosaurus,alamosaurus,Chordata,Reptilia,Saurischia,Saltasauridae,dinosaurs.csv
Struthiomimus,struthiomimus,Chordata,Reptilia,Saurischia,,dinosaurs.csv
Struthiomimus,struthiomimus,Chordata,Reptilia,Saurischia,,dinosaurs.csv
Alamosaurus,alamosaurus,Chordata,Reptilia,Saurischia,Saltasauridae,dinosaurs.csv
Ornithomimus,ornithomimus,Chordata,Reptilia,Saurischia,Ornithomimidae,dinosaurs.csv
Struthiomimus,struthiomimus,Chordata,Reptilia,Saurischia,,dinosaurs.csv
Massospondylus,massospondylus,Chordata,Reptilia,Saurischia,Massospondylidae,dinosaurs.csv
Massospondylus,massospondylus,Chordata,Reptilia,Saurischia,Massospondylidae,dinosaurs.csv
Herrerasaurus,herrerasaurus,Chordata,Reptilia,Saurischia,Herrerasauridae,dinosaurs.csv
Camarasaurus,camarasaurus,Chordata,Reptilia,Saurischia,,dinosaurs.csv
Diplodocus,diplodocus,Chordata,Reptilia,Saurischia,Diplodocidae,dinosaurs.csv
Euhelopus,euhelopus,Chordata,Reptilia,Saurischia,,dinosaurs.csv
Omeisaurus,omeisaurus,Chordata,Reptilia,Saurischia,,dinosaurs.csv
Omeisaurus,omeisaurus,Chordata,Reptilia,Saurischia,,dinosaurs.csv
Omeisaurus,omeisaurus,Chordata,Reptilia,Saurischia,,dinosaurs.csv
Omeisaurus,omeisaurus,Chordata,Reptilia,Saurischia,,dinosaurs.csv
Lufengosaurus,lufengosaurus,Chordata,Reptilia,Saurischia,Massospondylidae,dinosaurs.csv
Giraffatitan,giraffatitan,Chordata,Reptilia,Saurischia,Brachiosauridae,dinosaurs.csv
Mamenchisaurus,mamenchisaurus,Chordata,Reptilia,Saurischia,Mamenchisauridae,dinosaurs.csv
Cryolophosaurus,cryolophosaurus,Chordata,Reptilia,Saurischia,,dinosaurs.csv
Glacialisaurus,glacialisaurus,Chordata,Reptilia,Saurischia,Massospondylidae,dinosaurs.csv
Paralititan,paralititan,Chordata,Reptilia,Saurischia,,dinosaurs.csv
Carcharodontosaurus,carcharodontosaurus,Chordata,Reptilia,Saurischia,Carcharodontosauridae,dinosaurs.csv
Giraffatitan,giraffatitan,Chordata,Reptilia,Saurischia,Brachiosauridae,dinosaurs.csv
Dicraeosaurus,dicraeosaurus,Chordata,Reptilia,Saurischia,Dicraeosauridae,dinosaurs.csv
Janenschia,janenschia,Chordata,Reptilia,Saurischia,,dinosaurs.csv
Tornieria,tornieria,Chordata,Reptilia,Saurischia,Diplodocidae,dinosaurs.csv
Dicraeosaurus,dicraeosaurus,Chordata,Reptilia,Saurischia,Dicraeosauridae,dinosaurs.csv
Giraffatitan,giraffatitan,Chordata,Reptilia,Saurischia,Brachiosauridae,dinosaurs.csv
Giraffatitan,giraffatitan,Chordata,Reptilia,Saurischia,Brachiosauridae,dinosaurs.csv
Giraffatitan,giraffatitan,Chordata,Reptilia,Saurischia,Brachiosauridae,dinosaurs.csv
Janenschia,janenschia,Chordata,Reptilia,Saurischia,,dinosaurs.csv
Giraffatitan,giraffatitan,Chordata,Reptilia,Saurischia,Brachiosauridae,dinosaurs.csv
Giraffatitan,giraffatitan,Chordata,Reptilia,Saurischia,Brachiosauridae,dinosaurs.csv
Dicraeosaurus,dicraeosaurus,Chordata,Reptilia,Saurischia,Dicraeosauridae,dinosaurs.csv
Elaphrosaurus,elaphrosaurus,Chordata,Reptilia,Saurischia,,dinosaurs.csv
Ceratosaurus,ceratosaurus,Chordata,Reptilia,Saurischia,,dinosaurs.csv
Elaphrosaurus,elaphrosaurus,Chordata,Reptilia,Saurischia,,dinosaurs.csv
Dicraeosaurus,dicraeosaurus,Chordata,Reptilia,Saurischia,Dicraeosauridae,dinosaurs.csv
Giraffatitan,giraffatitan,Chordata,Reptilia,Saurischia,Brachiosauridae,dinosaurs.csv
Janenschia,janenschia,Chordata,Reptilia,Saurischia,,dinosaurs.csv
Giraffatitan,giraffatitan,Chordata,Reptilia,Saurischia,Brachiosauridae,dinosaurs.csv
Giraffatitan,giraffatitan,Chordata,Reptilia,Saurischia,Brachiosauridae,dinosaurs.csv
Janenschia,janenschia,Chordata,Reptilia,Saurischia,,dinosaurs.csv
Giraffatitan,giraffatitan,Chordata,Reptilia,Saurischia,Brachiosauridae,dinosaurs.csv
Giraffatitan,giraffatitan,Chordata,Reptilia,Saurischia,Brachiosauridae,dinosaurs.csv
Giraffatitan,giraffatitan,Chordata,Reptilia,Saurischia,Brachiosauridae,dinosaurs.csv
Tornieria,tornieria,Chordata,Reptilia,Saurischia,Diplodocidae,dinosaurs.csv
Giraffatitan,giraffatitan,Chordata,Reptilia,Saurischia,Brachiosauridae,dinosaurs.csv
Dicraeosaurus,dicraeosaurus,Chordata,Reptilia,Saurischia,Dicraeosauridae,dinosaurs.csv
Giraffatitan,giraffatitan,Chordata,Reptilia,Saurischia,Brachiosauridae,dinosaurs.csv
Dicraeosaurus,dicraeosaurus,Chordata,Reptilia,Saurischia,Dicraeosauridae,dinosaurs.csv
Giraffatitan,giraffatitan,Chordata,Reptilia,Saurischia,Brachiosauridae,dinosaurs.csv
Dicraeosaurus,dicraeosaurus,Chordata,Reptilia,Saurischia,Dicraeosauridae,dinosaurs.csv
Dicraeosaurus,dicraeosaurus,Chordata,Reptilia,Saurischia,Dicraeosauridae,dinosaurs.csv
Dicraeosaurus,dicraeosaurus,Chordata,Reptilia,Saurischia,Dicraeosauridae,dinosaurs.csv
Tornieria,tornieria,Chordata,Reptilia,Saurischia,Diplodocidae,dinosaurs.csv
Saurornitholestes,saurornitholestes,Chordata,Reptilia,Saurischia,Dromaeosauridae,dinosaurs.csv
Yaverlandia,yaverlandia,Chordata,Reptilia,Saurischia,,dinosaurs.csv
Camarasaurus,camarasaurus,Chordata,Reptilia,Saurischia,,dinosaurs.csv
Allosaurus,allosaurus,Chordata,Reptilia,Saurischia,Allosauridae,dinosaurs.csv
Anchisaurus,anchisaurus,Chordata,Reptilia,Saurischia,,dinosaurs.csv
Coelophysis,coelophysis,Chordata,Reptilia,Saurischia,,dinosaurs.csv
Anchisaurus,anchisaurus,Chordata,Reptilia,Saurischia,,dinosaurs.csv
Eucnemesaurus,eucnemesaurus,Chordata,Reptilia,Saurischia,Riojasauridae,dinosaurs.csv
Saurornitholestes,saurornitholestes,Chordata,Reptilia,Saurischia,Dromaeosauridae,dinosaurs.csv
Troodon,troodon,Chordata,Reptilia,Saurischia,Troodontidae,dinosaurs.csv
Troodon,troodon,Chordata,Reptilia,Saurischia,Troodontidae,dinosaurs.csv
Saurornitholestes,saurornitholestes,Chordata,Reptilia,Saurischia,Dromaeosauridae,dinosaurs.csv
Saurornitholestes,saurornitholestes,Chordata,Reptilia,Saurischia,Dromaeosauridae,dinosaurs.csv
Saurornitholestes,saurornitholestes,Chordata,Reptilia,Saurischia,Dromaeosauridae,dinosaurs.csv
Troodon,troodon,Chordata,Reptilia,Saurischia,Troodontidae,dinosaurs.csv
Velocisaurus,velocisaurus,Chordata,Reptilia,Saurischia,Noasauridae,dinosaurs.csv
Efraasia,efraasia,Chordata,Reptilia,Saurischia,,dinosaurs.csv
Plateosaurus,plateosaurus,Chordata,Reptilia,Saurischia,Plateosauridae,dinosaurs.csv
Plateosaurus,plateosaurus,Chordata,Reptilia,Saurischia,Plateosauridae,dinosaurs.csv
Plateosaurus,plateosaurus,Chordata,Reptilia,Saurischia,Plateosauridae,dinosaurs.csv
Saurornitholestes,saurornitholestes,Chordata,Reptilia,Saurischia,Dromaeosauridae,dinosaurs.csv
Troodon,troodon,Chordata,Reptilia,Saurischia,Troodontidae,dinosaurs.csv
Saurornitholestes,saurornitholestes,Chordata,Reptilia,Saurischia,Dromaeosauridae,dinosaurs.csv
Troodon,troodon,Chordata,Reptilia,Saurischia,Troodontidae,dinosaurs.csv
Saurornitholestes,saurornitholestes,Chordata,Reptilia,Saurischia,Dromaeosauridae,dinosaurs.csv
Troodon,troodon,Chordata,Reptilia,Saurischia,Troodontidae,dinosaurs.csv
Saurornitholestes,saurornitholestes,Chordata,Reptilia,Saurischia,Dromaeosauridae,dinosaurs.csv
Troodon,troodon,Chordata,Reptilia,Saurischia,Troodontidae,dinosaurs.csv
Saurornitholestes,saurornitholestes,Chordata,Reptilia,Saurischia,Dromaeosauridae,dinosaurs.csv
Richardoestesia,richardoestesia,Chordata,Reptilia,Saurischia,Dromaeosauridae,dinosaurs.csv
Saurornitholestes,saurornitholestes,Chordata,Reptilia,Saurischia,Dromaeosauridae,dinosaurs.csv
Alamosaurus,alamosaurus,Chordata,Reptilia,Saurischia,Saltasauridae,dinosaurs.csv
Alamosaurus,alamosaurus,Chordata,Reptilia,Saurischia,Saltasauridae,dinosaurs.csv
Alamosaurus,alamosaurus,Chordata,Reptilia,Saurischia,Saltasauridae,dinosaurs.csv
Saurornitholestes,saurornitholestes,Chordata,Reptilia,Saurischia,Dromaeosauridae,dinosaurs.csv
Alamosaurus,alamosaurus,Chordata,Reptilia,Saurischia,Saltasauridae,dinosaurs.csv
Alamosaurus,alamosaurus,Chordata,Reptilia,Saurischia,Saltasauridae,dinosaurs.csv
Saurornitholestes,saurornitholestes,Chordata,Reptilia,Saurischia,Dromaeosauridae,dinosaurs.csv
Troodon,troodon,Chordata,Reptilia,Saurischia,Troodontidae,dinosaurs.csv
Saurornitholestes,saurornitholestes,Chordata,Reptilia,Saurischia,Dromaeosauridae,dinosaurs.csv
Troodon,troodon,Chordata,Reptilia,Saurischia,Troodontidae,dinosaurs.csv
Saurornitholestes,saurornitholestes,Chordata,Reptilia,Saurischia,Dromaeosauridae,dinosaurs.csv
Troodon,troodon,Chordata,Reptilia,Saurischia,Troodontidae,dinosaurs.csv
Troodon,troodon,Chordata,Reptilia,Saurischia,Troodontidae,dinosaurs.csv
Camarasaurus,camarasaurus,Chordata,Reptilia,Saurischia,,dinosaurs.csv
Allosaurus,allosaurus,Chordata,Reptilia,Saurischia,Allosauridae,dinosaurs.csv
Camarasaurus,camarasaurus,Chordata,Reptilia,Saurischia,,dinosaurs.csv
Amphicoelias,amphicoelias,Chordata,Reptilia,Saurischia,Diplodocidae,dinosaurs.csv
Camarasaurus,camarasaurus,Chordata,Reptilia,Saurischia,,dinosaurs.csv
Allosaurus,allosaurus,Chordata,Reptilia,Saurischia,Allosauridae,dinosaurs.csv
Camarasaurus,camarasaurus,Chordata,Reptilia,Saurischia,,dinosaurs.csv
Camarasaurus,camarasaurus,Chordata,Reptilia,Saurischia,,dinosaurs.csv
Camarasaurus,camarasaurus,Chordata,Reptilia,Saurischia,,dinosaurs.csv
Amphicoelias,amphicoelias,Chordata,Reptilia,Saurischia,Diplodocidae,dinosaurs.csv
Camarasaurus,camarasaurus,Chordata,Reptilia,Saurischia,,dinosaurs.csv
Camarasaurus,camarasaurus,Chordata,Reptilia,Saurischia,,dinosaurs.csv
Amphicoelias,amphicoelias,Chordata,Reptilia,Saurischia,Diplodocidae,dinosaurs.csv
Haplocanthosaurus,haplocanthosaurus,Chordata,Reptilia,Saurischia,,dinosaurs.csv
Camarasaurus,camarasaurus,Chordata,Reptilia,Saurischia,,dinosaurs.csv
Allosaurus,allosaurus,Chordata,Reptilia,Saurischia,Allosauridae,dinosaurs.csv
Brontosaurus,brontosaurus,Chordata,Reptilia,Saurischia,Diplodocidae,dinosaurs.csv
Camarasaurus,camarasaurus,Chordata,Reptilia,Saurischia,,dinosaurs.csv
Allosaurus,allosaurus,Chordata,Reptilia,Saurischia,Allosauridae,dinosaurs.csv
Diplodocus,diplodocus,Chordata,Reptilia,Saurischia,Diplodocidae,dinosaurs.csv
Diplodocus,diplodocus,Chordata,Reptilia,Saurischia,Diplodocidae,dinosaurs.csv
Diplodocus,diplodocus,Chordata,Reptilia,Saurischia,Diplodocidae,dinosaurs.csv
Torvosaurus,torvosaurus,Chordata,Reptilia,Saurischia,Megalosauridae,dinosaurs.csv
Allosaurus,allosaurus,Chordata,Reptilia,Saurischia,Allosauridae,dinosaurs.csv
Neuquenraptor,neuquenraptor,Chordata,Reptilia,Saurischia,Dromaeosauridae,dinosaurs.csv
Byronosaurus,byronosaurus,Chordata,Reptilia,Saurischia,Troodontidae,dinosaurs.csv
Cedarosaurus,cedarosaurus,Chordata,Reptilia,Saurischia,Brachiosauridae,dinosaurs.csv
Dicraeosaurus,dicraeosaurus,Chordata,Reptilia,Saurischia,Dicraeosauridae,dinosaurs.csv
Dicraeosaurus,dicraeosaurus,Chordata,Reptilia,Saurischia,Dicraeosauridae,dinosaurs.csv
Giraffatitan,giraffatitan,Chordata,Reptilia,Saurischia,Brachiosauridae,dinosaurs.csv
Janenschia,janenschia,Chordata,Reptilia,Saurischia,,dinosaurs.csv
Dicraeosaurus,dicraeosaurus,Chordata,Reptilia,Saurischia,Dicraeosauridae,dinosaurs.csv
Giraffatitan,giraffatitan,Chordata,Reptilia,Saurischia,Brachiosauridae,dinosaurs.csv
Giraffatitan,giraffatitan,Chordata,Reptilia,Saurischia,Brachiosauridae,dinosaurs.csv
Giraffatitan,giraffatitan,Chordata,Reptilia,Saurischia,Brachiosauridae,dinosaurs.csv
Giraffatitan,giraffatitan,Chordata,Reptilia,Saurischia,Brachiosauridae,dinosaurs.csv
Janenschia,janenschia,Chordata,Reptilia,Saurischia,,dinosaurs.csv
Janenschia,janenschia,Chordata,Reptilia,Saurischia,,dinosaurs.csv
Giraffatitan,giraffatitan,Chordata,Reptilia,Saurischia,Brachiosauridae,dinosaurs.csv
Giraffatitan,giraffatitan,Chordata,Reptilia,Saurischia,Brachiosauridae,dinosaurs.csv
Giraffatitan,giraffatitan,Chordata,Reptilia,Saurischia,Brachiosauridae,dinosaurs.csv
Giraffatitan,giraffatitan,Chordata,Reptilia,Saurischia,Brachiosauridae,dinosaurs.csv
Dicraeosaurus,dicraeosaurus,Chordata,Reptilia,Saurischia,Dicraeosauridae,dinosaurs.csv
Dicraeosaurus,dicraeosaurus,Chordata,Reptilia,Saurischia,Dicraeosauridae,dinosaurs.csv
Giraffatitan,giraffatitan,Chordata,Reptilia,Saurischia,Brachiosauridae,dinosaurs.csv
Giraffatitan,giraffatitan,Chordata,Reptilia,Saurischia,Brachiosauridae,dinosaurs.csv
Giraffatitan,giraffatitan,Chordata,Reptilia,Saurischia,Brachiosauridae,dinosaurs.csv
Giraffatitan,giraffatitan,Chordata,Reptilia,Saurischia,Brachiosauridae,dinosaurs.csv
Giraffatitan,giraffatitan,Chordata,Reptilia,Saurischia,Brachiosauridae,dinosaurs.csv
Giraffatitan,giraffatitan,Chordata,Reptilia,Saurischia,Brachiosauridae,dinosaurs.csv
Dicraeosaurus,dicraeosaurus,Chordata,Reptilia,Saurischia,Dicraeosauridae,dinosaurs.csv
Giraffatitan,giraffatitan,Chordata,Reptilia,Saurischia,Brachiosauridae,dinosaurs.csv
Giraffatitan,giraffatitan,Chordata,Reptilia,Saurischia,Brachiosauridae,dinosaurs.csv
Dicraeosaurus,dicraeosaurus,Chordata,Reptilia,Saurischia,Dicraeosauridae,dinosaurs.csv
Tornieria,tornieria,Chordata,Reptilia,Saurischia,Diplodocidae,dinosaurs.csv
Elaphrosaurus,elaphrosaurus,Chordata,Reptilia,Saurischia,,dinosaurs.csv
Dicraeosaurus,dicraeosaurus,Chordata,Reptilia,Saurischia,Dicraeosauridae,dinosaurs.csv
Giraffatitan,giraffatitan,Chordata,Reptilia,Saurischia,Brachiosauridae,dinosaurs.csv
Chirostenotes,chirostenotes,Chordata,Reptilia,Saurischia,Caenagnathidae,dinosaurs.csv
Richardoestesia,richardoestesia,Chordata,Reptilia,Saurischia,Dromaeosauridae,dinosaurs.csv
Richardoestesia,richardoestesia,Chordata,Reptilia,Saurischia,Dromaeosauridae,dinosaurs.csv
Paronychodon,paronychodon,Chordata,Reptilia,Saurischia,Troodontidae,dinosaurs.csv
Richardoestesia,richardoestesia,Chordata,Reptilia,Saurischia,Dromaeosauridae,dinosaurs.csv
Pectinodon,pectinodon,Chordata,Reptilia,Saurischia,Troodontidae,dinosaurs.csv
Saurornitholestes,saurornitholestes,Chordata,Reptilia,Saurischia,Dromaeosauridae,dinosaurs.csv
Albertosaurus,albertosaurus,Chordata,Reptilia,Saurischia,Tyrannosauridae,dinosaurs.csv
Majungasaurus,majungasaurus,Chordata,Reptilia,Saurischia,Abelisauridae,dinosaurs.csv
Majungasaurus,majungasaurus,Chordata,Reptilia,Saurischia,Abelisauridae,dinosaurs.csv
Masiakasaurus,masiakasaurus,Chordata,Reptilia,Saurischia,Noasauridae,dinosaurs.csv
Majungasaurus,majungasaurus,Chordata,Reptilia,Saurischia,Abelisauridae,dinosaurs.csv
Massospondylus,massospondylus,Chordata,Reptilia,Saurischia,Massospondylidae,dinosaurs.csv
Syntarsus,syntarsus,Chordata,Reptilia,Saurischia,,dinosaurs.csv
Massospondylus,massospondylus,Chordata,Reptilia,Saurischia,Massospondylidae,dinosaurs.csv
Coelophysis,coelophysis,Chordata,Reptilia,Saurischia,,dinosaurs.csv
Coelophysis,coelophysis,Chordata,Reptilia,Saurischia,,dinosaurs.csv
Saturnalia,saturnalia,Chordata,Reptilia,Saurischia,,dinosaurs.csv
Patagonykus,patagonykus,Chordata,Reptilia,Saurischia,Alvarezsauridae,dinosaurs.csv
Chindesaurus,chindesaurus,Chordata,Reptilia,Saurischia,Herrerasauridae,dinosaurs.csv
Galeamopus,galeamopus,Chordata,Reptilia,Saurischia,Diplodocidae,dinosaurs.csv
Dryptosaurus,dryptosaurus,Chordata,Reptilia,Saurischia,,dinosaurs.csv
Plateosaurus,plateosaurus,Chordata,Reptilia,Saurischia,Plateosauridae,dinosaurs.csv
Plateosaurus,plateosaurus,Chordata,Reptilia,Saurischia,Plateosauridae,dinosaurs.csv
Plateosaurus,plateosaurus,Chordata,Reptilia,Saurischia,Plateosauridae,dinosaurs.csv
Plateosaurus,plateosaurus,Chordata,Reptilia,Saurischia,Plateosauridae,dinosaurs.csv
Camelotia,camelotia,Chordata,Reptilia,Saurischia,,dinosaurs.csv
Staurikosaurus,staurikosaurus,Chordata,Reptilia,Saurischia,Herrerasauridae,dinosaurs.csv
Appalachiosaurus,appalachiosaurus,Chordata,Reptilia,Saurischia,,dinosaurs.csv
Plateosaurus,plateosaurus,Chordata,Reptilia,Saurischia,Plateosauridae,dinosaurs.csv
Liliensternus,liliensternus,Chordata,Reptilia,Saurischia,,dinosaurs.csv
Plateosaurus,plateosaurus,Chordata,Reptilia,Saurischia,Plateosauridae,dinosaurs.csv
Juratyrant,juratyrant,Chordata,Reptilia,Saurischia,,dinosaurs.csv
Plateosaurus,plateosaurus,Chordata,Reptilia,Saurischia,Plateosauridae,dinosaurs.csv
Plateosaurus,plateosaurus,Chordata,Reptilia,Saurischia,Plateosauridae,dinosaurs.csv
Plateosaurus,plateosaurus,Chordata,Reptilia,Saurischia,Plateosauridae,dinosaurs.csv
Plateosaurus,plateosaurus,Chordata,Reptilia,Saurischia,Plateosauridae,dinosaurs.csv
Ruehleia,ruehleia,Chordata,Reptilia,Saurischia,Plateosauridae,dinosaurs.csv
Liliensternus,liliensternus,Chordata,Reptilia,Saurischia,,dinosaurs.csv
Mamenchisaurus,mamenchisaurus,Chordata,Reptilia,Saurischia,Mamenchisauridae,dinosaurs.csv
Massospondylus,massospondylus,Chordata,Reptilia,Saurischia,Massospondylidae,dinosaurs.csv
Massospondylus,massospondylus,Chordata,Reptilia,Saurischia,Massospondylidae,dinosaurs.csv
Massospondylus,massospondylus,Chordata,Reptilia,Saurischia,Massospondylidae,dinosaurs.csv
Massospondylus,massospondylus,Chordata,Reptilia,Saurischia,Massospondylidae,dinosaurs.csv
Allosaurus,allosaurus,Chordata,Reptilia,Saurischia,Allosauridae,dinosaurs.csv
Tyrannosaurus,tyrannosaurus,Chordata,Reptilia,Saurischia,Tyrannosauridae,dinosaurs.csv
Tyrannosaurus,tyrannosaurus,Chordata,Reptilia,Saurischia,Tyrannosauridae,dinosaurs.csv
Pyroraptor,pyroraptor,Chordata,Reptilia,Saurischia,Dromaeosauridae,dinosaurs.csv
Ampelosaurus,ampelosaurus,Chordata,Reptilia,Saurischia,,dinosaurs.csv
Variraptor,variraptor,Chordata,Reptilia,Saurischia,Dromaeosauridae,dinosaurs.csv
Hypselosaurus,hypselosaurus,Chordata,Reptilia,Saurischia,Titanosauridae,dinosaurs.csv
Titanosaurus,titanosaurus,Chordata,Reptilia,Saurischia,,dinosaurs.csv
Carcharodontosaurus,carcharodontosaurus,Chordata,Reptilia,Saurischia,Carcharodontosauridae,dinosaurs.csv
Ampelosaurus,ampelosaurus,Chordata,Reptilia,Saurischia,,dinosaurs.csv
Isanosaurus,isanosaurus,Chordata,Reptilia,Saurischia,,dinosaurs.csv
Fenestrosaurus,fenestrosaurus,Chordata,Reptilia,Saurischia,,dinosaurs.csv
Mongolosaurus,mongolosaurus,Chordata,Reptilia,Saurischia,,dinosaurs.csv
Archaeornithomimus,archaeornithomimus,Chordata,Reptilia,Saurischia,Ornithomimidae,dinosaurs.csv
Archaeornithomimus,archaeornithomimus,Chordata,Reptilia,Saurischia,Ornithomimidae,dinosaurs.csv
Ovoraptor,ovoraptor,Chordata,Reptilia,Saurischia,,dinosaurs.csv
Ornithoides,ornithoides,Chordata,Reptilia,Saurischia,,dinosaurs.csv
Ornithomimus,ornithomimus,Chordata,Reptilia,Saurischia,Ornithomimidae,dinosaurs.csv
Ornithomimus,ornithomimus,Chordata,Reptilia,Saurischia,Ornithomimidae,dinosaurs.csv
Tyrannosaurus,tyrannosaurus,Chordata,Reptilia,Saurischia,Tyrannosauridae,dinosaurs.csv
Tugulusaurus,tugulusaurus,Chordata,Reptilia,Saurischia,,dinosaurs.csv
Xinjiangovenator,xinjiangovenator,Chordata,Reptilia,Saurischia,,dinosaurs.csv
Ornitholestes,ornitholestes,Chordata,Reptilia,Saurischia,Compsognathidae,dinosaurs.csv
Paronychodon,paronychodon,Chordata,Reptilia,Saurischia,Troodontidae,dinosaurs.csv
Richardoestesia,richardoestesia,Chordata,Reptilia,Saurischia,Dromaeosauridae,dinosaurs.csv
Chirostenotes,chirostenotes,Chordata,Reptilia,Saurischia,Caenagnathidae,dinosaurs.csv
Paronychodon,paronychodon,Chordata,Reptilia,Saurischia,Troodontidae,dinosaurs.csv
Chirostenotes,chirostenotes,Chordata,Reptilia,Saurischia,Caenagnathidae,dinosaurs.csv
Richardoestesia,richardoestesia,Chordata,Reptilia,Saurischia,Dromaeosauridae,dinosaurs.csv
Chirostenotes,chirostenotes,Chordata,Reptilia,Saurischia,Caenagnathidae,dinosaurs.csv
Chirostenotes,chirostenotes,Chordata,Reptilia,Saurischia,Caenagnathidae,dinosaurs.csv
Paronychodon,paronychodon,Chordata,Reptilia,Saurischia,Troodontidae,dinosaurs.csv
Richardoestesia,richardoestesia,Chordata,Reptilia,Saurischia,Dromaeosauridae,dinosaurs.csv
Chirostenotes,chirostenotes,Chordata,Reptilia,Saurischia,Caenagnathidae,dinosaurs.csv
Richardoestesia,richardoestesia,Chordata,Reptilia,Saurischia,Dromaeosauridae,dinosaurs.csv
Richardoestesia,richardoestesia,Chordata,Reptilia,Saurischia,Dromaeosauridae,dinosaurs.csv
Pectinodon,pectinodon,Chordata,Reptilia,Saurischia,Troodontidae,dinosaurs.csv
Troodon,troodon,Chordata,Reptilia,Saurischia,Troodontidae,dinosaurs.csv
Richardoestesia,richardoestesia,Chordata,Reptilia,Saurischia,Dromaeosauridae,dinosaurs.csv
Richardoestesia,richardoestesia,Chordata,Reptilia,Saurischia,Dromaeosauridae,dinosaurs.csv
Chirostenotes,chirostenotes,Chordata,Reptilia,Saurischia,Caenagnathidae,dinosaurs.csv
Troodon,troodon,Chordata,Reptilia,Saurischia,Troodontidae,dinosaurs.csv
Richardoestesia,richardoestesia,Chordata,Reptilia,Saurischia,Dromaeosauridae,dinosaurs.csv
Paronychodon,paronychodon,Chordata,Reptilia,Saurischia,Troodontidae,dinosaurs.csv
Dryptosaurus,dryptosaurus,Chordata,Reptilia,Saurischia,,dinosaurs.csv
Richardoestesia,richardoestesia,Chordata,Reptilia,Saurischia,Dromaeosauridae,dinosaurs.csv
Troodon,troodon,Chordata,Reptilia,Saurischia,Troodontidae,dinosaurs.csv
Paronychodon,paronychodon,Chordata,Reptilia,Saurischia,Troodontidae,dinosaurs.csv
Chirostenotes,chirostenotes,Chordata,Reptilia,Saurischia,Caenagnathidae,dinosaurs.csv
Richardoestesia,richardoestesia,Chordata,Reptilia,Saurischia,Dromaeosauridae,dinosaurs.csv
Richardoestesia,richardoestesia,Chordata,Reptilia,Saurischia,Dromaeosauridae,dinosaurs.csv
Troodon,troodon,Chordata,Reptilia,Saurischia,Troodontidae,dinosaurs.csv
Chirostenotes,chirostenotes,Chordata,Reptilia,Saurischia,Caenagnathidae,dinosaurs.csv
Paronychodon,paronychodon,Chordata,Reptilia,Saurischia,Troodontidae,dinosaurs.csv
Richardoestesia,richardoestesia,Chordata,Reptilia,Saurischia,Dromaeosauridae,dinosaurs.csv
Paronychodon,paronychodon,Chordata,Reptilia,Saurischia,Troodontidae,dinosaurs.csv
Saurornithoides,saurornithoides,Chordata,Reptilia,Saurischia,Troodontidae,dinosaurs.csv
Richardoestesia,richardoestesia,Chordata,Reptilia,Saurischia,Dromaeosauridae,dinosaurs.csv
Ornithomimus,ornithomimus,Chordata,Reptilia,Saurischia,Ornithomimidae,dinosaurs.csv
Tyrannosaurus,tyrannosaurus,Chordata,Reptilia,Saurischia,Tyrannosauridae,dinosaurs.csv
Paronychodon,paronychodon,Chordata,Reptilia,Saurischia,Troodontidae,dinosaurs.csv
Richardoestesia,richardoestesia,Chordata,Reptilia,Saurischia,Dromaeosauridae,dinosaurs.csv
Chirostenotes,chirostenotes,Chordata,Reptilia,Saurischia,Caenagnathidae,dinosaurs.csv
Richardoestesia,richardoestesia,Chordata,Reptilia,Saurischia,Dromaeosauridae,dinosaurs.csv
Xenotarsosaurus,xenotarsosaurus,Chordata,Reptilia,Saurischia,Abelisauridae,dinosaurs.csv
Tornieria,tornieria,Chordata,Reptilia,Saurischia,Diplodocidae,dinosaurs.csv
Brachiosaurus,brachiosaurus,Chordata,Reptilia,Saurischia,Brachiosauridae,dinosaurs.csv
Dicraeosaurus,dicraeosaurus,Chordata,Reptilia,Saurischia,Dicraeosauridae,dinosaurs.csv
Camarasaurus,camarasaurus,Chordata,Reptilia,Saurischia,,dinosaurs.csv
Barosaurus,barosaurus,Chordata,Reptilia,Saurischia,Diplodocidae,dinosaurs.csv
Camarasaurus,camarasaurus,Chordata,Reptilia,Saurischia,,dinosaurs.csv
Ornithomimus,ornithomimus,Chordata,Reptilia,Saurischia,Ornithomimidae,dinosaurs.csv
Richardoestesia,richardoestesia,Chordata,Reptilia,Saurischia,Dromaeosauridae,dinosaurs.csv
Richardoestesia,richardoestesia,Chordata,Reptilia,Saurischia,Dromaeosauridae,dinosaurs.csv
Richardoestesia,richardoestesia,Chordata,Reptilia,Saurischia,Dromaeosauridae,dinosaurs.csv
Richardoestesia,richardoestesia,Chordata,Reptilia,Saurischia,Dromaeosauridae,dinosaurs.csv
Chirostenotes,chirostenotes,Chordata,Reptilia,Saurischia,Caenagnathidae,dinosaurs.csv
Paronychodon,paronychodon,Chordata,Reptilia,Saurischia,Troodontidae,dinosaurs.csv
Troodon,troodon,Chordata,Reptilia,Saurischia,Troodontidae,dinosaurs.csv
Richardoestesia,richardoestesia,Chordata,Reptilia,Saurischia,Dromaeosauridae,dinosaurs.csv
Richardoestesia,richardoestesia,Chordata,Reptilia,Saurischia,Dromaeosauridae,dinosaurs.csv
Richardoestesia,richardoestesia,Chordata,Reptilia,Saurischia,Dromaeosauridae,dinosaurs.csv
Zapsalis,zapsalis,Chordata,Reptilia,Saurischia,Dromaeosauridae,dinosaurs.csv
Richardoestesia,richardoestesia,Chordata,Reptilia,Saurischia,Dromaeosauridae,dinosaurs.csv
Richardoestesia,richardoestesia,Chordata,Reptilia,Saurischia,Dromaeosauridae,dinosaurs.csv
Paronychodon,paronychodon,Chordata,Reptilia,Saurischia,Troodontidae,dinosaurs.csv
Troodon,troodon,Chordata,Reptilia,Saurischia,Troodontidae,dinosaurs.csv
Paronychodon,paronychodon,Chordata,Reptilia,Saurischia,Troodontidae,dinosaurs.csv
Eutynichnium,eutynichnium,Chordata,Reptilia,Saurischia,,dinosaurs.csv
Megalosaurus,megalosaurus,Chordata,Reptilia,Saurischia,Megalosauridae,dinosaurs.csv
Lourinhasaurus,lourinhasaurus,Chordata,Reptilia,Saurischia,Camarasauridae,dinosaurs.csv
Lourinhasaurus,lourinhasaurus,Chordata,Reptilia,Saurischia,Camarasauridae,dinosaurs.csv
Lourinhasaurus,lourinhasaurus,Chordata,Reptilia,Saurischia,Camarasauridae,dinosaurs.csv
Lusotitan,lusotitan,Chordata,Reptilia,Saurischia,Brachiosauridae,dinosaurs.csv
Camarasaurus,camarasaurus,Chordata,Reptilia,Saurischia,,dinosaurs.csv
Duriatitan,duriatitan,Chordata,Reptilia,Saurischia,,dinosaurs.csv
Lourinhasaurus,lourinhasaurus,Chordata,Reptilia,Saurischia,Camarasauridae,dinosaurs.csv
Lourinhasaurus,lourinhasaurus,Chordata,Reptilia,Saurischia,Camarasauridae,dinosaurs.csv
Duriatitan,duriatitan,Chordata,Reptilia,Saurischia,,dinosaurs.csv
Lourinhasaurus,lourinhasaurus,Chordata,Reptilia,Saurischia,Camarasauridae,dinosaurs.csv
Lourinhasaurus,lourinhasaurus,Chordata,Reptilia,Saurischia,Camarasauridae,dinosaurs.csv
Lourinhasaurus,lourinhasaurus,Chordata,Reptilia,Saurischia,Camarasauridae,dinosaurs.csv
Lourinhasaurus,lourinhasaurus,Chordata,Reptilia,Saurischia,Camarasauridae,dinosaurs.csv
Lourinhasaurus,lourinhasaurus,Chordata,Reptilia,Saurischia,Camarasauridae,dinosaurs.csv
Lourinhasaurus,lourinhasaurus,Chordata,Reptilia,Saurischia,Camarasauridae,dinosaurs.csv
Lourinhanosaurus,lourinhanosaurus,Chordata,Reptilia,Saurischia,,dinosaurs.csv
Ceratosaurus,ceratosaurus,Chordata,Reptilia,Saurischia,,dinosaurs.csv
Torvosaurus,torvosaurus,Chordata,Reptilia,Saurischia,Megalosauridae,dinosaurs.csv
Lourinhanosaurus,lourinhanosaurus,Chordata,Reptilia,Saurischia,,dinosaurs.csv
Supersaurus,supersaurus,Chordata,Reptilia,Saurischia,Diplodocidae,dinosaurs.csv
Spinosaurus,spinosaurus,Chordata,Reptilia,Saurischia,Spinosauridae,dinosaurs.csv
Poekilopleuron,poekilopleuron,Chordata,Reptilia,Saurischia,Megalosauridae,dinosaurs.csv
Allosaurus,allosaurus,Chordata,Reptilia,Saurischia,Allosauridae,dinosaurs.csv
Streptospondylus,streptospondylus,Chordata,Reptilia,Saurischia,,dinosaurs.csv
Alectrosaurus,alectrosaurus,Chordata,Reptilia,Saurischia,,dinosaurs.csv
Segnosaurus,segnosaurus,Chordata,Reptilia,Saurischia,Therizinosauridae,dinosaurs.csv
Alectrosaurus,alectrosaurus,Chordata,Reptilia,Saurischia,,dinosaurs.csv
Alectrosaurus,alectrosaurus,Chordata,Reptilia,Saurischia,,dinosaurs.csv
Ekrixinatosaurus,ekrixinatosaurus,Chordata,Reptilia,Saurischia,Abelisauridae,dinosaurs.csv
Abelichnus,abelichnus,Chordata,Reptilia,Saurischia,,dinosaurs.csv
Unenlagia,unenlagia,Chordata,Reptilia,Saurischia,Dromaeosauridae,dinosaurs.csv
Megaraptor,megaraptor,Chordata,Reptilia,Saurischia,Megaraptoridae,dinosaurs.csv
Futalognkosaurus,futalognkosaurus,Chordata,Reptilia,Saurischia,,dinosaurs.csv
Breviparopus,breviparopus,Chordata,Reptilia,Saurischia,Parabrontopodidae,dinosaurs.csv
Gojirasaurus,gojirasaurus,Chordata,Reptilia,Saurischia,,dinosaurs.csv
Coelophysis,coelophysis,Chordata,Reptilia,Saurischia,,dinosaurs.csv
Lufengosaurus,lufengosaurus,Chordata,Reptilia,Saurischia,Massospondylidae,dinosaurs.csv
Lufengosaurus,lufengosaurus,Chordata,Reptilia,Saurischia,Massospondylidae,dinosaurs.csv
Sinosaurus,sinosaurus,Chordata,Reptilia,Saurischia,,dinosaurs.csv
Ornitholestes,ornitholestes,Chordata,Reptilia,Saurischia,Compsognathidae,dinosaurs.csv
Coelurus,coelurus,Chordata,Reptilia,Saurischia,,dinosaurs.csv
Ceratosaurus,ceratosaurus,Chordata,Reptilia,Saurischia,,dinosaurs.csv
Stokesosaurus,stokesosaurus,Chordata,Reptilia,Saurischia,,dinosaurs.csv
Marshosaurus,marshosaurus,Chordata,Reptilia,Saurischia,Piatnitzkysauridae,dinosaurs.csv
Apatosaurus,apatosaurus,Chordata,Reptilia,Saurischia,Diplodocidae,dinosaurs.csv
Barosaurus,barosaurus,Chordata,Reptilia,Saurischia,Diplodocidae,dinosaurs.csv
Camarasaurus,camarasaurus,Chordata,Reptilia,Saurischia,,dinosaurs.csv
Allosaurus,allosaurus,Chordata,Reptilia,Saurischia,Allosauridae,dinosaurs.csv
Archaeornithoides,archaeornithoides,Chordata,Reptilia,Saurischia,Troodontidae,dinosaurs.csv
Tyrannosaurus,tyrannosaurus,Chordata,Reptilia,Saurischia,Tyrannosauridae,dinosaurs.csv
Ornithomimus,ornithomimus,Chordata,Reptilia,Saurischia,Ornithomimidae,dinosaurs.csv
Tyrannosaurus,tyrannosaurus,Chordata,Reptilia,Saurischia,Tyrannosauridae,dinosaurs.csv
Tyrannosaurus,tyrannosaurus,Chordata,Reptilia,Saurischia,Tyrannosauridae,dinosaurs.csv
Tyrannosaurus,tyrannosaurus,Chordata,Reptilia,Saurischia,Tyrannosauridae,dinosaurs.csv
Tyrannosaurus,tyrannosaurus,Chordata,Reptilia,Saurischia,Tyrannosauridae,dinosaurs.csv
Ornithomimus,ornithomimus,Chordata,Reptilia,Saurischia,Ornithomimidae,dinosaurs.csv
Ornithomimus,ornithomimus,Chordata,Reptilia,Saurischia,Ornithomimidae,dinosaurs.csv
Bonatitan,bonatitan,Chordata,Reptilia,Saurischia,Saltasauridae,dinosaurs.csv
Allosaurus,allosaurus,Chordata,Reptilia,Saurischia,Allosauridae,dinosaurs.csv
Diplodocus,diplodocus,Chordata,Reptilia,Saurischia,Diplodocidae,dinosaurs.csv
Apatosaurus,apatosaurus,Chordata,Reptilia,Saurischia,Diplodocidae,dinosaurs.csv
Barosaurus,barosaurus,Chordata,Reptilia,Saurischia,Diplodocidae,dinosaurs.csv
Allosaurus,allosaurus,Chordata,Reptilia,Saurischia,Allosauridae,dinosaurs.csv
Camarasaurus,camarasaurus,Chordata,Reptilia,Saurischia,,dinosaurs.csv
Apatosaurus,apatosaurus,Chordata,Reptilia,Saurischia,Diplodocidae,dinosaurs.csv
Diplodocus,diplodocus,Chordata,Reptilia,Saurischia,Diplodocidae,dinosaurs.csv
Allosaurus,allosaurus,Chordata,Reptilia,Saurischia,Allosauridae,dinosaurs.csv
Camarasaurus,camarasaurus,Chordata,Reptilia,Saurischia,,dinosaurs.csv
Diplodocus,diplodocus,Chordata,Reptilia,Saurischia,Diplodocidae,dinosaurs.csv
Apatosaurus,apatosaurus,Chordata,Reptilia,Saurischia,Diplodocidae,dinosaurs.csv
Diplodocus,diplodocus,Chordata,Reptilia,Saurischia,Diplodocidae,dinosaurs.csv
Allosaurus,allosaurus,Chordata,Reptilia,Saurischia,Allosauridae,dinosaurs.csv
Barosaurus,barosaurus,Chordata,Reptilia,Saurischia,Diplodocidae,dinosaurs.csv
Camarasaurus,camarasaurus,Chordata,Reptilia,Saurischia,,dinosaurs.csv
Diplodocus,diplodocus,Chordata,Reptilia,Saurischia,Diplodocidae,dinosaurs.csv
Apatosaurus,apatosaurus,Chordata,Reptilia,Saurischia,Diplodocidae,dinosaurs.csv
Allosaurus,allosaurus,Chordata,Reptilia,Saurischia,Allosauridae,dinosaurs.csv
Paronychodon,paronychodon,Chordata,Reptilia,Saurischia,Troodontidae,dinosaurs.csv
Apatosaurus,apatosaurus,Chordata,Reptilia,Saurischia,Diplodocidae,dinosaurs.csv
Allosaurus,allosaurus,Chordata,Reptilia,Saurischia,Allosauridae,dinosaurs.csv
Allosaurus,allosaurus,Chordata,Reptilia,Saurischia,Allosauridae,dinosaurs.csv
Barosaurus,barosaurus,Chordata,Reptilia,Saurischia,Diplodocidae,dinosaurs.csv
Brachiosaurus,brachiosaurus,Chordata,Reptilia,Saurischia,Brachiosauridae,dinosaurs.csv
Allosaurus,allosaurus,Chordata,Reptilia,Saurischia,Allosauridae,dinosaurs.csv
Diplodocus,diplodocus,Chordata,Reptilia,Saurischia,Diplodocidae,dinosaurs.csv
Apatosaurus,apatosaurus,Chordata,Reptilia,Saurischia,Diplodocidae,dinosaurs.csv
Allosaurus,allosaurus,Chordata,Reptilia,Saurischia,Allosauridae,dinosaurs.csv
Camarasaurus,camarasaurus,Chordata,Reptilia,Saurischia,,dinosaurs.csv
Torvosaurus,torvosaurus,Chordata,Reptilia,Saurischia,Megalosauridae,dinosaurs.csv
Torvosaurus,torvosaurus,Chordata,Reptilia,Saurischia,Megalosauridae,dinosaurs.csv
Allosaurus,allosaurus,Chordata,Reptilia,Saurischia,Allosauridae,dinosaurs.csv
Camarasaurus,camarasaurus,Chordata,Reptilia,Saurischia,,dinosaurs.csv
Apatosaurus,apatosaurus,Chordata,Reptilia,Saurischia,Diplodocidae,dinosaurs.csv
Allosaurus,allosaurus,Chordata,Reptilia,Saurischia,Allosauridae,dinosaurs.csv
Camarasaurus,camarasaurus,Chordata,Reptilia,Saurischia,,dinosaurs.csv
Diplodocus,diplodocus,Chordata,Reptilia,Saurischia,Diplodocidae,dinosaurs.csv
Apatosaurus,apatosaurus,Chordata,Reptilia,Saurischia,Diplodocidae,dinosaurs.csv
Camarasaurus,camarasaurus,Chordata,Reptilia,Saurischia,,dinosaurs.csv
Apatosaurus,apatosaurus,Chordata,Reptilia,Saurischia,Diplodocidae,dinosaurs.csv
Allosaurus,allosaurus,Chordata,Reptilia,Saurischia,Allosauridae,dinosaurs.csv
Barosaurus,barosaurus,Chordata,Reptilia,Saurischia,Diplodocidae,dinosaurs.csv
Allosaurus,allosaurus,Chordata,Reptilia,Saurischia,Allosauridae,dinosaurs.csv
Camarasaurus,camarasaurus,Chordata,Reptilia,Saurischia,,dinosaurs.csv
Barosaurus,barosaurus,Chordata,Reptilia,Saurischia,Diplodocidae,dinosaurs.csv
Camarasaurus,camarasaurus,Chordata,Reptilia,Saurischia,,dinosaurs.csv
Apatosaurus,apatosaurus,Chordata,Reptilia,Saurischia,Diplodocidae,dinosaurs.csv
Diplodocus,diplodocus,Chordata,Reptilia,Saurischia,Diplodocidae,dinosaurs.csv
Allosaurus,allosaurus,Chordata,Reptilia,Saurischia,Allosauridae,dinosaurs.csv
Barosaurus,barosaurus,Chordata,Reptilia,Saurischia,Diplodocidae,dinosaurs.csv
Ceratosaurus,ceratosaurus,Chordata,Reptilia,Saurischia,,dinosaurs.csv
Lophostropheus,lophostropheus,Chordata,Reptilia,Saurischia,,dinosaurs.csv
Allosaurus,allosaurus,Chordata,Reptilia,Saurischia,Allosauridae,dinosaurs.csv
Marshosaurus,marshosaurus,Chordata,Reptilia,Saurischia,Piatnitzkysauridae,dinosaurs.csv
Stokesosaurus,stokesosaurus,Chordata,Reptilia,Saurischia,,dinosaurs.csv
Lufengosaurus,lufengosaurus,Chordata,Reptilia,Saurischia,Massospondylidae,dinosaurs.csv
Chinshakiangosaurus,chinshakiangosaurus,Chordata,Reptilia,Saurischia,,dinosaurs.csv
Lufengosaurus,lufengosaurus,Chordata,Reptilia,Saurischia,Massospondylidae,dinosaurs.csv
Yangchuanosaurus,yangchuanosaurus,Chordata,Reptilia,Saurischia,Metriacanthosauridae,dinosaurs.csv
Mamenchisaurus,mamenchisaurus,Chordata,Reptilia,Saurischia,Mamenchisauridae,dinosaurs.csv
Tarbosaurus,tarbosaurus,Chordata,Reptilia,Saurischia,Tyrannosauridae,dinosaurs.csv
Kelmayisaurus,kelmayisaurus,Chordata,Reptilia,Saurischia,Carcharodontosauridae,dinosaurs.csv
Megalosaurus,megalosaurus,Chordata,Reptilia,Saurischia,Megalosauridae,dinosaurs.csv
Falcarius,falcarius,Chordata,Reptilia,Saurischia,,dinosaurs.csv
Saurexallopus,saurexallopus,Chordata,Reptilia,Saurischia,,dinosaurs.csv
Saurexallopus,saurexallopus,Chordata,Reptilia,Saurischia,,dinosaurs.csv
Deinonychus,deinonychus,Chordata,Reptilia,Saurischia,Dromaeosauridae,dinosaurs.csv
Deinonychus,deinonychus,Chordata,Reptilia,Saurischia,Dromaeosauridae,dinosaurs.csv
Sinosauropteryx,sinosauropteryx,Chordata,Reptilia,Saurischia,,dinosaurs.csv
Sinosauropteryx,sinosauropteryx,Chordata,Reptilia,Saurischia,,dinosaurs.csv
Deinonychus,deinonychus,Chordata,Reptilia,Saurischia,Dromaeosauridae,dinosaurs.csv
Microvenator,microvenator,Chordata,Reptilia,Saurischia,Caenagnathidae,dinosaurs.csv
Deinonychus,deinonychus,Chordata,Reptilia,Saurischia,Dromaeosauridae,dinosaurs.csv
Deinonychus,deinonychus,Chordata,Reptilia,Saurischia,Dromaeosauridae,dinosaurs.csv
Deinonychus,deinonychus,Chordata,Reptilia,Saurischia,Dromaeosauridae,dinosaurs.csv
Deinonychus,deinonychus,Chordata,Reptilia,Saurischia,Dromaeosauridae,dinosaurs.csv
Deinonychus,deinonychus,Chordata,Reptilia,Saurischia,Dromaeosauridae,dinosaurs.csv
Deinonychus,deinonychus,Chordata,Reptilia,Saurischia,Dromaeosauridae,dinosaurs.csv
Deinonychus,deinonychus,Chordata,Reptilia,Saurischia,Dromaeosauridae,dinosaurs.csv
Ornithomimus,ornithomimus,Chordata,Reptilia,Saurischia,Ornithomimidae,dinosaurs.csv
Sauroposeidon,sauroposeidon,Chordata,Reptilia,Saurischia,,dinosaurs.csv
Deinonychus,deinonychus,Chordata,Reptilia,Saurischia,Dromaeosauridae,dinosaurs.csv
Microvenator,microvenator,Chordata,Reptilia,Saurischia,Caenagnathidae,dinosaurs.csv
Sauroposeidon,sauroposeidon,Chordata,Reptilia,Saurischia,,dinosaurs.csv
Ornithomimus,ornithomimus,Chordata,Reptilia,Saurischia,Ornithomimidae,dinosaurs.csv
Deinonychus,deinonychus,Chordata,Reptilia,Saurischia,Dromaeosauridae,dinosaurs.csv
Deinonychus,deinonychus,Chordata,Reptilia,Saurischia,Dromaeosauridae,dinosaurs.csv
Deinonychus,deinonychus,Chordata,Reptilia,Saurischia,Dromaeosauridae,dinosaurs.csv
Deinonychus,deinonychus,Chordata,Reptilia,Saurischia,Dromaeosauridae,dinosaurs.csv
Deinonychus,deinonychus,Chordata,Reptilia,Saurischia,Dromaeosauridae,dinosaurs.csv
Deinonychus,deinonychus,Chordata,Reptilia,Saurischia,Dromaeosauridae,dinosaurs.csv
Ornithomimus,ornithomimus,Chordata,Reptilia,Saurischia,Ornithomimidae,dinosaurs.csv
Deinonychus,deinonychus,Chordata,Reptilia,Saurischia,Dromaeosauridae,dinosaurs.csv
Deinonychus,deinonychus,Chordata,Reptilia,Saurischia,Dromaeosauridae,dinosaurs.csv
Deinonychus,deinonychus,Chordata,Reptilia,Saurischia,Dromaeosauridae,dinosaurs.csv
Deinonychus,deinonychus,Chordata,Reptilia,Saurischia,Dromaeosauridae,dinosaurs.csv
Diplodocus,diplodocus,Chordata,Reptilia,Saurischia,Diplodocidae,dinosaurs.csv
Ornithomimus,ornithomimus,Chordata,Reptilia,Saurischia,Ornithomimidae,dinosaurs.csv
Ornithomimus,ornithomimus,Chordata,Reptilia,Saurischia,Ornithomimidae,dinosaurs.csv
Velociraptor,velociraptor,Chordata,Reptilia,Saurischia,Dromaeosauridae,dinosaurs.csv
Ohmdenosaurus,ohmdenosaurus,Chordata,Reptilia,Saurischia,,dinosaurs.csv
Coelophysis,coelophysis,Chordata,Reptilia,Saurischia,,dinosaurs.csv
Coelophysis,coelophysis,Chordata,Reptilia,Saurischia,,dinosaurs.csv
Malawisaurus,malawisaurus,Chordata,Reptilia,Saurischia,,dinosaurs.csv
Malawisaurus,malawisaurus,Chordata,Reptilia,Saurischia,,dinosaurs.csv
Malawisaurus,malawisaurus,Chordata,Reptilia,Saurischia,,dinosaurs.csv
Malawisaurus,malawisaurus,Chordata,Reptilia,Saurischia,,dinosaurs.csv
Malawisaurus,malawisaurus,Chordata,Reptilia,Saurischia,,dinosaurs.csv
Karongasaurus,karongasaurus,Chordata,Reptilia,Saurischia,,dinosaurs.csv
Karongasaurus,karongasaurus,Chordata,Reptilia,Saurischia,,dinosaurs.csv
Chirostenotes,chirostenotes,Chordata,Reptilia,Saurischia,Caenagnathidae,dinosaurs.csv
Saurornitholestes,saurornitholestes,Chordata,Reptilia,Saurischia,Dromaeosauridae,dinosaurs.csv
Troodon,troodon,Chordata,Reptilia,Saurischia,Troodontidae,dinosaurs.csv
Troodon,troodon,Chordata,Reptilia,Saurischia,Troodontidae,dinosaurs.csv
Shuvuuia,shuvuuia,Chordata,Reptilia,Saurischia,,dinosaurs.csv
Demandasaurus,demandasaurus,Chordata,Reptilia,Saurischia,Rebbachisauridae,dinosaurs.csv
Jiangshanosaurus,jiangshanosaurus,Chordata,Reptilia,Saurischia,Saltasauridae,dinosaurs.csv
Majungasaurus,majungasaurus,Chordata,Reptilia,Saurischia,Abelisauridae,dinosaurs.csv
Titanosaurus,titanosaurus,Chordata,Reptilia,Saurischia,,dinosaurs.csv
Eubrontes,eubrontes,Chordata,Reptilia,Saurischia,Eubrontidae,dinosaurs.csv
Eubrontes,eubrontes,Chordata,Reptilia,Saurischia,Eubrontidae,dinosaurs.csv
Eubrontes,eubrontes,Chordata,Reptilia,Saurischia,Eubrontidae,dinosaurs.csv
Brachytrachelopan,brachytrachelopan,Chordata,Reptilia,Saurischia,Dicraeosauridae,dinosaurs.csv
Neuquensaurus,neuquensaurus,Chordata,Reptilia,Saurischia,Saltasauridae,dinosaurs.csv
Antarctosaurus,antarctosaurus,Chordata,Reptilia,Saurischia,,dinosaurs.csv
Titanosaurus,titanosaurus,Chordata,Reptilia,Saurischia,,dinosaurs.csv
Neuquensaurus,neuquensaurus,Chordata,Reptilia,Saurischia,Saltasauridae,dinosaurs.csv
Laplatasaurus,laplatasaurus,Chordata,Reptilia,Saurischia,Titanosauridae,dinosaurs.csv
Neuquensaurus,neuquensaurus,Chordata,Reptilia,Saurischia,Saltasauridae,dinosaurs.csv
Titanosaurus,titanosaurus,Chordata,Reptilia,Saurischia,,dinosaurs.csv
Pellegrinisaurus,pellegrinisaurus,Chordata,Reptilia,Saurischia,,dinosaurs.csv
Antarctosaurus,antarctosaurus,Chordata,Reptilia,Saurischia,,dinosaurs.csv
Titanosaurus,titanosaurus,Chordata,Reptilia,Saurischia,,dinosaurs.csv
Titanosaurus,titanosaurus,Chordata,Reptilia,Saurischia,,dinosaurs.csv
Argyrosaurus,argyrosaurus,Chordata,Reptilia,Saurischia,,dinosaurs.csv
Elaltitan,elaltitan,Chordata,Reptilia,Saurischia,,dinosaurs.csv
Antarctosaurus,antarctosaurus,Chordata,Reptilia,Saurischia,,dinosaurs.csv
Trigonosaurus,trigonosaurus,Chordata,Reptilia,Saurischia,Saltasauridae,dinosaurs.csv
Baurutitan,baurutitan,Chordata,Reptilia,Saurischia,Titanosauridae,dinosaurs.csv
Adamantisaurus,adamantisaurus,Chordata,Reptilia,Saurischia,,dinosaurs.csv
Saurornitholestes,saurornitholestes,Chordata,Reptilia,Saurischia,Dromaeosauridae,dinosaurs.csv
Troodon,troodon,Chordata,Reptilia,Saurischia,Troodontidae,dinosaurs.csv
Richardoestesia,richardoestesia,Chordata,Reptilia,Saurischia,Dromaeosauridae,dinosaurs.csv
Dromaeosaurus,dromaeosaurus,Chordata,Reptilia,Saurischia,Dromaeosauridae,dinosaurs.csv
Saurornitholestes,saurornitholestes,Chordata,Reptilia,Saurischia,Dromaeosauridae,dinosaurs.csv
Richardoestesia,richardoestesia,Chordata,Reptilia,Saurischia,Dromaeosauridae,dinosaurs.csv
Dromaeosaurus,dromaeosaurus,Chordata,Reptilia,Saurischia,Dromaeosauridae,dinosaurs.csv
Angaturama,angaturama,Chordata,Reptilia,Saurischia,Spinosauridae,dinosaurs.csv
Piveteausaurus,piveteausaurus,Chordata,Reptilia,Saurischia,Megalosauridae,dinosaurs.csv
Acrocanthosaurus,acrocanthosaurus,Chordata,Reptilia,Saurischia,Carcharodontosauridae,dinosaurs.csv
Deltadromeus,deltadromeus,Chordata,Reptilia,Saurischia,,dinosaurs.csv
Carcharodontosaurus,carcharodontosaurus,Chordata,Reptilia,Saurischia,Carcharodontosauridae,dinosaurs.csv
Elaphrosaurus,elaphrosaurus,Chordata,Reptilia,Saurischia,,dinosaurs.csv
Erectopus,erectopus,Chordata,Reptilia,Saurischia,Metriacanthosauridae,dinosaurs.csv
Bahariasaurus,bahariasaurus,Chordata,Reptilia,Saurischia,,dinosaurs.csv
Deltadromeus,deltadromeus,Chordata,Reptilia,Saurischia,,dinosaurs.csv
Erectopus,erectopus,Chordata,Reptilia,Saurischia,Metriacanthosauridae,dinosaurs.csv
Elaphrosaurus,elaphrosaurus,Chordata,Reptilia,Saurischia,,dinosaurs.csv
Bahariasaurus,bahariasaurus,Chordata,Reptilia,Saurischia,,dinosaurs.csv
Carcharodontosaurus,carcharodontosaurus,Chordata,Reptilia,Saurischia,Carcharodontosauridae,dinosaurs.csv
Deltadromeus,deltadromeus,Chordata,Reptilia,Saurischia,,dinosaurs.csv
Erectopus,erectopus,Chordata,Reptilia,Saurischia,Metriacanthosauridae,dinosaurs.csv
Carcharodontosaurus,carcharodontosaurus,Chordata,Reptilia,Saurischia,Carcharodontosauridae,dinosaurs.csv
Deltadromeus,deltadromeus,Chordata,Reptilia,Saurischia,,dinosaurs.csv
Europasaurus,europasaurus,Chordata,Reptilia,Saurischia,Brachiosauridae,dinosaurs.csv
Dromaeosaurus,dromaeosaurus,Chordata,Reptilia,Saurischia,Dromaeosauridae,dinosaurs.csv
Dromaeosaurus,dromaeosaurus,Chordata,Reptilia,Saurischia,Dromaeosauridae,dinosaurs.csv
Nanuqsaurus,nanuqsaurus,Chordata,Reptilia,Saurischia,Tyrannosauridae,dinosaurs.csv
Dromaeosaurus,dromaeosaurus,Chordata,Reptilia,Saurischia,Dromaeosauridae,dinosaurs.csv
Troodon,troodon,Chordata,Reptilia,Saurischia,Troodontidae,dinosaurs.csv
Saurornitholestes,saurornitholestes,Chordata,Reptilia,Saurischia,Dromaeosauridae,dinosaurs.csv
Troodon,troodon,Chordata,Reptilia,Saurischia,Troodontidae,dinosaurs.csv
Dromaeosaurus,dromaeosaurus,Chordata,Reptilia,Saurischia,Dromaeosauridae,dinosaurs.csv
Troodon,troodon,Chordata,Reptilia,Saurischia,Troodontidae,dinosaurs.csv
Dilophosaurus,dilophosaurus,Chordata,Reptilia,Saurischia,,dinosaurs.csv
Dilophosauripus,dilophosauripus,Chordata,Reptilia,Saurischia,Grallatoridae,dinosaurs.csv
Kayentavenator,kayentavenator,Chordata,Reptilia,Saurischia,,dinosaurs.csv
Coelophysis,coelophysis,Chordata,Reptilia,Saurischia,,dinosaurs.csv
Nqwebasaurus,nqwebasaurus,Chordata,Reptilia,Saurischia,Compsognathidae,dinosaurs.csv
Eshanosaurus,eshanosaurus,Chordata,Reptilia,Saurischia,Therizinosauridae,dinosaurs.csv
Mamenchisaurus,mamenchisaurus,Chordata,Reptilia,Saurischia,Mamenchisauridae,dinosaurs.csv
Lapparentosaurus,lapparentosaurus,Chordata,Reptilia,Saurischia,,dinosaurs.csv
Venenosaurus,venenosaurus,Chordata,Reptilia,Saurischia,Brachiosauridae,dinosaurs.csv
Patagosaurus,patagosaurus,Chordata,Reptilia,Saurischia,,dinosaurs.csv
Tehuelchesaurus,tehuelchesaurus,Chordata,Reptilia,Saurischia,,dinosaurs.csv
Nopcsaspondylus,nopcsaspondylus,Chordata,Reptilia,Saurischia,Rebbachisauridae,dinosaurs.csv
Giganotosaurus,giganotosaurus,Chordata,Reptilia,Saurischia,Carcharodontosauridae,dinosaurs.csv
Giganotosaurus,giganotosaurus,Chordata,Reptilia,Saurischia,Carcharodontosauridae,dinosaurs.csv
Limaysaurus,limaysaurus,Chordata,Reptilia,Saurischia,Rebbachisauridae,dinosaurs.csv
Limaysaurus,limaysaurus,Chordata,Reptilia,Saurischia,Rebbachisauridae,dinosaurs.csv
Limaysaurus,limaysaurus,Chordata,Reptilia,Saurischia,Rebbachisauridae,dinosaurs.csv
Limaysaurus,limaysaurus,Chordata,Reptilia,Saurischia,Rebbachisauridae,dinosaurs.csv
Guaibasaurus,guaibasaurus,Chordata,Reptilia,Saurischia,Guaibasauridae,dinosaurs.csv
Gondwanatitan,gondwanatitan,Chordata,Reptilia,Saurischia,,dinosaurs.csv
Rocasaurus,rocasaurus,Chordata,Reptilia,Saurischia,Saltasauridae,dinosaurs.csv
Thecodontosaurus,thecodontosaurus,Chordata,Reptilia,Saurischia,,dinosaurs.csv
Quaesitosaurus,quaesitosaurus,Chordata,Reptilia,Saurischia,Nemegtosauridae,dinosaurs.csv
Gallimimus,gallimimus,Chordata,Reptilia,Saurischia,Ornithomimidae,dinosaurs.csv
Avimimus,avimimus,Chordata,Reptilia,Saurischia,,dinosaurs.csv
Tochisaurus,tochisaurus,Chordata,Reptilia,Saurischia,Troodontidae,dinosaurs.csv
Gongxianosaurus,gongxianosaurus,Chordata,Reptilia,Saurischia,,dinosaurs.csv
Argentinosaurus,argentinosaurus,Chordata,Reptilia,Saurischia,,dinosaurs.csv
Camarasaurus,camarasaurus,Chordata,Reptilia,Saurischia,,dinosaurs.csv
Camarasaurus,camarasaurus,Chordata,Reptilia,Saurischia,,dinosaurs.csv
Diplodocus,diplodocus,Chordata,Reptilia,Saurischia,Diplodocidae,dinosaurs.csv
Aegyptosaurus,aegyptosaurus,Chordata,Reptilia,Saurischia,,dinosaurs.csv
Aegyptosaurus,aegyptosaurus,Chordata,Reptilia,Saurischia,,dinosaurs.csv
Aegyptosaurus,aegyptosaurus,Chordata,Reptilia,Saurischia,,dinosaurs.csv
Aegyptosaurus,aegyptosaurus,Chordata,Reptilia,Saurischia,,dinosaurs.csv
Harpymimus,harpymimus,Chordata,Reptilia,Saurischia,,dinosaurs.csv
Anserimimus,anserimimus,Chordata,Reptilia,Saurischia,Ornithomimidae,dinosaurs.csv
Zanabazar,zanabazar,Chordata,Reptilia,Saurischia,Troodontidae,dinosaurs.csv
Coloradisaurus,coloradisaurus,Chordata,Reptilia,Saurischia,Massospondylidae,dinosaurs.csv
Mussaurus,mussaurus,Chordata,Reptilia,Saurischia,,dinosaurs.csv
Neuquensaurus,neuquensaurus,Chordata,Reptilia,Saurischia,Saltasauridae,dinosaurs.csv
Riojasaurus,riojasaurus,Chordata,Reptilia,Saurischia,Riojasauridae,dinosaurs.csv
Nothronychus,nothronychus,Chordata,Reptilia,Saurischia,Therizinosauridae,dinosaurs.csv
Dryptosaurus,dryptosaurus,Chordata,Reptilia,Saurischia,,dinosaurs.csv
Troodon,troodon,Chordata,Reptilia,Saurischia,Troodontidae,dinosaurs.csv
Syntarsus,syntarsus,Chordata,Reptilia,Saurischia,,dinosaurs.csv
Alamosaurus,alamosaurus,Chordata,Reptilia,Saurischia,Saltasauridae,dinosaurs.csv
Alamosaurus,alamosaurus,Chordata,Reptilia,Saurischia,Saltasauridae,dinosaurs.csv
Alamosaurus,alamosaurus,Chordata,Reptilia,Saurischia,Saltasauridae,dinosaurs.csv
Balaur,balaur,Chordata,Reptilia,Saurischia,Dromaeosauridae,dinosaurs.csv
Nuthetes,nuthetes,Chordata,Reptilia,Saurischia,Dromaeosauridae,dinosaurs.csv
Duriavenator,duriavenator,Chordata,Reptilia,Saurischia,Megalosauridae,dinosaurs.csv
Nedcolbertia,nedcolbertia,Chordata,Reptilia,Saurischia,,dinosaurs.csv
Irenichnites,irenichnites,Chordata,Reptilia,Saurischia,Ornithomimipodidae,dinosaurs.csv
Irenesauripus,irenesauripus,Chordata,Reptilia,Saurischia,,dinosaurs.csv
Deinonychus,deinonychus,Chordata,Reptilia,Saurischia,Dromaeosauridae,dinosaurs.csv
Ornithomimus,ornithomimus,Chordata,Reptilia,Saurischia,Ornithomimidae,dinosaurs.csv
Ornithomimus,ornithomimus,Chordata,Reptilia,Saurischia,Ornithomimidae,dinosaurs.csv
Ornithomimus,ornithomimus,Chordata,Reptilia,Saurischia,Ornithomimidae,dinosaurs.csv
Struthiomimus,struthiomimus,Chordata,Reptilia,Saurischia,,dinosaurs.csv
Struthiomimus,struthiomimus,Chordata,Reptilia,Saurischia,,dinosaurs.csv
Struthiomimus,struthiomimus,Chordata,Reptilia,Saurischia,,dinosaurs.csv
Struthiomimus,struthiomimus,Chordata,Reptilia,Saurischia,,dinosaurs.csv
Struthiomimus,struthiomimus,Chordata,Reptilia,Saurischia,,dinosaurs.csv
Struthiomimus,struthiomimus,Chordata,Reptilia,Saurischia,,dinosaurs.csv
Struthiomimus,struthiomimus,Chordata,Reptilia,Saurischia,,dinosaurs.csv
Struthiomimus,struthiomimus,Chordata,Reptilia,Saurischia,,dinosaurs.csv
Struthiomimus,struthiomimus,Chordata,Reptilia,Saurischia,,dinosaurs.csv
Ornithomimus,ornithomimus,Chordata,Reptilia,Saurischia,Ornithomimidae,dinosaurs.csv
Ornithomimus,ornithomimus,Chordata,Reptilia,Saurischia,Ornithomimidae,dinosaurs.csv
Daspletosaurus,daspletosaurus,Chordata,Reptilia,Saurischia,Tyrannosauridae,dinosaurs.csv
Daspletosaurus,daspletosaurus,Chordata,Reptilia,Saurischia,Tyrannosauridae,dinosaurs.csv
Gorgosaurus,gorgosaurus,Chordata,Reptilia,Saurischia,Tyrannosauridae,dinosaurs.csv
Gorgosaurus,gorgosaurus,Chordata,Reptilia,Saurischia,Tyrannosauridae,dinosaurs.csv
Albertosaurus,albertosaurus,Chordata,Reptilia,Saurischia,Tyrannosauridae,dinosaurs.csv
Chindesaurus,chindesaurus,Chordata,Reptilia,Saurischia,Herrerasauridae,dinosaurs.csv
Chindesaurus,chindesaurus,Chordata,Reptilia,Saurischia,Herrerasauridae,dinosaurs.csv
Chindesaurus,chindesaurus,Chordata,Reptilia,Saurischia,Herrerasauridae,dinosaurs.csv
Coelophysis,coelophysis,Chordata,Reptilia,Saurischia,,dinosaurs.csv
Cetiosaurus,cetiosaurus,Chordata,Reptilia,Saurischia,,dinosaurs.csv
Cetiosaurus,cetiosaurus,Chordata,Reptilia,Saurischia,,dinosaurs.csv
Magnosaurus,magnosaurus,Chordata,Reptilia,Saurischia,Megalosauridae,dinosaurs.csv
Megalosaurus,megalosaurus,Chordata,Reptilia,Saurischia,Megalosauridae,dinosaurs.csv
Megalosaurus,megalosaurus,Chordata,Reptilia,Saurischia,Megalosauridae,dinosaurs.csv
Megalosauropus,megalosauropus,Chordata,Reptilia,Saurischia,,dinosaurs.csv
Megalosaurus,megalosaurus,Chordata,Reptilia,Saurischia,Megalosauridae,dinosaurs.csv
Megalosaurus,megalosaurus,Chordata,Reptilia,Saurischia,Megalosauridae,dinosaurs.csv
Megalosaurus,megalosaurus,Chordata,Reptilia,Saurischia,Megalosauridae,dinosaurs.csv
Eustreptospondylus,eustreptospondylus,Chordata,Reptilia,Saurischia,Megalosauridae,dinosaurs.csv
Metriacanthosaurus,metriacanthosaurus,Chordata,Reptilia,Saurischia,Metriacanthosauridae,dinosaurs.csv
Ornithopsis,ornithopsis,Chordata,Reptilia,Saurischia,,dinosaurs.csv
Becklespinax,becklespinax,Chordata,Reptilia,Saurischia,,dinosaurs.csv
Megalosaurus,megalosaurus,Chordata,Reptilia,Saurischia,Megalosauridae,dinosaurs.csv
Megalosaurus,megalosaurus,Chordata,Reptilia,Saurischia,Megalosauridae,dinosaurs.csv
Ornithopsis,ornithopsis,Chordata,Reptilia,Saurischia,,dinosaurs.csv
Irenesauripus,irenesauripus,Chordata,Reptilia,Saurischia,,dinosaurs.csv
Irenesauripus,irenesauripus,Chordata,Reptilia,Saurischia,,dinosaurs.csv
Irenesauripus,irenesauripus,Chordata,Reptilia,Saurischia,,dinosaurs.csv
Cetiosaurus,cetiosaurus,Chordata,Reptilia,Saurischia,,dinosaurs.csv
Irenesauripus,irenesauripus,Chordata,Reptilia,Saurischia,,dinosaurs.csv
Cetiosaurus,cetiosaurus,Chordata,Reptilia,Saurischia,,dinosaurs.csv
Megalosaurus,megalosaurus,Chordata,Reptilia,Saurischia,Megalosauridae,dinosaurs.csv
Columbosauripus,columbosauripus,Chordata,Reptilia,Saurischia,Ornithomimipodidae,dinosaurs.csv
Duriatitan,duriatitan,Chordata,Reptilia,Saurischia,,dinosaurs.csv
Irenichnites,irenichnites,Chordata,Reptilia,Saurischia,Ornithomimipodidae,dinosaurs.csv
Duriatitan,duriatitan,Chordata,Reptilia,Saurischia,,dinosaurs.csv
Herrerasaurus,herrerasaurus,Chordata,Reptilia,Saurischia,Herrerasauridae,dinosaurs.csv
Herrerasaurus,herrerasaurus,Chordata,Reptilia,Saurischia,Herrerasauridae,dinosaurs.csv
Herrerasaurus,herrerasaurus,Chordata,Reptilia,Saurischia,Herrerasauridae,dinosaurs.csv
Herrerasaurus,herrerasaurus,Chordata,Reptilia,Saurischia,Herrerasauridae,dinosaurs.csv
Herrerasaurus,herrerasaurus,Chordata,Reptilia,Saurischia,Herrerasauridae,dinosaurs.csv
Herrerasaurus,herrerasaurus,Chordata,Reptilia,Saurischia,Herrerasauridae,dinosaurs.csv
Herrerasaurus,herrerasaurus,Chordata,Reptilia,Saurischia,Herrerasauridae,dinosaurs.csv
Camarasaurus,camarasaurus,Chordata,Reptilia,Saurischia,,dinosaurs.csv
Brontosaurus,brontosaurus,Chordata,Reptilia,Saurischia,Diplodocidae,dinosaurs.csv
Camarasaurus,camarasaurus,Chordata,Reptilia,Saurischia,,dinosaurs.csv
Jialingpus,jialingpus,Chordata,Reptilia,Saurischia,,dinosaurs.csv
Xiangxipus,xiangxipus,Chordata,Reptilia,Saurischia,,dinosaurs.csv
Hunanpus,hunanpus,Chordata,Reptilia,Saurischia,,dinosaurs.csv
Cedarosaurus,cedarosaurus,Chordata,Reptilia,Saurischia,Brachiosauridae,dinosaurs.csv
Sauroposeidon,sauroposeidon,Chordata,Reptilia,Saurischia,,dinosaurs.csv
Ornithomimus,ornithomimus,Chordata,Reptilia,Saurischia,Ornithomimidae,dinosaurs.csv
Ornithomimus,ornithomimus,Chordata,Reptilia,Saurischia,Ornithomimidae,dinosaurs.csv
Allosaurus,allosaurus,Chordata,Reptilia,Saurischia,Allosauridae,dinosaurs.csv
Apatosaurus,apatosaurus,Chordata,Reptilia,Saurischia,Diplodocidae,dinosaurs.csv
Tyrannosaurus,tyrannosaurus,Chordata,Reptilia,Saurischia,Tyrannosauridae,dinosaurs.csv
Irenesauripus,irenesauripus,Chordata,Reptilia,Saurischia,,dinosaurs.csv
Columbosauripus,columbosauripus,Chordata,Reptilia,Saurischia,Ornithomimipodidae,dinosaurs.csv
Sinornithosaurus,sinornithosaurus,Chordata,Reptilia,Saurischia,Dromaeosauridae,dinosaurs.csv
Spinosaurus,spinosaurus,Chordata,Reptilia,Saurischia,Spinosauridae,dinosaurs.csv
Carcharodontosaurus,carcharodontosaurus,Chordata,Reptilia,Saurischia,Carcharodontosauridae,dinosaurs.csv
Rebbachisaurus,rebbachisaurus,Chordata,Reptilia,Saurischia,Rebbachisauridae,dinosaurs.csv
Ceratosaurus,ceratosaurus,Chordata,Reptilia,Saurischia,,dinosaurs.csv
Herrerasaurus,herrerasaurus,Chordata,Reptilia,Saurischia,Herrerasauridae,dinosaurs.csv
Aeolosaurus,aeolosaurus,Chordata,Reptilia,Saurischia,,dinosaurs.csv
Brachiosaurus,brachiosaurus,Chordata,Reptilia,Saurischia,Brachiosauridae,dinosaurs.csv
Otozoum,otozoum,Chordata,Reptilia,Saurischia,Otozoidae,dinosaurs.csv
Eubrontes,eubrontes,Chordata,Reptilia,Saurischia,Eubrontidae,dinosaurs.csv
Stenonyx,stenonyx,Chordata,Reptilia,Saurischia,Anchisauripodidae,dinosaurs.csv
Eubrontes,eubrontes,Chordata,Reptilia,Saurischia,Eubrontidae,dinosaurs.csv
Sauropus,sauropus,Chordata,Reptilia,Saurischia,Sauropodidae,dinosaurs.csv
Sauropus,sauropus,Chordata,Reptilia,Saurischia,Sauropodidae,dinosaurs.csv
Anticheiropus,anticheiropus,Chordata,Reptilia,Saurischia,,dinosaurs.csv
Otozoum,otozoum,Chordata,Reptilia,Saurischia,Otozoidae,dinosaurs.csv
Platypterna,platypterna,Chordata,Reptilia,Saurischia,,dinosaurs.csv
Eubrontes,eubrontes,Chordata,Reptilia,Saurischia,Eubrontidae,dinosaurs.csv
Platypterna,platypterna,Chordata,Reptilia,Saurischia,,dinosaurs.csv
Selenichnus,selenichnus,Chordata,Reptilia,Saurischia,,dinosaurs.csv
Argoides,argoides,Chordata,Reptilia,Saurischia,,dinosaurs.csv
Platypterna,platypterna,Chordata,Reptilia,Saurischia,,dinosaurs.csv
Argoides,argoides,Chordata,Reptilia,Saurischia,,dinosaurs.csv
Troodon,troodon,Chordata,Reptilia,Saurischia,Troodontidae,dinosaurs.csv
Troodon,troodon,Chordata,Reptilia,Saurischia,Troodontidae,dinosaurs.csv
Ravatichnus,ravatichnus,Chordata,Reptilia,Saurischia,,dinosaurs.csv
Paronychodon,paronychodon,Chordata,Reptilia,Saurischia,Troodontidae,dinosaurs.csv
Ferganasaurus,ferganasaurus,Chordata,Reptilia,Saurischia,,dinosaurs.csv
Tyrannosauripus,tyrannosauripus,Chordata,Reptilia,Saurischia,Tyrannosauridae,dinosaurs.csv
Deinonychus,deinonychus,Chordata,Reptilia,Saurischia,Dromaeosauridae,dinosaurs.csv
Albertosaurus,albertosaurus,Chordata,Reptilia,Saurischia,Tyrannosauridae,dinosaurs.csv
Troodon,troodon,Chordata,Reptilia,Saurischia,Troodontidae,dinosaurs.csv
Hypselosaurus,hypselosaurus,Chordata,Reptilia,Saurischia,Titanosauridae,dinosaurs.csv
Hypselosaurus,hypselosaurus,Chordata,Reptilia,Saurischia,Titanosauridae,dinosaurs.csv
Hypselosaurus,hypselosaurus,Chordata,Reptilia,Saurischia,Titanosauridae,dinosaurs.csv
Cetiosaurus,cetiosaurus,Chordata,Reptilia,Saurischia,,dinosaurs.csv
Tienshanosaurus,tienshanosaurus,Chordata,Reptilia,Saurischia,Mamenchisauridae,dinosaurs.csv
Mamenchisaurus,mamenchisaurus,Chordata,Reptilia,Saurischia,Mamenchisauridae,dinosaurs.csv
Omeisaurus,omeisaurus,Chordata,Reptilia,Saurischia,,dinosaurs.csv
Bellusaurus,bellusaurus,Chordata,Reptilia,Saurischia,,dinosaurs.csv
Omeisaurus,omeisaurus,Chordata,Reptilia,Saurischia,,dinosaurs.csv
Cetiosauriscus,cetiosauriscus,Chordata,Reptilia,Saurischia,,dinosaurs.csv
Navahopus,navahopus,Chordata,Reptilia,Saurischia,,dinosaurs.csv
Plateosaurus,plateosaurus,Chordata,Reptilia,Saurischia,Plateosauridae,dinosaurs.csv
Galvesaurus,galvesaurus,Chordata,Reptilia,Saurischia,,dinosaurs.csv
Lirainosaurus,lirainosaurus,Chordata,Reptilia,Saurischia,,dinosaurs.csv
Erectopus,erectopus,Chordata,Reptilia,Saurischia,Metriacanthosauridae,dinosaurs.csv
Megalosaurus,megalosaurus,Chordata,Reptilia,Saurischia,Megalosauridae,dinosaurs.csv
Allosaurus,allosaurus,Chordata,Reptilia,Saurischia,Allosauridae,dinosaurs.csv
Nanotyrannus,nanotyrannus,Chordata,Reptilia,Saurischia,Tyrannosauridae,dinosaurs.csv
Phuwiangosaurus,phuwiangosaurus,Chordata,Reptilia,Saurischia,,dinosaurs.csv
Coelophysis,coelophysis,Chordata,Reptilia,Saurischia,,dinosaurs.csv
Coelophysis,coelophysis,Chordata,Reptilia,Saurischia,,dinosaurs.csv
Coelophysis,coelophysis,Chordata,Reptilia,Saurischia,,dinosaurs.csv
Coelophysis,coelophysis,Chordata,Reptilia,Saurischia,,dinosaurs.csv
Coelophysis,coelophysis,Chordata,Reptilia,Saurischia,,dinosaurs.csv
Coelophysis,coelophysis,Chordata,Reptilia,Saurischia,,dinosaurs.csv
Coelophysis,coelophysis,Chordata,Reptilia,Saurischia,,dinosaurs.csv
Coelophysis,coelophysis,Chordata,Reptilia,Saurischia,,dinosaurs.csv
Labocania,labocania,Chordata,Reptilia,Saurischia,,dinosaurs.csv
Nemegtomaia,nemegtomaia,Chordata,Reptilia,Saurischia,Oviraptoridae,dinosaurs.csv
Alamosaurus,alamosaurus,Chordata,Reptilia,Saurischia,Saltasauridae,dinosaurs.csv
Dromaeosaurus,dromaeosaurus,Chordata,Reptilia,Saurischia,Dromaeosauridae,dinosaurs.csv
Tyrannosaurus,tyrannosaurus,Chordata,Reptilia,Saurischia,Tyrannosauridae,dinosaurs.csv
Albertosaurus,albertosaurus,Chordata,Reptilia,Saurischia,Tyrannosauridae,dinosaurs.csv
Coelophysis,coelophysis,Chordata,Reptilia,Saurischia,,dinosaurs.csv
Coelophysis,coelophysis,Chordata,Reptilia,Saurischia,,dinosaurs.csv
Otozoum,otozoum,Chordata,Reptilia,Saurischia,Otozoidae,dinosaurs.csv
Argoides,argoides,Chordata,Reptilia,Saurischia,,dinosaurs.csv
Sauropus,sauropus,Chordata,Reptilia,Saurischia,Sauropodidae,dinosaurs.csv
Heyuannia,heyuannia,Chordata,Reptilia,Saurischia,Oviraptoridae,dinosaurs.csv
Deinonychus,deinonychus,Chordata,Reptilia,Saurischia,Dromaeosauridae,dinosaurs.csv
Microvenator,microvenator,Chordata,Reptilia,Saurischia,Caenagnathidae,dinosaurs.csv
Gallimimus,gallimimus,Chordata,Reptilia,Saurischia,Ornithomimidae,dinosaurs.csv
Tarbosaurus,tarbosaurus,Chordata,Reptilia,Saurischia,Tyrannosauridae,dinosaurs.csv
Nedcolbertia,nedcolbertia,Chordata,Reptilia,Saurischia,,dinosaurs.csv
Pseudotetrasauropus,pseudotetrasauropus,Chordata,Reptilia,Saurischia,,dinosaurs.csv
Megaraptor,megaraptor,Chordata,Reptilia,Saurischia,Megaraptoridae,dinosaurs.csv
Unenlagia,unenlagia,Chordata,Reptilia,Saurischia,Dromaeosauridae,dinosaurs.csv
Tyrannosaurus,tyrannosaurus,Chordata,Reptilia,Saurischia,Tyrannosauridae,dinosaurs.csv
Alamosaurus,alamosaurus,Chordata,Reptilia,Saurischia,Saltasauridae,dinosaurs.csv
Torvosaurus,torvosaurus,Chordata,Reptilia,Saurischia,Megalosauridae,dinosaurs.csv
Plateosaurus,plateosaurus,Chordata,Reptilia,Saurischia,Plateosauridae,dinosaurs.csv
Camarasaurus,camarasaurus,Chordata,Reptilia,Saurischia,,dinosaurs.csv
Barosaurus,barosaurus,Chordata,Reptilia,Saurischia,Diplodocidae,dinosaurs.csv
Allosaurus,allosaurus,Chordata,Reptilia,Saurischia,Allosauridae,dinosaurs.csv
Asylosaurus,asylosaurus,Chordata,Reptilia,Saurischia,,dinosaurs.csv
Erectopus,erectopus,Chordata,Reptilia,Saurischia,Metriacanthosauridae,dinosaurs.csv
Erectopus,erectopus,Chordata,Reptilia,Saurischia,Metriacanthosauridae,dinosaurs.csv
Erectopus,erectopus,Chordata,Reptilia,Saurischia,Metriacanthosauridae,dinosaurs.csv
Massospondylus,massospondylus,Chordata,Reptilia,Saurischia,Massospondylidae,dinosaurs.csv
Marshosaurus,marshosaurus,Chordata,Reptilia,Saurischia,Piatnitzkysauridae,dinosaurs.csv
Mapusaurus,mapusaurus,Chordata,Reptilia,Saurischia,Carcharodontosauridae,dinosaurs.csv
Piveteausaurus,piveteausaurus,Chordata,Reptilia,Saurischia,Megalosauridae,dinosaurs.csv
Albertosaurus,albertosaurus,Chordata,Reptilia,Saurischia,Tyrannosauridae,dinosaurs.csv
Buitreraptor,buitreraptor,Chordata,Reptilia,Saurischia,Dromaeosauridae,dinosaurs.csv
Hypselosaurus,hypselosaurus,Chordata,Reptilia,Saurischia,Titanosauridae,dinosaurs.csv
Huaxiagnathus,huaxiagnathus,Chordata,Reptilia,Saurischia,Compsognathidae,dinosaurs.csv
Microraptor,microraptor,Chordata,Reptilia,Saurischia,Dromaeosauridae,dinosaurs.csv
Muyelensaurus,muyelensaurus,Chordata,Reptilia,Saurischia,,dinosaurs.csv
Guaibasaurus,guaibasaurus,Chordata,Reptilia,Saurischia,Guaibasauridae,dinosaurs.csv
Brasilotitan,brasilotitan,Chordata,Reptilia,Saurischia,,dinosaurs.csv
Coelurus,coelurus,Chordata,Reptilia,Saurischia,,dinosaurs.csv
Tanycolagreus,tanycolagreus,Chordata,Reptilia,Saurischia,,dinosaurs.csv
Tanycolagreus,tanycolagreus,Chordata,Reptilia,Saurischia,,dinosaurs.csv
Tanycolagreus,tanycolagreus,Chordata,Reptilia,Saurischia,,dinosaurs.csv
Ceratosaurus,ceratosaurus,Chordata,Reptilia,Saurischia,,dinosaurs.csv
Diplodocus,diplodocus,Chordata,Reptilia,Saurischia,Diplodocidae,dinosaurs.csv
Camarasaurus,camarasaurus,Chordata,Reptilia,Saurischia,,dinosaurs.csv
Apatosaurus,apatosaurus,Chordata,Reptilia,Saurischia,Diplodocidae,dinosaurs.csv
Brontosaurus,brontosaurus,Chordata,Reptilia,Saurischia,Diplodocidae,dinosaurs.csv
Mei,mei,Chordata,Reptilia,Saurischia,Troodontidae,dinosaurs.csv
Eotyrannus,eotyrannus,Chordata,Reptilia,Saurischia,,dinosaurs.csv
Sinornithomimus,sinornithomimus,Chordata,Reptilia,Saurischia,Ornithomimidae,dinosaurs.csv
Incisivosaurus,incisivosaurus,Chordata,Reptilia,Saurischia,,dinosaurs.csv
Microraptor,microraptor,Chordata,Reptilia,Saurischia,Dromaeosauridae,dinosaurs.csv
Sinovenator,sinovenator,Chordata,Reptilia,Saurischia,Troodontidae,dinosaurs.csv
Caudipteryx,caudipteryx,Chordata,Reptilia,Saurischia,Caudipterygidae,dinosaurs.csv
Sinovenator,sinovenator,Chordata,Reptilia,Saurischia,Troodontidae,dinosaurs.csv
Microraptor,microraptor,Chordata,Reptilia,Saurischia,Dromaeosauridae,dinosaurs.csv
Dilong,dilong,Chordata,Reptilia,Saurischia,,dinosaurs.csv
Dilong,dilong,Chordata,Reptilia,Saurischia,,dinosaurs.csv
Neimongosaurus,neimongosaurus,Chordata,Reptilia,Saurischia,Therizinosauridae,dinosaurs.csv
Pedopenna,pedopenna,Chordata,Reptilia,Saurischia,,dinosaurs.csv
Neuquensaurus,neuquensaurus,Chordata,Reptilia,Saurischia,Saltasauridae,dinosaurs.csv
Achillobator,achillobator,Chordata,Reptilia,Saurischia,Dromaeosauridae,dinosaurs.csv
Troodon,troodon,Chordata,Reptilia,Saurischia,Troodontidae,dinosaurs.csv
Saurornitholestes,saurornitholestes,Chordata,Reptilia,Saurischia,Dromaeosauridae,dinosaurs.csv
Archaeodontosaurus,archaeodontosaurus,Chordata,Reptilia,Saurischia,,dinosaurs.csv
Thotobolosaurus,thotobolosaurus,Chordata,Reptilia,Saurischia,Euskelesauridae,dinosaurs.csv
Otozoum,otozoum,Chordata,Reptilia,Saurischia,Otozoidae,dinosaurs.csv
Pseudotetrasauropus,pseudotetrasauropus,Chordata,Reptilia,Saurischia,,dinosaurs.csv
Tazoudasaurus,tazoudasaurus,Chordata,Reptilia,Saurischia,Vulcanodontidae,dinosaurs.csv
Tazoudasaurus,tazoudasaurus,Chordata,Reptilia,Saurischia,Vulcanodontidae,dinosaurs.csv
Berberosaurus,berberosaurus,Chordata,Reptilia,Saurischia,,dinosaurs.csv
Yimenosaurus,yimenosaurus,Chordata,Reptilia,Saurischia,,dinosaurs.csv
Lessemsaurus,lessemsaurus,Chordata,Reptilia,Saurischia,,dinosaurs.csv
Rinconsaurus,rinconsaurus,Chordata,Reptilia,Saurischia,,dinosaurs.csv
Camarasaurus,camarasaurus,Chordata,Reptilia,Saurischia,,dinosaurs.csv
Camarasaurus,camarasaurus,Chordata,Reptilia,Saurischia,,dinosaurs.csv
Saturnalia,saturnalia,Chordata,Reptilia,Saurischia,,dinosaurs.csv
Camarasaurus,camarasaurus,Chordata,Reptilia,Saurischia,,dinosaurs.csv
Apatosaurus,apatosaurus,Chordata,Reptilia,Saurischia,Diplodocidae,dinosaurs.csv
Haplocanthosaurus,haplocanthosaurus,Chordata,Reptilia,Saurischia,,dinosaurs.csv
Diplodocus,diplodocus,Chordata,Reptilia,Saurischia,Diplodocidae,dinosaurs.csv
Camarasaurus,camarasaurus,Chordata,Reptilia,Saurischia,,dinosaurs.csv
Carcharodontosaurus,carcharodontosaurus,Chordata,Reptilia,Saurischia,Carcharodontosauridae,dinosaurs.csv
Diplodocus,diplodocus,Chordata,Reptilia,Saurischia,Diplodocidae,dinosaurs.csv
Camarasaurus,camarasaurus,Chordata,Reptilia,Saurischia,,dinosaurs.csv
Amphicoelias,amphicoelias,Chordata,Reptilia,Saurischia,Diplodocidae,dinosaurs.csv
Camarasaurus,camarasaurus,Chordata,Reptilia,Saurischia,,dinosaurs.csv
Apatosaurus,apatosaurus,Chordata,Reptilia,Saurischia,Diplodocidae,dinosaurs.csv
Ceratosaurus,ceratosaurus,Chordata,Reptilia,Saurischia,,dinosaurs.csv
Torvosaurus,torvosaurus,Chordata,Reptilia,Saurischia,Megalosauridae,dinosaurs.csv
Barosaurus,barosaurus,Chordata,Reptilia,Saurischia,Diplodocidae,dinosaurs.csv
Moraesichnium,moraesichnium,Chordata,Reptilia,Saurischia,,dinosaurs.csv
Camarasaurus,camarasaurus,Chordata,Reptilia,Saurischia,,dinosaurs.csv
Supersaurus,supersaurus,Chordata,Reptilia,Saurischia,Diplodocidae,dinosaurs.csv
Allosaurus,allosaurus,Chordata,Reptilia,Saurischia,Allosauridae,dinosaurs.csv
Allosaurus,allosaurus,Chordata,Reptilia,Saurischia,Allosauridae,dinosaurs.csv
Diplodocus,diplodocus,Chordata,Reptilia,Saurischia,Diplodocidae,dinosaurs.csv
Albertosaurus,albertosaurus,Chordata,Reptilia,Saurischia,Tyrannosauridae,dinosaurs.csv
Paronychodon,paronychodon,Chordata,Reptilia,Saurischia,Troodontidae,dinosaurs.csv
Brachiosaurus,brachiosaurus,Chordata,Reptilia,Saurischia,Brachiosauridae,dinosaurs.csv
Allosaurus,allosaurus,Chordata,Reptilia,Saurischia,Allosauridae,dinosaurs.csv
Brachiosaurus,brachiosaurus,Chordata,Reptilia,Saurischia,Brachiosauridae,dinosaurs.csv
Allosaurus,allosaurus,Chordata,Reptilia,Saurischia,Allosauridae,dinosaurs.csv
Diplodocus,diplodocus,Chordata,Reptilia,Saurischia,Diplodocidae,dinosaurs.csv
Camarasaurus,camarasaurus,Chordata,Reptilia,Saurischia,,dinosaurs.csv
Titanosaurus,titanosaurus,Chordata,Reptilia,Saurischia,,dinosaurs.csv
Antarctosaurus,antarctosaurus,Chordata,Reptilia,Saurischia,,dinosaurs.csv
Carmelopodus,carmelopodus,Chordata,Reptilia,Saurischia,,dinosaurs.csv
Alwalkeria,alwalkeria,Chordata,Reptilia,Saurischia,,dinosaurs.csv
Pseudotetrasauropus,pseudotetrasauropus,Chordata,Reptilia,Saurischia,,dinosaurs.csv
Pseudotetrasauropus,pseudotetrasauropus,Chordata,Reptilia,Saurischia,,dinosaurs.csv
Dryptosaurus,dryptosaurus,Chordata,Reptilia,Saurischia,,dinosaurs.csv
Dryptosaurus,dryptosaurus,Chordata,Reptilia,Saurischia,,dinosaurs.csv
Ornithomimus,ornithomimus,Chordata,Reptilia,Saurischia,Ornithomimidae,dinosaurs.csv
Tyrannosaurus,tyrannosaurus,Chordata,Reptilia,Saurischia,Tyrannosauridae,dinosaurs.csv
Megalosaurus,megalosaurus,Chordata,Reptilia,Saurischia,Megalosauridae,dinosaurs.csv
Megalosaurus,megalosaurus,Chordata,Reptilia,Saurischia,Megalosauridae,dinosaurs.csv
Cetiosaurus,cetiosaurus,Chordata,Reptilia,Saurischia,,dinosaurs.csv
Cetiosaurus,cetiosaurus,Chordata,Reptilia,Saurischia,,dinosaurs.csv
Megalosaurus,megalosaurus,Chordata,Reptilia,Saurischia,Megalosauridae,dinosaurs.csv
Polyonyx,polyonyx,Chordata,Reptilia,Saurischia,,dinosaurs.csv
Dryptosaurus,dryptosaurus,Chordata,Reptilia,Saurischia,,dinosaurs.csv
Dryptosaurus,dryptosaurus,Chordata,Reptilia,Saurischia,,dinosaurs.csv
Paronychodon,paronychodon,Chordata,Reptilia,Saurischia,Troodontidae,dinosaurs.csv
Tyrannosaurus,tyrannosaurus,Chordata,Reptilia,Saurischia,Tyrannosauridae,dinosaurs.csv
Dryptosaurus,dryptosaurus,Chordata,Reptilia,Saurischia,,dinosaurs.csv
Compsognathus,compsognathus,Chordata,Reptilia,Saurischia,Compsognathidae,dinosaurs.csv
Chindesaurus,chindesaurus,Chordata,Reptilia,Saurischia,Herrerasauridae,dinosaurs.csv
Coelophysis,coelophysis,Chordata,Reptilia,Saurischia,,dinosaurs.csv
Coelophysis,coelophysis,Chordata,Reptilia,Saurischia,,dinosaurs.csv
Mamenchisaurus,mamenchisaurus,Chordata,Reptilia,Saurischia,Mamenchisauridae,dinosaurs.csv
Omeisaurus,omeisaurus,Chordata,Reptilia,Saurischia,,dinosaurs.csv
Mamenchisaurus,mamenchisaurus,Chordata,Reptilia,Saurischia,Mamenchisauridae,dinosaurs.csv
Tienshanosaurus,tienshanosaurus,Chordata,Reptilia,Saurischia,Mamenchisauridae,dinosaurs.csv
Velociraptor,velociraptor,Chordata,Reptilia,Saurischia,Dromaeosauridae,dinosaurs.csv
Archaeornithomimus,archaeornithomimus,Chordata,Reptilia,Saurischia,Ornithomimidae,dinosaurs.csv
Oviraptor,oviraptor,Chordata,Reptilia,Saurischia,Oviraptoridae,dinosaurs.csv
Alectrosaurus,alectrosaurus,Chordata,Reptilia,Saurischia,,dinosaurs.csv
Antarctosaurus,antarctosaurus,Chordata,Reptilia,Saurischia,,dinosaurs.csv
Camarasaurus,camarasaurus,Chordata,Reptilia,Saurischia,,dinosaurs.csv
Allosaurus,allosaurus,Chordata,Reptilia,Saurischia,Allosauridae,dinosaurs.csv
Apatosaurus,apatosaurus,Chordata,Reptilia,Saurischia,Diplodocidae,dinosaurs.csv
Camarasaurus,camarasaurus,Chordata,Reptilia,Saurischia,,dinosaurs.csv
Apatosaurus,apatosaurus,Chordata,Reptilia,Saurischia,Diplodocidae,dinosaurs.csv
Diplodocus,diplodocus,Chordata,Reptilia,Saurischia,Diplodocidae,dinosaurs.csv
Brontosaurus,brontosaurus,Chordata,Reptilia,Saurischia,Diplodocidae,dinosaurs.csv
Brontosaurus,brontosaurus,Chordata,Reptilia,Saurischia,Diplodocidae,dinosaurs.csv
Camarasaurus,camarasaurus,Chordata,Reptilia,Saurischia,,dinosaurs.csv
Brontosaurus,brontosaurus,Chordata,Reptilia,Saurischia,Diplodocidae,dinosaurs.csv
Allosaurus,allosaurus,Chordata,Reptilia,Saurischia,Allosauridae,dinosaurs.csv
Camarasaurus,camarasaurus,Chordata,Reptilia,Saurischia,,dinosaurs.csv
Apatosaurus,apatosaurus,Chordata,Reptilia,Saurischia,Diplodocidae,dinosaurs.csv
Diplodocus,diplodocus,Chordata,Reptilia,Saurischia,Diplodocidae,dinosaurs.csv
Diplodocus,diplodocus,Chordata,Reptilia,Saurischia,Diplodocidae,dinosaurs.csv
Barosaurus,barosaurus,Chordata,Reptilia,Saurischia,Diplodocidae,dinosaurs.csv
Allosaurus,allosaurus,Chordata,Reptilia,Saurischia,Allosauridae,dinosaurs.csv
Allosaurus,allosaurus,Chordata,Reptilia,Saurischia,Allosauridae,dinosaurs.csv
Allosaurus,allosaurus,Chordata,Reptilia,Saurischia,Allosauridae,dinosaurs.csv
Camarasaurus,camarasaurus,Chordata,Reptilia,Saurischia,,dinosaurs.csv
Dryptosaurus,dryptosaurus,Chordata,Reptilia,Saurischia,,dinosaurs.csv
Ornithomimus,ornithomimus,Chordata,Reptilia,Saurischia,Ornithomimidae,dinosaurs.csv
Camelotia,camelotia,Chordata,Reptilia,Saurischia,,dinosaurs.csv
Thecodontosaurus,thecodontosaurus,Chordata,Reptilia,Saurischia,,dinosaurs.csv
Cetiosaurus,cetiosaurus,Chordata,Reptilia,Saurischia,,dinosaurs.csv
Titanosaurus,titanosaurus,Chordata,Reptilia,Saurischia,,dinosaurs.csv
Coelophysis,coelophysis,Chordata,Reptilia,Saurischia,,dinosaurs.csv
Gallimimus,gallimimus,Chordata,Reptilia,Saurischia,Ornithomimidae,dinosaurs.csv
Alectrosaurus,alectrosaurus,Chordata,Reptilia,Saurischia,,dinosaurs.csv
Alectrosaurus,alectrosaurus,Chordata,Reptilia,Saurischia,,dinosaurs.csv
Alectrosaurus,alectrosaurus,Chordata,Reptilia,Saurischia,,dinosaurs.csv
Alectrosaurus,alectrosaurus,Chordata,Reptilia,Saurischia,,dinosaurs.csv
Alectrosaurus,alectrosaurus,Chordata,Reptilia,Saurischia,,dinosaurs.csv
Archaeornithomimus,archaeornithomimus,Chordata,Reptilia,Saurischia,Ornithomimidae,dinosaurs.csv
Alectrosaurus,alectrosaurus,Chordata,Reptilia,Saurischia,,dinosaurs.csv
Alectrosaurus,alectrosaurus,Chordata,Reptilia,Saurischia,,dinosaurs.csv
Alectrosaurus,alectrosaurus,Chordata,Reptilia,Saurischia,,dinosaurs.csv
Alectrosaurus,alectrosaurus,Chordata,Reptilia,Saurischia,,dinosaurs.csv
Tastavinsaurus,tastavinsaurus,Chordata,Reptilia,Saurischia,,dinosaurs.csv
Dryptosaurus,dryptosaurus,Chordata,Reptilia,Saurischia,,dinosaurs.csv
Chilantaisaurus,chilantaisaurus,Chordata,Reptilia,Saurischia,Neovenatoridae,dinosaurs.csv
Nanshiungosaurus,nanshiungosaurus,Chordata,Reptilia,Saurischia,Therizinosauridae,dinosaurs.csv
Alectrosaurus,alectrosaurus,Chordata,Reptilia,Saurischia,,dinosaurs.csv
Guanlong,guanlong,Chordata,Reptilia,Saurischia,Proceratosauridae,dinosaurs.csv
Alectrosaurus,alectrosaurus,Chordata,Reptilia,Saurischia,,dinosaurs.csv
Camarasaurus,camarasaurus,Chordata,Reptilia,Saurischia,,dinosaurs.csv
Camarasaurus,camarasaurus,Chordata,Reptilia,Saurischia,,dinosaurs.csv
Allosaurus,allosaurus,Chordata,Reptilia,Saurischia,Allosauridae,dinosaurs.csv
Camarasaurus,camarasaurus,Chordata,Reptilia,Saurischia,,dinosaurs.csv
Apatosaurus,apatosaurus,Chordata,Reptilia,Saurischia,Diplodocidae,dinosaurs.csv
Diplodocus,diplodocus,Chordata,Reptilia,Saurischia,Diplodocidae,dinosaurs.csv
Haplocanthosaurus,haplocanthosaurus,Chordata,Reptilia,Saurischia,,dinosaurs.csv
Allosaurus,allosaurus,Chordata,Reptilia,Saurischia,Allosauridae,dinosaurs.csv
Elaphrosaurus,elaphrosaurus,Chordata,Reptilia,Saurischia,,dinosaurs.csv
Camarasaurus,camarasaurus,Chordata,Reptilia,Saurischia,,dinosaurs.csv
Apatosaurus,apatosaurus,Chordata,Reptilia,Saurischia,Diplodocidae,dinosaurs.csv
Diplodocus,diplodocus,Chordata,Reptilia,Saurischia,Diplodocidae,dinosaurs.csv
Haplocanthosaurus,haplocanthosaurus,Chordata,Reptilia,Saurischia,,dinosaurs.csv
Camarasaurus,camarasaurus,Chordata,Reptilia,Saurischia,,dinosaurs.csv
Apatosaurus,apatosaurus,Chordata,Reptilia,Saurischia,Diplodocidae,dinosaurs.csv
Diplodocus,diplodocus,Chordata,Reptilia,Saurischia,Diplodocidae,dinosaurs.csv
Apatosaurus,apatosaurus,Chordata,Reptilia,Saurischia,Diplodocidae,dinosaurs.csv
Allosaurus,allosaurus,Chordata,Reptilia,Saurischia,Allosauridae,dinosaurs.csv
Camarasaurus,camarasaurus,Chordata,Reptilia,Saurischia,,dinosaurs.csv
Camarasaurus,camarasaurus,Chordata,Reptilia,Saurischia,,dinosaurs.csv
Diplodocus,diplodocus,Chordata,Reptilia,Saurischia,Diplodocidae,dinosaurs.csv
Spinosaurus,spinosaurus,Chordata,Reptilia,Saurischia,Spinosauridae,dinosaurs.csv
Hagryphus,hagryphus,Chordata,Reptilia,Saurischia,Caenagnathidae,dinosaurs.csv
Allosaurus,allosaurus,Chordata,Reptilia,Saurischia,Allosauridae,dinosaurs.csv
Allosaurus,allosaurus,Chordata,Reptilia,Saurischia,Allosauridae,dinosaurs.csv
Riojasaurus,riojasaurus,Chordata,Reptilia,Saurischia,Riojasauridae,dinosaurs.csv
Ligabueino,ligabueino,Chordata,Reptilia,Saurischia,Noasauridae,dinosaurs.csv
Rayososaurus,rayososaurus,Chordata,Reptilia,Saurischia,Rebbachisauridae,dinosaurs.csv
Aeolosaurus,aeolosaurus,Chordata,Reptilia,Saurischia,,dinosaurs.csv
Rugops,rugops,Chordata,Reptilia,Saurischia,Abelisauridae,dinosaurs.csv
Carcharodontosaurus,carcharodontosaurus,Chordata,Reptilia,Saurischia,Carcharodontosauridae,dinosaurs.csv
Spinosaurus,spinosaurus,Chordata,Reptilia,Saurischia,Spinosauridae,dinosaurs.csv
Alectrosaurus,alectrosaurus,Chordata,Reptilia,Saurischia,,dinosaurs.csv
Alectrosaurus,alectrosaurus,Chordata,Reptilia,Saurischia,,dinosaurs.csv
Protoavis,protoavis,Chordata,Reptilia,Saurischia,,dinosaurs.csv
Troodon,troodon,Chordata,Reptilia,Saurischia,Troodontidae,dinosaurs.csv
Camarasaurus,camarasaurus,Chordata,Reptilia,Saurischia,,dinosaurs.csv
Allosaurus,allosaurus,Chordata,Reptilia,Saurischia,Allosauridae,dinosaurs.csv
Camarasaurus,camarasaurus,Chordata,Reptilia,Saurischia,,dinosaurs.csv
Diplodocus,diplodocus,Chordata,Reptilia,Saurischia,Diplodocidae,dinosaurs.csv
Gorgosaurus,gorgosaurus,Chordata,Reptilia,Saurischia,Tyrannosauridae,dinosaurs.csv
Breviparopus,breviparopus,Chordata,Reptilia,Saurischia,Parabrontopodidae,dinosaurs.csv
Gorgosaurus,gorgosaurus,Chordata,Reptilia,Saurischia,Tyrannosauridae,dinosaurs.csv
Mamenchisaurus,mamenchisaurus,Chordata,Reptilia,Saurischia,Mamenchisauridae,dinosaurs.csv
Mamenchisaurus,mamenchisaurus,Chordata,Reptilia,Saurischia,Mamenchisauridae,dinosaurs.csv
Mamenchisaurus,mamenchisaurus,Chordata,Reptilia,Saurischia,Mamenchisauridae,dinosaurs.csv
Mamenchisaurus,mamenchisaurus,Chordata,Reptilia,Saurischia,Mamenchisauridae,dinosaurs.csv
Limaysaurus,limaysaurus,Chordata,Reptilia,Saurischia,Rebbachisauridae,dinosaurs.csv
Tendaguria,tendaguria,Chordata,Reptilia,Saurischia,,dinosaurs.csv
Gorgosaurus,gorgosaurus,Chordata,Reptilia,Saurischia,Tyrannosauridae,dinosaurs.csv
Camarasaurus,camarasaurus,Chordata,Reptilia,Saurischia,,dinosaurs.csv
Richardoestesia,richardoestesia,Chordata,Reptilia,Saurischia,Dromaeosauridae,dinosaurs.csv
Austroraptor,austroraptor,Chordata,Reptilia,Saurischia,Dromaeosauridae,dinosaurs.csv
Camarasaurus,camarasaurus,Chordata,Reptilia,Saurischia,,dinosaurs.csv
Saurornitholestes,saurornitholestes,Chordata,Reptilia,Saurischia,Dromaeosauridae,dinosaurs.csv
Troodon,troodon,Chordata,Reptilia,Saurischia,Troodontidae,dinosaurs.csv
Chirostenotes,chirostenotes,Chordata,Reptilia,Saurischia,Caenagnathidae,dinosaurs.csv
Megalosaurus,megalosaurus,Chordata,Reptilia,Saurischia,Megalosauridae,dinosaurs.csv
Troodon,troodon,Chordata,Reptilia,Saurischia,Troodontidae,dinosaurs.csv
Troodon,troodon,Chordata,Reptilia,Saurischia,Troodontidae,dinosaurs.csv
Saurornitholestes,saurornitholestes,Chordata,Reptilia,Saurischia,Dromaeosauridae,dinosaurs.csv
Neuquensaurus,neuquensaurus,Chordata,Reptilia,Saurischia,Saltasauridae,dinosaurs.csv
Laplatasaurus,laplatasaurus,Chordata,Reptilia,Saurischia,Titanosauridae,dinosaurs.csv
Antarctosaurus,antarctosaurus,Chordata,Reptilia,Saurischia,,dinosaurs.csv
Titanosaurus,titanosaurus,Chordata,Reptilia,Saurischia,,dinosaurs.csv
Juravenator,juravenator,Chordata,Reptilia,Saurischia,,dinosaurs.csv
Ignotornis,ignotornis,Chordata,Reptilia,Saurischia,,dinosaurs.csv
Siamopodus,siamopodus,Chordata,Reptilia,Saurischia,,dinosaurs.csv
Saurornitholestes,saurornitholestes,Chordata,Reptilia,Saurischia,Dromaeosauridae,dinosaurs.csv
Paronychodon,paronychodon,Chordata,Reptilia,Saurischia,Troodontidae,dinosaurs.csv
Erketu,erketu,Chordata,Reptilia,Saurischia,,dinosaurs.csv
Meroktenos,meroktenos,Chordata,Reptilia,Saurischia,,dinosaurs.csv
Carcharodontosaurus,carcharodontosaurus,Chordata,Reptilia,Saurischia,Carcharodontosauridae,dinosaurs.csv
Lufengosaurus,lufengosaurus,Chordata,Reptilia,Saurischia,Massospondylidae,dinosaurs.csv
Lufengosaurus,lufengosaurus,Chordata,Reptilia,Saurischia,Massospondylidae,dinosaurs.csv
Lufengosaurus,lufengosaurus,Chordata,Reptilia,Saurischia,Massospondylidae,dinosaurs.csv
Megalosaurus,megalosaurus,Chordata,Reptilia,Saurischia,Megalosauridae,dinosaurs.csv
Megalosaurus,megalosaurus,Chordata,Reptilia,Saurischia,Megalosauridae,dinosaurs.csv
Massospondylus,massospondylus,Chordata,Reptilia,Saurischia,Massospondylidae,dinosaurs.csv
Adeopapposaurus,adeopapposaurus,Chordata,Reptilia,Saurischia,Massospondylidae,dinosaurs.csv
Albertosaurus,albertosaurus,Chordata,Reptilia,Saurischia,Tyrannosauridae,dinosaurs.csv
Leptorhynchos,leptorhynchos,Chordata,Reptilia,Saurischia,Caenagnathidae,dinosaurs.csv
Chirostenotes,chirostenotes,Chordata,Reptilia,Saurischia,Caenagnathidae,dinosaurs.csv
Tyrannosaurus,tyrannosaurus,Chordata,Reptilia,Saurischia,Tyrannosauridae,dinosaurs.csv
Troodon,troodon,Chordata,Reptilia,Saurischia,Troodontidae,dinosaurs.csv
Iranosauripus,iranosauripus,Chordata,Reptilia,Saurischia,,dinosaurs.csv
Nigersaurus,nigersaurus,Chordata,Reptilia,Saurischia,Rebbachisauridae,dinosaurs.csv
Jobaria,jobaria,Chordata,Reptilia,Saurischia,,dinosaurs.csv
Satapliasaurus,satapliasaurus,Chordata,Reptilia,Saurischia,,dinosaurs.csv
Jobaria,jobaria,Chordata,Reptilia,Saurischia,,dinosaurs.csv
Macropodosaurus,macropodosaurus,Chordata,Reptilia,Saurischia,,dinosaurs.csv
Tetrasauropus,tetrasauropus,Chordata,Reptilia,Saurischia,,dinosaurs.csv
Carcharodontosaurus,carcharodontosaurus,Chordata,Reptilia,Saurischia,Carcharodontosauridae,dinosaurs.csv
Carcharodontosaurus,carcharodontosaurus,Chordata,Reptilia,Saurischia,Carcharodontosauridae,dinosaurs.csv
Titanosaurus,titanosaurus,Chordata,Reptilia,Saurischia,,dinosaurs.csv
Majungasaurus,majungasaurus,Chordata,Reptilia,Saurischia,Abelisauridae,dinosaurs.csv
Titanosaurus,titanosaurus,Chordata,Reptilia,Saurischia,,dinosaurs.csv
Alectrosaurus,alectrosaurus,Chordata,Reptilia,Saurischia,,dinosaurs.csv
Alectrosaurus,alectrosaurus,Chordata,Reptilia,Saurischia,,dinosaurs.csv
Neimongosaurus,neimongosaurus,Chordata,Reptilia,Saurischia,Therizinosauridae,dinosaurs.csv
Megalosaurus,megalosaurus,Chordata,Reptilia,Saurischia,Megalosauridae,dinosaurs.csv
Cetiosaurus,cetiosaurus,Chordata,Reptilia,Saurischia,,dinosaurs.csv
Rebbachisaurus,rebbachisaurus,Chordata,Reptilia,Saurischia,Rebbachisauridae,dinosaurs.csv
Hypselosaurus,hypselosaurus,Chordata,Reptilia,Saurischia,Titanosauridae,dinosaurs.csv
Hypselosaurus,hypselosaurus,Chordata,Reptilia,Saurischia,Titanosauridae,dinosaurs.csv
Argoides,argoides,Chordata,Reptilia,Saurischia,,dinosaurs.csv
Atacamatitan,atacamatitan,Chordata,Reptilia,Saurischia,,dinosaurs.csv
Spinosaurus,spinosaurus,Chordata,Reptilia,Saurischia,Spinosauridae,dinosaurs.csv
Suchomimus,suchomimus,Chordata,Reptilia,Saurischia,Spinosauridae,dinosaurs.csv
Omeisaurus,omeisaurus,Chordata,Reptilia,Saurischia,,dinosaurs.csv
Mamenchisaurus,mamenchisaurus,Chordata,Reptilia,Saurischia,Mamenchisauridae,dinosaurs.csv
Yangchuanosaurus,yangchuanosaurus,Chordata,Reptilia,Saurischia,Metriacanthosauridae,dinosaurs.csv
Angolatitan,angolatitan,Chordata,Reptilia,Saurischia,,dinosaurs.csv
Tyrannosaurus,tyrannosaurus,Chordata,Reptilia,Saurischia,Tyrannosauridae,dinosaurs.csv
Titanosaurus,titanosaurus,Chordata,Reptilia,Saurischia,,dinosaurs.csv
Chebsaurus,chebsaurus,Chordata,Reptilia,Saurischia,Cetiosauridae,dinosaurs.csv
Tyrannosaurus,tyrannosaurus,Chordata,Reptilia,Saurischia,Tyrannosauridae,dinosaurs.csv
Saurexallopus,saurexallopus,Chordata,Reptilia,Saurischia,,dinosaurs.csv
Navahopus,navahopus,Chordata,Reptilia,Saurischia,,dinosaurs.csv
Otozoum,otozoum,Chordata,Reptilia,Saurischia,Otozoidae,dinosaurs.csv
Changpeipus,changpeipus,Chordata,Reptilia,Saurischia,,dinosaurs.csv
Paragrallator,paragrallator,Chordata,Reptilia,Saurischia,,dinosaurs.csv
Yangtzepus,yangtzepus,Chordata,Reptilia,Saurischia,,dinosaurs.csv
Velociraptorichnus,velociraptorichnus,Chordata,Reptilia,Saurischia,Dromaeopodidae,dinosaurs.csv
Minisauripus,minisauripus,Chordata,Reptilia,Saurischia,,dinosaurs.csv
Jinlijingpus,jinlijingpus,Chordata,Reptilia,Saurischia,Eubrontidae,dinosaurs.csv
Asianopodus,asianopodus,Chordata,Reptilia,Saurischia,,dinosaurs.csv
Chapus,chapus,Chordata,Reptilia,Saurischia,Eubrontidae,dinosaurs.csv
Changpeipus,changpeipus,Chordata,Reptilia,Saurischia,,dinosaurs.csv
Asianopodus,asianopodus,Chordata,Reptilia,Saurischia,,dinosaurs.csv
Paronychodon,paronychodon,Chordata,Reptilia,Saurischia,Troodontidae,dinosaurs.csv
Richardoestesia,richardoestesia,Chordata,Reptilia,Saurischia,Dromaeosauridae,dinosaurs.csv
Troodon,troodon,Chordata,Reptilia,Saurischia,Troodontidae,dinosaurs.csv
Ignotornis,ignotornis,Chordata,Reptilia,Saurischia,,dinosaurs.csv
Tyrannosaurus,tyrannosaurus,Chordata,Reptilia,Saurischia,Tyrannosauridae,dinosaurs.csv
Wintonotitan,wintonotitan,Chordata,Reptilia,Saurischia,,dinosaurs.csv
Wintonotitan,wintonotitan,Chordata,Reptilia,Saurischia,,dinosaurs.csv
Allosaurus,allosaurus,Chordata,Reptilia,Saurischia,Allosauridae,dinosaurs.csv
Richardoestesia,richardoestesia,Chordata,Reptilia,Saurischia,Dromaeosauridae,dinosaurs.csv
Paronychodon,paronychodon,Chordata,Reptilia,Saurischia,Troodontidae,dinosaurs.csv
Richardoestesia,richardoestesia,Chordata,Reptilia,Saurischia,Dromaeosauridae,dinosaurs.csv
Cetiosaurus,cetiosaurus,Chordata,Reptilia,Saurischia,,dinosaurs.csv
Ligabuesaurus,ligabuesaurus,Chordata,Reptilia,Saurischia,,dinosaurs.csv
Troodon,troodon,Chordata,Reptilia,Saurischia,Troodontidae,dinosaurs.csv
Tarbosaurus,tarbosaurus,Chordata,Reptilia,Saurischia,Tyrannosauridae,dinosaurs.csv
Saurornitholestes,saurornitholestes,Chordata,Reptilia,Saurischia,Dromaeosauridae,dinosaurs.csv
Richardoestesia,richardoestesia,Chordata,Reptilia,Saurischia,Dromaeosauridae,dinosaurs.csv
Daspletosaurus,daspletosaurus,Chordata,Reptilia,Saurischia,Tyrannosauridae,dinosaurs.csv
Daspletosaurus,daspletosaurus,Chordata,Reptilia,Saurischia,Tyrannosauridae,dinosaurs.csv
Paronychodon,paronychodon,Chordata,Reptilia,Saurischia,Troodontidae,dinosaurs.csv
Troodon,troodon,Chordata,Reptilia,Saurischia,Troodontidae,dinosaurs.csv
Dromaeosaurus,dromaeosaurus,Chordata,Reptilia,Saurischia,Dromaeosauridae,dinosaurs.csv
Dromaeosaurus,dromaeosaurus,Chordata,Reptilia,Saurischia,Dromaeosauridae,dinosaurs.csv
Troodon,troodon,Chordata,Reptilia,Saurischia,Troodontidae,dinosaurs.csv
Saurornitholestes,saurornitholestes,Chordata,Reptilia,Saurischia,Dromaeosauridae,dinosaurs.csv
Saurornitholestes,saurornitholestes,Chordata,Reptilia,Saurischia,Dromaeosauridae,dinosaurs.csv
Bambiraptor,bambiraptor,Chordata,Reptilia,Saurischia,Dromaeosauridae,dinosaurs.csv
Saurornitholestes,saurornitholestes,Chordata,Reptilia,Saurischia,Dromaeosauridae,dinosaurs.csv
Richardoestesia,richardoestesia,Chordata,Reptilia,Saurischia,Dromaeosauridae,dinosaurs.csv
Paronychodon,paronychodon,Chordata,Reptilia,Saurischia,Troodontidae,dinosaurs.csv
Daspletosaurus,daspletosaurus,Chordata,Reptilia,Saurischia,Tyrannosauridae,dinosaurs.csv
Paronychodon,paronychodon,Chordata,Reptilia,Saurischia,Troodontidae,dinosaurs.csv
Richardoestesia,richardoestesia,Chordata,Reptilia,Saurischia,Dromaeosauridae,dinosaurs.csv
Alamosaurus,alamosaurus,Chordata,Reptilia,Saurischia,Saltasauridae,dinosaurs.csv
Megalosauropus,megalosauropus,Chordata,Reptilia,Saurischia,,dinosaurs.csv
Titanosaurimanus,titanosaurimanus,Chordata,Reptilia,Saurischia,,dinosaurs.csv
Tyrannosaurus,tyrannosaurus,Chordata,Reptilia,Saurischia,Tyrannosauridae,dinosaurs.csv
Thecodontosaurus,thecodontosaurus,Chordata,Reptilia,Saurischia,,dinosaurs.csv
Nuthetes,nuthetes,Chordata,Reptilia,Saurischia,Dromaeosauridae,dinosaurs.csv
Sphingopus,sphingopus,Chordata,Reptilia,Saurischia,Parachirotheriidae,dinosaurs.csv
Coelophysis,coelophysis,Chordata,Reptilia,Saurischia,,dinosaurs.csv
Bistahieversor,bistahieversor,Chordata,Reptilia,Saurischia,,dinosaurs.csv
Euhelopus,euhelopus,Chordata,Reptilia,Saurischia,,dinosaurs.csv
Diamantinasaurus,diamantinasaurus,Chordata,Reptilia,Saurischia,,dinosaurs.csv
Skartopus,skartopus,Chordata,Reptilia,Saurischia,,dinosaurs.csv
Megalosauropus,megalosauropus,Chordata,Reptilia,Saurischia,,dinosaurs.csv
Allosaurus,allosaurus,Chordata,Reptilia,Saurischia,Allosauridae,dinosaurs.csv
Torvosaurus,torvosaurus,Chordata,Reptilia,Saurischia,Megalosauridae,dinosaurs.csv
Camarasaurus,camarasaurus,Chordata,Reptilia,Saurischia,,dinosaurs.csv
Pelecanimimus,pelecanimimus,Chordata,Reptilia,Saurischia,,dinosaurs.csv
Puertasaurus,puertasaurus,Chordata,Reptilia,Saurischia,,dinosaurs.csv
Velociraptor,velociraptor,Chordata,Reptilia,Saurischia,Dromaeosauridae,dinosaurs.csv
Velociraptor,velociraptor,Chordata,Reptilia,Saurischia,Dromaeosauridae,dinosaurs.csv
Velociraptor,velociraptor,Chordata,Reptilia,Saurischia,Dromaeosauridae,dinosaurs.csv
Titanosaurus,titanosaurus,Chordata,Reptilia,Saurischia,,dinosaurs.csv
Yuanmousaurus,yuanmousaurus,Chordata,Reptilia,Saurischia,Mamenchisauridae,dinosaurs.csv
Sonidosaurus,sonidosaurus,Chordata,Reptilia,Saurischia,,dinosaurs.csv
Borealosaurus,borealosaurus,Chordata,Reptilia,Saurischia,,dinosaurs.csv
Gobititan,gobititan,Chordata,Reptilia,Saurischia,,dinosaurs.csv
Sinusonasus,sinusonasus,Chordata,Reptilia,Saurischia,Troodontidae,dinosaurs.csv
Ceratosaurus,ceratosaurus,Chordata,Reptilia,Saurischia,,dinosaurs.csv
Neuquensaurus,neuquensaurus,Chordata,Reptilia,Saurischia,Saltasauridae,dinosaurs.csv
Tarbosaurus,tarbosaurus,Chordata,Reptilia,Saurischia,Tyrannosauridae,dinosaurs.csv
Chirostenotes,chirostenotes,Chordata,Reptilia,Saurischia,Caenagnathidae,dinosaurs.csv
Plateosaurus,plateosaurus,Chordata,Reptilia,Saurischia,Plateosauridae,dinosaurs.csv
Chirostenotes,chirostenotes,Chordata,Reptilia,Saurischia,Caenagnathidae,dinosaurs.csv
Chirostenotes,chirostenotes,Chordata,Reptilia,Saurischia,Caenagnathidae,dinosaurs.csv
Troodon,troodon,Chordata,Reptilia,Saurischia,Troodontidae,dinosaurs.csv
Troodon,troodon,Chordata,Reptilia,Saurischia,Troodontidae,dinosaurs.csv
Troodon,troodon,Chordata,Reptilia,Saurischia,Troodontidae,dinosaurs.csv
Troodon,troodon,Chordata,Reptilia,Saurischia,Troodontidae,dinosaurs.csv
Irenesauripus,irenesauripus,Chordata,Reptilia,Saurischia,,dinosaurs.csv
Irenesauripus,irenesauripus,Chordata,Reptilia,Saurischia,,dinosaurs.csv
Irenesauripus,irenesauripus,Chordata,Reptilia,Saurischia,,dinosaurs.csv
Columbosauripus,columbosauripus,Chordata,Reptilia,Saurischia,Ornithomimipodidae,dinosaurs.csv
Irenichnites,irenichnites,Chordata,Reptilia,Saurischia,Ornithomimipodidae,dinosaurs.csv
Troodon,troodon,Chordata,Reptilia,Saurischia,Troodontidae,dinosaurs.csv
Pectinodon,pectinodon,Chordata,Reptilia,Saurischia,Troodontidae,dinosaurs.csv
Cetiosaurus,cetiosaurus,Chordata,Reptilia,Saurischia,,dinosaurs.csv
Duriatitan,duriatitan,Chordata,Reptilia,Saurischia,,dinosaurs.csv
Duriatitan,duriatitan,Chordata,Reptilia,Saurischia,,dinosaurs.csv
Shixinggia,shixinggia,Chordata,Reptilia,Saurischia,Oviraptoridae,dinosaurs.csv
Albertosaurus,albertosaurus,Chordata,Reptilia,Saurischia,Tyrannosauridae,dinosaurs.csv
Camarasaurus,camarasaurus,Chordata,Reptilia,Saurischia,,dinosaurs.csv
Shaochilong,shaochilong,Chordata,Reptilia,Saurischia,Carcharodontosauridae,dinosaurs.csv
Chilantaisaurus,chilantaisaurus,Chordata,Reptilia,Saurischia,Neovenatoridae,dinosaurs.csv
Sinosaurus,sinosaurus,Chordata,Reptilia,Saurischia,,dinosaurs.csv
Lufengosaurus,lufengosaurus,Chordata,Reptilia,Saurischia,Massospondylidae,dinosaurs.csv
Yunnanosaurus,yunnanosaurus,Chordata,Reptilia,Saurischia,,dinosaurs.csv
Lufengopus,lufengopus,Chordata,Reptilia,Saurischia,Eubrontidae,dinosaurs.csv
Laplatasaurus,laplatasaurus,Chordata,Reptilia,Saurischia,Titanosauridae,dinosaurs.csv
Carcharodontosaurus,carcharodontosaurus,Chordata,Reptilia,Saurischia,Carcharodontosauridae,dinosaurs.csv
Spinosaurus,spinosaurus,Chordata,Reptilia,Saurischia,Spinosauridae,dinosaurs.csv
Zapalasaurus,zapalasaurus,Chordata,Reptilia,Saurischia,Rebbachisauridae,dinosaurs.csv
Amazonsaurus,amazonsaurus,Chordata,Reptilia,Saurischia,Rebbachisauridae,dinosaurs.csv
Cathartesaura,cathartesaura,Chordata,Reptilia,Saurischia,Rebbachisauridae,dinosaurs.csv
Maxakalisaurus,maxakalisaurus,Chordata,Reptilia,Saurischia,,dinosaurs.csv
Titanosaurus,titanosaurus,Chordata,Reptilia,Saurischia,,dinosaurs.csv
Camarasaurus,camarasaurus,Chordata,Reptilia,Saurischia,,dinosaurs.csv
Diplodocus,diplodocus,Chordata,Reptilia,Saurischia,Diplodocidae,dinosaurs.csv
Apatosaurus,apatosaurus,Chordata,Reptilia,Saurischia,Diplodocidae,dinosaurs.csv
Aeolosaurus,aeolosaurus,Chordata,Reptilia,Saurischia,,dinosaurs.csv
Aeolosaurus,aeolosaurus,Chordata,Reptilia,Saurischia,,dinosaurs.csv
Coelophysis,coelophysis,Chordata,Reptilia,Saurischia,,dinosaurs.csv
Richardoestesia,richardoestesia,Chordata,Reptilia,Saurischia,Dromaeosauridae,dinosaurs.csv
Paronychodon,paronychodon,Chordata,Reptilia,Saurischia,Troodontidae,dinosaurs.csv
Dromaeosaurus,dromaeosaurus,Chordata,Reptilia,Saurischia,Dromaeosauridae,dinosaurs.csv
Dromaeosaurus,dromaeosaurus,Chordata,Reptilia,Saurischia,Dromaeosauridae,dinosaurs.csv
Richardoestesia,richardoestesia,Chordata,Reptilia,Saurischia,Dromaeosauridae,dinosaurs.csv
Paronychodon,paronychodon,Chordata,Reptilia,Saurischia,Troodontidae,dinosaurs.csv
Dromaeosaurus,dromaeosaurus,Chordata,Reptilia,Saurischia,Dromaeosauridae,dinosaurs.csv
Richardoestesia,richardoestesia,Chordata,Reptilia,Saurischia,Dromaeosauridae,dinosaurs.csv
Troodon,troodon,Chordata,Reptilia,Saurischia,Troodontidae,dinosaurs.csv
Richardoestesia,richardoestesia,Chordata,Reptilia,Saurischia,Dromaeosauridae,dinosaurs.csv
Paronychodon,paronychodon,Chordata,Reptilia,Saurischia,Troodontidae,dinosaurs.csv
Dromaeosaurus,dromaeosaurus,Chordata,Reptilia,Saurischia,Dromaeosauridae,dinosaurs.csv
Richardoestesia,richardoestesia,Chordata,Reptilia,Saurischia,Dromaeosauridae,dinosaurs.csv
Richardoestesia,richardoestesia,Chordata,Reptilia,Saurischia,Dromaeosauridae,dinosaurs.csv
Paronychodon,paronychodon,Chordata,Reptilia,Saurischia,Troodontidae,dinosaurs.csv
Dromaeosaurus,dromaeosaurus,Chordata,Reptilia,Saurischia,Dromaeosauridae,dinosaurs.csv
Richardoestesia,richardoestesia,Chordata,Reptilia,Saurischia,Dromaeosauridae,dinosaurs.csv
Paronychodon,paronychodon,Chordata,Reptilia,Saurischia,Troodontidae,dinosaurs.csv
Dromaeosaurus,dromaeosaurus,Chordata,Reptilia,Saurischia,Dromaeosauridae,dinosaurs.csv
Troodon,troodon,Chordata,Reptilia,Saurischia,Troodontidae,dinosaurs.csv
Paronychodon,paronychodon,Chordata,Reptilia,Saurischia,Troodontidae,dinosaurs.csv
Troodon,troodon,Chordata,Reptilia,Saurischia,Troodontidae,dinosaurs.csv
Richardoestesia,richardoestesia,Chordata,Reptilia,Saurischia,Dromaeosauridae,dinosaurs.csv
Richardoestesia,richardoestesia,Chordata,Reptilia,Saurischia,Dromaeosauridae,dinosaurs.csv
Paronychodon,paronychodon,Chordata,Reptilia,Saurischia,Troodontidae,dinosaurs.csv
Dromaeosaurus,dromaeosaurus,Chordata,Reptilia,Saurischia,Dromaeosauridae,dinosaurs.csv
Troodon,troodon,Chordata,Reptilia,Saurischia,Troodontidae,dinosaurs.csv
Richardoestesia,richardoestesia,Chordata,Reptilia,Saurischia,Dromaeosauridae,dinosaurs.csv
Richardoestesia,richardoestesia,Chordata,Reptilia,Saurischia,Dromaeosauridae,dinosaurs.csv
Paronychodon,paronychodon,Chordata,Reptilia,Saurischia,Troodontidae,dinosaurs.csv
Dromaeosaurus,dromaeosaurus,Chordata,Reptilia,Saurischia,Dromaeosauridae,dinosaurs.csv
Richardoestesia,richardoestesia,Chordata,Reptilia,Saurischia,Dromaeosauridae,dinosaurs.csv
Paronychodon,paronychodon,Chordata,Reptilia,Saurischia,Troodontidae,dinosaurs.csv
Dromaeosaurus,dromaeosaurus,Chordata,Reptilia,Saurischia,Dromaeosauridae,dinosaurs.csv
Saurornitholestes,saurornitholestes,Chordata,Reptilia,Saurischia,Dromaeosauridae,dinosaurs.csv
Richardoestesia,richardoestesia,Chordata,Reptilia,Saurischia,Dromaeosauridae,dinosaurs.csv
Paronychodon,paronychodon,Chordata,Reptilia,Saurischia,Troodontidae,dinosaurs.csv
Richardoestesia,richardoestesia,Chordata,Reptilia,Saurischia,Dromaeosauridae,dinosaurs.csv
Paronychodon,paronychodon,Chordata,Reptilia,Saurischia,Troodontidae,dinosaurs.csv
Richardoestesia,richardoestesia,Chordata,Reptilia,Saurischia,Dromaeosauridae,dinosaurs.csv
Richardoestesia,richardoestesia,Chordata,Reptilia,Saurischia,Dromaeosauridae,dinosaurs.csv
Dromaeosaurus,dromaeosaurus,Chordata,Reptilia,Saurischia,Dromaeosauridae,dinosaurs.csv
Richardoestesia,richardoestesia,Chordata,Reptilia,Saurischia,Dromaeosauridae,dinosaurs.csv
Magyarosaurus,magyarosaurus,Chordata,Reptilia,Saurischia,,dinosaurs.csv
Magyarosaurus,magyarosaurus,Chordata,Reptilia,Saurischia,,dinosaurs.csv
Tsaagan,tsaagan,Chordata,Reptilia,Saurischia,Dromaeosauridae,dinosaurs.csv
Ornithomimipus,ornithomimipus,Chordata,Reptilia,Saurischia,Ornithomimipodidae,dinosaurs.csv
Ornithomimipus,ornithomimipus,Chordata,Reptilia,Saurischia,Ornithomimipodidae,dinosaurs.csv
Ornithomimipus,ornithomimipus,Chordata,Reptilia,Saurischia,Ornithomimipodidae,dinosaurs.csv
Ornithomimipus,ornithomimipus,Chordata,Reptilia,Saurischia,Ornithomimipodidae,dinosaurs.csv
Irenesauripus,irenesauripus,Chordata,Reptilia,Saurischia,,dinosaurs.csv
Columbosauripus,columbosauripus,Chordata,Reptilia,Saurischia,Ornithomimipodidae,dinosaurs.csv
Saurornitholestes,saurornitholestes,Chordata,Reptilia,Saurischia,Dromaeosauridae,dinosaurs.csv
Dromaeosaurus,dromaeosaurus,Chordata,Reptilia,Saurischia,Dromaeosauridae,dinosaurs.csv
Saurornitholestes,saurornitholestes,Chordata,Reptilia,Saurischia,Dromaeosauridae,dinosaurs.csv
Saurornitholestes,saurornitholestes,Chordata,Reptilia,Saurischia,Dromaeosauridae,dinosaurs.csv
Richardoestesia,richardoestesia,Chordata,Reptilia,Saurischia,Dromaeosauridae,dinosaurs.csv
Saurornitholestes,saurornitholestes,Chordata,Reptilia,Saurischia,Dromaeosauridae,dinosaurs.csv
Richardoestesia,richardoestesia,Chordata,Reptilia,Saurischia,Dromaeosauridae,dinosaurs.csv
Saurornitholestes,saurornitholestes,Chordata,Reptilia,Saurischia,Dromaeosauridae,dinosaurs.csv
Richardoestesia,richardoestesia,Chordata,Reptilia,Saurischia,Dromaeosauridae,dinosaurs.csv
Saurornitholestes,saurornitholestes,Chordata,Reptilia,Saurischia,Dromaeosauridae,dinosaurs.csv
Troodon,troodon,Chordata,Reptilia,Saurischia,Troodontidae,dinosaurs.csv
Richardoestesia,richardoestesia,Chordata,Reptilia,Saurischia,Dromaeosauridae,dinosaurs.csv
Paronychodon,paronychodon,Chordata,Reptilia,Saurischia,Troodontidae,dinosaurs.csv
Troodon,troodon,Chordata,Reptilia,Saurischia,Troodontidae,dinosaurs.csv
Saurornitholestes,saurornitholestes,Chordata,Reptilia,Saurischia,Dromaeosauridae,dinosaurs.csv
Dromaeosaurus,dromaeosaurus,Chordata,Reptilia,Saurischia,Dromaeosauridae,dinosaurs.csv
Saurornitholestes,saurornitholestes,Chordata,Reptilia,Saurischia,Dromaeosauridae,dinosaurs.csv
Richardoestesia,richardoestesia,Chordata,Reptilia,Saurischia,Dromaeosauridae,dinosaurs.csv
Saurornitholestes,saurornitholestes,Chordata,Reptilia,Saurischia,Dromaeosauridae,dinosaurs.csv
Troodon,troodon,Chordata,Reptilia,Saurischia,Troodontidae,dinosaurs.csv
Saurornitholestes,saurornitholestes,Chordata,Reptilia,Saurischia,Dromaeosauridae,dinosaurs.csv
Troodon,troodon,Chordata,Reptilia,Saurischia,Troodontidae,dinosaurs.csv
Richardoestesia,richardoestesia,Chordata,Reptilia,Saurischia,Dromaeosauridae,dinosaurs.csv
Paronychodon,paronychodon,Chordata,Reptilia,Saurischia,Troodontidae,dinosaurs.csv
Saurornitholestes,saurornitholestes,Chordata,Reptilia,Saurischia,Dromaeosauridae,dinosaurs.csv
Paronychodon,paronychodon,Chordata,Reptilia,Saurischia,Troodontidae,dinosaurs.csv
Saurornitholestes,saurornitholestes,Chordata,Reptilia,Saurischia,Dromaeosauridae,dinosaurs.csv
Paronychodon,paronychodon,Chordata,Reptilia,Saurischia,Troodontidae,dinosaurs.csv
Saurornitholestes,saurornitholestes,Chordata,Reptilia,Saurischia,Dromaeosauridae,dinosaurs.csv
Paronychodon,paronychodon,Chordata,Reptilia,Saurischia,Troodontidae,dinosaurs.csv
Saurornitholestes,saurornitholestes,Chordata,Reptilia,Saurischia,Dromaeosauridae,dinosaurs.csv
Saurornitholestes,saurornitholestes,Chordata,Reptilia,Saurischia,Dromaeosauridae,dinosaurs.csv
Troodon,troodon,Chordata,Reptilia,Saurischia,Troodontidae,dinosaurs.csv
Saurornitholestes,saurornitholestes,Chordata,Reptilia,Saurischia,Dromaeosauridae,dinosaurs.csv
Troodon,troodon,Chordata,Reptilia,Saurischia,Troodontidae,dinosaurs.csv
Richardoestesia,richardoestesia,Chordata,Reptilia,Saurischia,Dromaeosauridae,dinosaurs.csv
Paronychodon,paronychodon,Chordata,Reptilia,Saurischia,Troodontidae,dinosaurs.csv
Dromaeosaurus,dromaeosaurus,Chordata,Reptilia,Saurischia,Dromaeosauridae,dinosaurs.csv
Saurornitholestes,saurornitholestes,Chordata,Reptilia,Saurischia,Dromaeosauridae,dinosaurs.csv
Troodon,troodon,Chordata,Reptilia,Saurischia,Troodontidae,dinosaurs.csv
Richardoestesia,richardoestesia,Chordata,Reptilia,Saurischia,Dromaeosauridae,dinosaurs.csv
Paronychodon,paronychodon,Chordata,Reptilia,Saurischia,Troodontidae,dinosaurs.csv
Nothronychus,nothronychus,Chordata,Reptilia,Saurischia,Therizinosauridae,dinosaurs.csv
Erlikosaurus,erlikosaurus,Chordata,Reptilia,Saurischia,,dinosaurs.csv
Breviparopus,breviparopus,Chordata,Reptilia,Saurischia,Parabrontopodidae,dinosaurs.csv
Breviparopus,breviparopus,Chordata,Reptilia,Saurischia,Parabrontopodidae,dinosaurs.csv
Richardoestesia,richardoestesia,Chordata,Reptilia,Saurischia,Dromaeosauridae,dinosaurs.csv
Saurornitholestes,saurornitholestes,Chordata,Reptilia,Saurischia,Dromaeosauridae,dinosaurs.csv
Richardoestesia,richardoestesia,Chordata,Reptilia,Saurischia,Dromaeosauridae,dinosaurs.csv
Saurornitholestes,saurornitholestes,Chordata,Reptilia,Saurischia,Dromaeosauridae,dinosaurs.csv
Richardoestesia,richardoestesia,Chordata,Reptilia,Saurischia,Dromaeosauridae,dinosaurs.csv
Richardoestesia,richardoestesia,Chordata,Reptilia,Saurischia,Dromaeosauridae,dinosaurs.csv
Paronychodon,paronychodon,Chordata,Reptilia,Saurischia,Troodontidae,dinosaurs.csv
Richardoestesia,richardoestesia,Chordata,Reptilia,Saurischia,Dromaeosauridae,dinosaurs.csv
Saurornitholestes,saurornitholestes,Chordata,Reptilia,Saurischia,Dromaeosauridae,dinosaurs.csv
Saurornitholestes,saurornitholestes,Chordata,Reptilia,Saurischia,Dromaeosauridae,dinosaurs.csv
Saurornitholestes,saurornitholestes,Chordata,Reptilia,Saurischia,Dromaeosauridae,dinosaurs.csv
Saurornitholestes,saurornitholestes,Chordata,Reptilia,Saurischia,Dromaeosauridae,dinosaurs.csv
Saurornitholestes,saurornitholestes,Chordata,Reptilia,Saurischia,Dromaeosauridae,dinosaurs.csv
Turiasaurus,turiasaurus,Chordata,Reptilia,Saurischia,,dinosaurs.csv
Plateosaurus,plateosaurus,Chordata,Reptilia,Saurischia,Plateosauridae,dinosaurs.csv
Plateosaurus,plateosaurus,Chordata,Reptilia,Saurischia,Plateosauridae,dinosaurs.csv
Dilophosaurus,dilophosaurus,Chordata,Reptilia,Saurischia,,dinosaurs.csv
Daspletosaurus,daspletosaurus,Chordata,Reptilia,Saurischia,Tyrannosauridae,dinosaurs.csv
Diplodocus,diplodocus,Chordata,Reptilia,Saurischia,Diplodocidae,dinosaurs.csv
Brachiosaurus,brachiosaurus,Chordata,Reptilia,Saurischia,Brachiosauridae,dinosaurs.csv
Apatosaurus,apatosaurus,Chordata,Reptilia,Saurischia,Diplodocidae,dinosaurs.csv
Camarasaurus,camarasaurus,Chordata,Reptilia,Saurischia,,dinosaurs.csv
Subtiliolithus,subtiliolithus,Chordata,Reptilia,Saurischia,Subtiliolithidae,dinosaurs.csv
Dromaeosauroides,dromaeosauroides,Chordata,Reptilia,Saurischia,Dromaeosauridae,dinosaurs.csv
Euhelopus,euhelopus,Chordata,Reptilia,Saurischia,,dinosaurs.csv
Hypselosaurus,hypselosaurus,Chordata,Reptilia,Saurischia,Titanosauridae,dinosaurs.csv
Lamplughsaura,lamplughsaura,Chordata,Reptilia,Saurischia,,dinosaurs.csv
Cetiosaurus,cetiosaurus,Chordata,Reptilia,Saurischia,,dinosaurs.csv
Platypterna,platypterna,Chordata,Reptilia,Saurischia,,dinosaurs.csv
Oxalaia,oxalaia,Chordata,Reptilia,Saurischia,Spinosauridae,dinosaurs.csv
Scipionyx,scipionyx,Chordata,Reptilia,Saurischia,Compsognathidae,dinosaurs.csv
Torvosaurus,torvosaurus,Chordata,Reptilia,Saurischia,Megalosauridae,dinosaurs.csv
Torvosaurus,torvosaurus,Chordata,Reptilia,Saurischia,Megalosauridae,dinosaurs.csv
Tyrannosaurus,tyrannosaurus,Chordata,Reptilia,Saurischia,Tyrannosauridae,dinosaurs.csv
Eosauropus,eosauropus,Chordata,Reptilia,Saurischia,,dinosaurs.csv
Pseudotetrasauropus,pseudotetrasauropus,Chordata,Reptilia,Saurischia,,dinosaurs.csv
Tetrasauropus,tetrasauropus,Chordata,Reptilia,Saurischia,,dinosaurs.csv
Tyrannosaurus,tyrannosaurus,Chordata,Reptilia,Saurischia,Tyrannosauridae,dinosaurs.csv
Mononykus,mononykus,Chordata,Reptilia,Saurischia,,dinosaurs.csv
Tyrannosaurus,tyrannosaurus,Chordata,Reptilia,Saurischia,Tyrannosauridae,dinosaurs.csv
Diplodocus,diplodocus,Chordata,Reptilia,Saurischia,Diplodocidae,dinosaurs.csv
Mamenchisaurus,mamenchisaurus,Chordata,Reptilia,Saurischia,Mamenchisauridae,dinosaurs.csv
Allosaurus,allosaurus,Chordata,Reptilia,Saurischia,Allosauridae,dinosaurs.csv
Troodon,troodon,Chordata,Reptilia,Saurischia,Troodontidae,dinosaurs.csv
Apatosaurus,apatosaurus,Chordata,Reptilia,Saurischia,Diplodocidae,dinosaurs.csv
Allosaurus,allosaurus,Chordata,Reptilia,Saurischia,Allosauridae,dinosaurs.csv
Allosaurus,allosaurus,Chordata,Reptilia,Saurischia,Allosauridae,dinosaurs.csv
Apatosaurus,apatosaurus,Chordata,Reptilia,Saurischia,Diplodocidae,dinosaurs.csv
Allosaurus,allosaurus,Chordata,Reptilia,Saurischia,Allosauridae,dinosaurs.csv
Allosaurus,allosaurus,Chordata,Reptilia,Saurischia,Allosauridae,dinosaurs.csv
Camarasaurus,camarasaurus,Chordata,Reptilia,Saurischia,,dinosaurs.csv
Camarasaurus,camarasaurus,Chordata,Reptilia,Saurischia,,dinosaurs.csv
Allosaurus,allosaurus,Chordata,Reptilia,Saurischia,Allosauridae,dinosaurs.csv
Apatosaurus,apatosaurus,Chordata,Reptilia,Saurischia,Diplodocidae,dinosaurs.csv
Camarasaurus,camarasaurus,Chordata,Reptilia,Saurischia,,dinosaurs.csv
Allosaurus,allosaurus,Chordata,Reptilia,Saurischia,Allosauridae,dinosaurs.csv
Titanosaurus,titanosaurus,Chordata,Reptilia,Saurischia,,dinosaurs.csv
Majungasaurus,majungasaurus,Chordata,Reptilia,Saurischia,Abelisauridae,dinosaurs.csv
Shanag,shanag,Chordata,Reptilia,Saurischia,Dromaeosauridae,dinosaurs.csv
Ornithomimus,ornithomimus,Chordata,Reptilia,Saurischia,Ornithomimidae,dinosaurs.csv
Alamosaurus,alamosaurus,Chordata,Reptilia,Saurischia,Saltasauridae,dinosaurs.csv
Saurornitholestes,saurornitholestes,Chordata,Reptilia,Saurischia,Dromaeosauridae,dinosaurs.csv
Richardoestesia,richardoestesia,Chordata,Reptilia,Saurischia,Dromaeosauridae,dinosaurs.csv
Paronychodon,paronychodon,Chordata,Reptilia,Saurischia,Troodontidae,dinosaurs.csv
Saurornitholestes,saurornitholestes,Chordata,Reptilia,Saurischia,Dromaeosauridae,dinosaurs.csv
Richardoestesia,richardoestesia,Chordata,Reptilia,Saurischia,Dromaeosauridae,dinosaurs.csv
Paronychodon,paronychodon,Chordata,Reptilia,Saurischia,Troodontidae,dinosaurs.csv
Urbacodon,urbacodon,Chordata,Reptilia,Saurischia,Troodontidae,dinosaurs.csv
Troodon,troodon,Chordata,Reptilia,Saurischia,Troodontidae,dinosaurs.csv
Chuanjiesaurus,chuanjiesaurus,Chordata,Reptilia,Saurischia,Mamenchisauridae,dinosaurs.csv
Shidaisaurus,shidaisaurus,Chordata,Reptilia,Saurischia,Metriacanthosauridae,dinosaurs.csv
Genusaurus,genusaurus,Chordata,Reptilia,Saurischia,Abelisauridae,dinosaurs.csv
Argoides,argoides,Chordata,Reptilia,Saurischia,,dinosaurs.csv
Megalosaurus,megalosaurus,Chordata,Reptilia,Saurischia,Megalosauridae,dinosaurs.csv
Aniksosaurus,aniksosaurus,Chordata,Reptilia,Saurischia,Compsognathidae,dinosaurs.csv
Titanosaurus,titanosaurus,Chordata,Reptilia,Saurischia,,dinosaurs.csv
Titanosaurus,titanosaurus,Chordata,Reptilia,Saurischia,,dinosaurs.csv
Titanosaurus,titanosaurus,Chordata,Reptilia,Saurischia,,dinosaurs.csv
Titanosaurus,titanosaurus,Chordata,Reptilia,Saurischia,,dinosaurs.csv
Titanosaurus,titanosaurus,Chordata,Reptilia,Saurischia,,dinosaurs.csv
Titanosaurus,titanosaurus,Chordata,Reptilia,Saurischia,,dinosaurs.csv
Saltopoides,saltopoides,Chordata,Reptilia,Saurischia,Anchisauripodidae,dinosaurs.csv
Cetiosaurus,cetiosaurus,Chordata,Reptilia,Saurischia,,dinosaurs.csv
Megalosaurus,megalosaurus,Chordata,Reptilia,Saurischia,Megalosauridae,dinosaurs.csv
Cetiosaurus,cetiosaurus,Chordata,Reptilia,Saurischia,,dinosaurs.csv
Tienshanosaurus,tienshanosaurus,Chordata,Reptilia,Saurischia,Mamenchisauridae,dinosaurs.csv
Majungasaurus,majungasaurus,Chordata,Reptilia,Saurischia,Abelisauridae,dinosaurs.csv
Masiakasaurus,masiakasaurus,Chordata,Reptilia,Saurischia,Noasauridae,dinosaurs.csv
Sarcosaurus,sarcosaurus,Chordata,Reptilia,Saurischia,,dinosaurs.csv
Sarcosaurus,sarcosaurus,Chordata,Reptilia,Saurischia,,dinosaurs.csv
Camarasaurus,camarasaurus,Chordata,Reptilia,Saurischia,,dinosaurs.csv
Diplodocus,diplodocus,Chordata,Reptilia,Saurischia,Diplodocidae,dinosaurs.csv
Apatosaurus,apatosaurus,Chordata,Reptilia,Saurischia,Diplodocidae,dinosaurs.csv
Brachiosaurus,brachiosaurus,Chordata,Reptilia,Saurischia,Brachiosauridae,dinosaurs.csv
Dromaeosaurus,dromaeosaurus,Chordata,Reptilia,Saurischia,Dromaeosauridae,dinosaurs.csv
Lufengosaurus,lufengosaurus,Chordata,Reptilia,Saurischia,Massospondylidae,dinosaurs.csv
Lufengosaurus,lufengosaurus,Chordata,Reptilia,Saurischia,Massospondylidae,dinosaurs.csv
Velociraptor,velociraptor,Chordata,Reptilia,Saurischia,Dromaeosauridae,dinosaurs.csv
Sinosaurus,sinosaurus,Chordata,Reptilia,Saurischia,,dinosaurs.csv
Australodocus,australodocus,Chordata,Reptilia,Saurischia,,dinosaurs.csv
Brachiosaurus,brachiosaurus,Chordata,Reptilia,Saurischia,Brachiosauridae,dinosaurs.csv
Coelophysis,coelophysis,Chordata,Reptilia,Saurischia,,dinosaurs.csv
Nuthetes,nuthetes,Chordata,Reptilia,Saurischia,Dromaeosauridae,dinosaurs.csv
Sinosauropteryx,sinosauropteryx,Chordata,Reptilia,Saurischia,,dinosaurs.csv
Cetiosaurus,cetiosaurus,Chordata,Reptilia,Saurischia,,dinosaurs.csv
Erectopus,erectopus,Chordata,Reptilia,Saurischia,Metriacanthosauridae,dinosaurs.csv
Gigantoraptor,gigantoraptor,Chordata,Reptilia,Saurischia,Caenagnathidae,dinosaurs.csv
Tarbosaurus,tarbosaurus,Chordata,Reptilia,Saurischia,Tyrannosauridae,dinosaurs.csv
Majungasaurus,majungasaurus,Chordata,Reptilia,Saurischia,Abelisauridae,dinosaurs.csv
Majungasaurus,majungasaurus,Chordata,Reptilia,Saurischia,Abelisauridae,dinosaurs.csv
Majungasaurus,majungasaurus,Chordata,Reptilia,Saurischia,Abelisauridae,dinosaurs.csv
Richardoestesia,richardoestesia,Chordata,Reptilia,Saurischia,Dromaeosauridae,dinosaurs.csv
Paronychodon,paronychodon,Chordata,Reptilia,Saurischia,Troodontidae,dinosaurs.csv
Similicaudipteryx,similicaudipteryx,Chordata,Reptilia,Saurischia,Caudipterygidae,dinosaurs.csv
Allosaurus,allosaurus,Chordata,Reptilia,Saurischia,Allosauridae,dinosaurs.csv
Allosaurus,allosaurus,Chordata,Reptilia,Saurischia,Allosauridae,dinosaurs.csv
Brontosaurus,brontosaurus,Chordata,Reptilia,Saurischia,Diplodocidae,dinosaurs.csv
Gorgosaurus,gorgosaurus,Chordata,Reptilia,Saurischia,Tyrannosauridae,dinosaurs.csv
Tyrannosaurus,tyrannosaurus,Chordata,Reptilia,Saurischia,Tyrannosauridae,dinosaurs.csv
Chindesaurus,chindesaurus,Chordata,Reptilia,Saurischia,Herrerasauridae,dinosaurs.csv
Ammosaurus,ammosaurus,Chordata,Reptilia,Saurischia,Anchisauridae,dinosaurs.csv
Ammosaurus,ammosaurus,Chordata,Reptilia,Saurischia,Anchisauridae,dinosaurs.csv
Ammosaurus,ammosaurus,Chordata,Reptilia,Saurischia,Anchisauridae,dinosaurs.csv
Gondwanatitan,gondwanatitan,Chordata,Reptilia,Saurischia,,dinosaurs.csv
Nanotyrannus,nanotyrannus,Chordata,Reptilia,Saurischia,Tyrannosauridae,dinosaurs.csv
Tyrannosaurus,tyrannosaurus,Chordata,Reptilia,Saurischia,Tyrannosauridae,dinosaurs.csv
Supersaurus,supersaurus,Chordata,Reptilia,Saurischia,Diplodocidae,dinosaurs.csv
Megalosaurus,megalosaurus,Chordata,Reptilia,Saurischia,Megalosauridae,dinosaurs.csv
Cetiosaurus,cetiosaurus,Chordata,Reptilia,Saurischia,,dinosaurs.csv
Albertosaurus,albertosaurus,Chordata,Reptilia,Saurischia,Tyrannosauridae,dinosaurs.csv
Bahariasaurus,bahariasaurus,Chordata,Reptilia,Saurischia,,dinosaurs.csv
Dracovenator,dracovenator,Chordata,Reptilia,Saurischia,,dinosaurs.csv
Massospondylus,massospondylus,Chordata,Reptilia,Saurischia,Massospondylidae,dinosaurs.csv
Massospondylus,massospondylus,Chordata,Reptilia,Saurischia,Massospondylidae,dinosaurs.csv
Massospondylus,massospondylus,Chordata,Reptilia,Saurischia,Massospondylidae,dinosaurs.csv
Syntarsus,syntarsus,Chordata,Reptilia,Saurischia,,dinosaurs.csv
Massospondylus,massospondylus,Chordata,Reptilia,Saurischia,Massospondylidae,dinosaurs.csv
Massospondylus,massospondylus,Chordata,Reptilia,Saurischia,Massospondylidae,dinosaurs.csv
Syntarsus,syntarsus,Chordata,Reptilia,Saurischia,,dinosaurs.csv
Massospondylus,massospondylus,Chordata,Reptilia,Saurischia,Massospondylidae,dinosaurs.csv
Saurornitholestes,saurornitholestes,Chordata,Reptilia,Saurischia,Dromaeosauridae,dinosaurs.csv
Dromaeosaurus,dromaeosaurus,Chordata,Reptilia,Saurischia,Dromaeosauridae,dinosaurs.csv
Saurornitholestes,saurornitholestes,Chordata,Reptilia,Saurischia,Dromaeosauridae,dinosaurs.csv
Paronychodon,paronychodon,Chordata,Reptilia,Saurischia,Troodontidae,dinosaurs.csv
Tyrannosaurus,tyrannosaurus,Chordata,Reptilia,Saurischia,Tyrannosauridae,dinosaurs.csv
Saurornitholestes,saurornitholestes,Chordata,Reptilia,Saurischia,Dromaeosauridae,dinosaurs.csv
Tyrannosaurus,tyrannosaurus,Chordata,Reptilia,Saurischia,Tyrannosauridae,dinosaurs.csv
Saurornitholestes,saurornitholestes,Chordata,Reptilia,Saurischia,Dromaeosauridae,dinosaurs.csv
Richardoestesia,richardoestesia,Chordata,Reptilia,Saurischia,Dromaeosauridae,dinosaurs.csv
Paronychodon,paronychodon,Chordata,Reptilia,Saurischia,Troodontidae,dinosaurs.csv
Dromaeosaurus,dromaeosaurus,Chordata,Reptilia,Saurischia,Dromaeosauridae,dinosaurs.csv
Troodon,troodon,Chordata,Reptilia,Saurischia,Troodontidae,dinosaurs.csv
Saurornitholestes,saurornitholestes,Chordata,Reptilia,Saurischia,Dromaeosauridae,dinosaurs.csv
Richardoestesia,richardoestesia,Chordata,Reptilia,Saurischia,Dromaeosauridae,dinosaurs.csv
Saurornitholestes,saurornitholestes,Chordata,Reptilia,Saurischia,Dromaeosauridae,dinosaurs.csv
Saurornitholestes,saurornitholestes,Chordata,Reptilia,Saurischia,Dromaeosauridae,dinosaurs.csv
Struthiomimus,struthiomimus,Chordata,Reptilia,Saurischia,,dinosaurs.csv
Saurornitholestes,saurornitholestes,Chordata,Reptilia,Saurischia,Dromaeosauridae,dinosaurs.csv
Troodon,troodon,Chordata,Reptilia,Saurischia,Troodontidae,dinosaurs.csv
Ornithomimus,ornithomimus,Chordata,Reptilia,Saurischia,Ornithomimidae,dinosaurs.csv
Troodon,troodon,Chordata,Reptilia,Saurischia,Troodontidae,dinosaurs.csv
Saurornitholestes,saurornitholestes,Chordata,Reptilia,Saurischia,Dromaeosauridae,dinosaurs.csv
Paronychodon,paronychodon,Chordata,Reptilia,Saurischia,Troodontidae,dinosaurs.csv
Saurornitholestes,saurornitholestes,Chordata,Reptilia,Saurischia,Dromaeosauridae,dinosaurs.csv
Saurornitholestes,saurornitholestes,Chordata,Reptilia,Saurischia,Dromaeosauridae,dinosaurs.csv
Tyrannosaurus,tyrannosaurus,Chordata,Reptilia,Saurischia,Tyrannosauridae,dinosaurs.csv
Richardoestesia,richardoestesia,Chordata,Reptilia,Saurischia,Dromaeosauridae,dinosaurs.csv
Troodon,troodon,Chordata,Reptilia,Saurischia,Troodontidae,dinosaurs.csv
Troodon,troodon,Chordata,Reptilia,Saurischia,Troodontidae,dinosaurs.csv
Dromaeosaurus,dromaeosaurus,Chordata,Reptilia,Saurischia,Dromaeosauridae,dinosaurs.csv
Tyrannosaurus,tyrannosaurus,Chordata,Reptilia,Saurischia,Tyrannosauridae,dinosaurs.csv
Saurornitholestes,saurornitholestes,Chordata,Reptilia,Saurischia,Dromaeosauridae,dinosaurs.csv
Camarasaurus,camarasaurus,Chordata,Reptilia,Saurischia,,dinosaurs.csv
Apatosaurus,apatosaurus,Chordata,Reptilia,Saurischia,Diplodocidae,dinosaurs.csv
Diplodocus,diplodocus,Chordata,Reptilia,Saurischia,Diplodocidae,dinosaurs.csv
Plateosaurus,plateosaurus,Chordata,Reptilia,Saurischia,Plateosauridae,dinosaurs.csv
Megalosaurus,megalosaurus,Chordata,Reptilia,Saurischia,Megalosauridae,dinosaurs.csv
Plateosaurus,plateosaurus,Chordata,Reptilia,Saurischia,Plateosauridae,dinosaurs.csv
Lamplughsaura,lamplughsaura,Chordata,Reptilia,Saurischia,,dinosaurs.csv
Lamplughsaura,lamplughsaura,Chordata,Reptilia,Saurischia,,dinosaurs.csv
Pradhania,pradhania,Chordata,Reptilia,Saurischia,Massospondylidae,dinosaurs.csv
Lamplughsaura,lamplughsaura,Chordata,Reptilia,Saurischia,,dinosaurs.csv
Dilophosaurus,dilophosaurus,Chordata,Reptilia,Saurischia,,dinosaurs.csv
Minisauripus,minisauripus,Chordata,Reptilia,Saurischia,,dinosaurs.csv
Velociraptorichnus,velociraptorichnus,Chordata,Reptilia,Saurischia,Dromaeopodidae,dinosaurs.csv
Dromaeopodus,dromaeopodus,Chordata,Reptilia,Saurischia,Dromaeopodidae,dinosaurs.csv
Saurornitholestes,saurornitholestes,Chordata,Reptilia,Saurischia,Dromaeosauridae,dinosaurs.csv
Daspletosaurus,daspletosaurus,Chordata,Reptilia,Saurischia,Tyrannosauridae,dinosaurs.csv
Saurornitholestes,saurornitholestes,Chordata,Reptilia,Saurischia,Dromaeosauridae,dinosaurs.csv
Saurornitholestes,saurornitholestes,Chordata,Reptilia,Saurischia,Dromaeosauridae,dinosaurs.csv
Saurornitholestes,saurornitholestes,Chordata,Reptilia,Saurischia,Dromaeosauridae,dinosaurs.csv
Saurornitholestes,saurornitholestes,Chordata,Reptilia,Saurischia,Dromaeosauridae,dinosaurs.csv
Aardonyx,aardonyx,Chordata,Reptilia,Saurischia,,dinosaurs.csv
Pulanesaura,pulanesaura,Chordata,Reptilia,Saurischia,,dinosaurs.csv
Arcusaurus,arcusaurus,Chordata,Reptilia,Saurischia,,dinosaurs.csv
Subtiliolithus,subtiliolithus,Chordata,Reptilia,Saurischia,Subtiliolithidae,dinosaurs.csv
Thecodontosaurus,thecodontosaurus,Chordata,Reptilia,Saurischia,,dinosaurs.csv
Suzhousaurus,suzhousaurus,Chordata,Reptilia,Saurischia,Therizinosauridae,dinosaurs.csv
Massospondylus,massospondylus,Chordata,Reptilia,Saurischia,Massospondylidae,dinosaurs.csv
Euhelopus,euhelopus,Chordata,Reptilia,Saurischia,,dinosaurs.csv
Cetiosaurus,cetiosaurus,Chordata,Reptilia,Saurischia,,dinosaurs.csv
Cetiosaurus,cetiosaurus,Chordata,Reptilia,Saurischia,,dinosaurs.csv
Cardiodon,cardiodon,Chordata,Reptilia,Saurischia,,dinosaurs.csv
Procompsognathus,procompsognathus,Chordata,Reptilia,Saurischia,,dinosaurs.csv
Mamenchisaurus,mamenchisaurus,Chordata,Reptilia,Saurischia,Mamenchisauridae,dinosaurs.csv
Lufengosaurus,lufengosaurus,Chordata,Reptilia,Saurischia,Massospondylidae,dinosaurs.csv
Yunnanosaurus,yunnanosaurus,Chordata,Reptilia,Saurischia,,dinosaurs.csv
Sinosaurus,sinosaurus,Chordata,Reptilia,Saurischia,,dinosaurs.csv
Lufengosaurus,lufengosaurus,Chordata,Reptilia,Saurischia,Massospondylidae,dinosaurs.csv
Yunnanosaurus,yunnanosaurus,Chordata,Reptilia,Saurischia,,dinosaurs.csv
Sinosaurus,sinosaurus,Chordata,Reptilia,Saurischia,,dinosaurs.csv
Lufengosaurus,lufengosaurus,Chordata,Reptilia,Saurischia,Massospondylidae,dinosaurs.csv
Daspletosaurus,daspletosaurus,Chordata,Reptilia,Saurischia,Tyrannosauridae,dinosaurs.csv
Sinocalliopteryx,sinocalliopteryx,Chordata,Reptilia,Saurischia,Compsognathidae,dinosaurs.csv
Omeisaurus,omeisaurus,Chordata,Reptilia,Saurischia,,dinosaurs.csv
Pakisaurus,pakisaurus,Chordata,Reptilia,Saurischia,Pakisauridae,dinosaurs.csv
Sulaimanisaurus,sulaimanisaurus,Chordata,Reptilia,Saurischia,Pakisauridae,dinosaurs.csv
Khetranisaurus,khetranisaurus,Chordata,Reptilia,Saurischia,Pakisauridae,dinosaurs.csv
Balochisaurus,balochisaurus,Chordata,Reptilia,Saurischia,Balochisauridae,dinosaurs.csv
Marisaurus,marisaurus,Chordata,Reptilia,Saurischia,Balochisauridae,dinosaurs.csv
Pakisaurus,pakisaurus,Chordata,Reptilia,Saurischia,Pakisauridae,dinosaurs.csv
Balochisaurus,balochisaurus,Chordata,Reptilia,Saurischia,Balochisauridae,dinosaurs.csv
Marisaurus,marisaurus,Chordata,Reptilia,Saurischia,Balochisauridae,dinosaurs.csv
Sulaimanisaurus,sulaimanisaurus,Chordata,Reptilia,Saurischia,Pakisauridae,dinosaurs.csv
Vitakridrinda,vitakridrinda,Chordata,Reptilia,Saurischia,,dinosaurs.csv
Vitakridrinda,vitakridrinda,Chordata,Reptilia,Saurischia,,dinosaurs.csv
Vitakridrinda,vitakridrinda,Chordata,Reptilia,Saurischia,,dinosaurs.csv
Marisaurus,marisaurus,Chordata,Reptilia,Saurischia,Balochisauridae,dinosaurs.csv
Pakisaurus,pakisaurus,Chordata,Reptilia,Saurischia,Pakisauridae,dinosaurs.csv
Pakisaurus,pakisaurus,Chordata,Reptilia,Saurischia,Pakisauridae,dinosaurs.csv
Sulaimanisaurus,sulaimanisaurus,Chordata,Reptilia,Saurischia,Pakisauridae,dinosaurs.csv
Balochisaurus,balochisaurus,Chordata,Reptilia,Saurischia,Balochisauridae,dinosaurs.csv
Marisaurus,marisaurus,Chordata,Reptilia,Saurischia,Balochisauridae,dinosaurs.csv
Vitakridrinda,vitakridrinda,Chordata,Reptilia,Saurischia,,dinosaurs.csv
Vitakridrinda,vitakridrinda,Chordata,Reptilia,Saurischia,,dinosaurs.csv
Marisaurus,marisaurus,Chordata,Reptilia,Saurischia,Balochisauridae,dinosaurs.csv
Marisaurus,marisaurus,Chordata,Reptilia,Saurischia,Balochisauridae,dinosaurs.csv
Balochisaurus,balochisaurus,Chordata,Reptilia,Saurischia,Balochisauridae,dinosaurs.csv
Pamparaptor,pamparaptor,Chordata,Reptilia,Saurischia,,dinosaurs.csv
Samanadrinda,samanadrinda,Chordata,Reptilia,Saurischia,,dinosaurs.csv
Thecodontosaurus,thecodontosaurus,Chordata,Reptilia,Saurischia,,dinosaurs.csv
Massospondylus,massospondylus,Chordata,Reptilia,Saurischia,Massospondylidae,dinosaurs.csv
Minisauripus,minisauripus,Chordata,Reptilia,Saurischia,,dinosaurs.csv
Minisauripus,minisauripus,Chordata,Reptilia,Saurischia,,dinosaurs.csv
Megalosaurus,megalosaurus,Chordata,Reptilia,Saurischia,Megalosauridae,dinosaurs.csv
Ornitholestes,ornitholestes,Chordata,Reptilia,Saurischia,Compsognathidae,dinosaurs.csv
Stokesosaurus,stokesosaurus,Chordata,Reptilia,Saurischia,,dinosaurs.csv
Magyarosaurus,magyarosaurus,Chordata,Reptilia,Saurischia,,dinosaurs.csv
Kryptops,kryptops,Chordata,Reptilia,Saurischia,Abelisauridae,dinosaurs.csv
Eocarcharia,eocarcharia,Chordata,Reptilia,Saurischia,Carcharodontosauridae,dinosaurs.csv
Carmelopodus,carmelopodus,Chordata,Reptilia,Saurischia,,dinosaurs.csv
Saurornitholestes,saurornitholestes,Chordata,Reptilia,Saurischia,Dromaeosauridae,dinosaurs.csv
Zhongornis,zhongornis,Chordata,Reptilia,Saurischia,,dinosaurs.csv
Uberabatitan,uberabatitan,Chordata,Reptilia,Saurischia,,dinosaurs.csv
Satapliasaurus,satapliasaurus,Chordata,Reptilia,Saurischia,,dinosaurs.csv
Megalosaurus,megalosaurus,Chordata,Reptilia,Saurischia,Megalosauridae,dinosaurs.csv
Grallator,grallator,Chordata,Reptilia,Saurischia,Eubrontidae,dinosaurs.csv
Stenonyx,stenonyx,Chordata,Reptilia,Saurischia,Anchisauripodidae,dinosaurs.csv
Stenonyx,stenonyx,Chordata,Reptilia,Saurischia,Anchisauripodidae,dinosaurs.csv
Evazoum,evazoum,Chordata,Reptilia,Saurischia,,dinosaurs.csv
Evazoum,evazoum,Chordata,Reptilia,Saurischia,,dinosaurs.csv
Baryonyx,baryonyx,Chordata,Reptilia,Saurischia,Spinosauridae,dinosaurs.csv
Velociraptor,velociraptor,Chordata,Reptilia,Saurischia,Dromaeosauridae,dinosaurs.csv
Chilesaurus,chilesaurus,Chordata,Reptilia,Saurischia,,dinosaurs.csv
Coelophysis,coelophysis,Chordata,Reptilia,Saurischia,,dinosaurs.csv
Qingxiusaurus,qingxiusaurus,Chordata,Reptilia,Saurischia,,dinosaurs.csv
Barrancapus,barrancapus,Chordata,Reptilia,Saurischia,,dinosaurs.csv
Pseudotetrasauropus,pseudotetrasauropus,Chordata,Reptilia,Saurischia,,dinosaurs.csv
Evazoum,evazoum,Chordata,Reptilia,Saurischia,,dinosaurs.csv
Evazoum,evazoum,Chordata,Reptilia,Saurischia,,dinosaurs.csv
Suzhousaurus,suzhousaurus,Chordata,Reptilia,Saurischia,Therizinosauridae,dinosaurs.csv
Evazoum,evazoum,Chordata,Reptilia,Saurischia,,dinosaurs.csv
Senqutrisauropus,senqutrisauropus,Chordata,Reptilia,Saurischia,Anchisauridae,dinosaurs.csv
Bosiutrisauropus,bosiutrisauropus,Chordata,Reptilia,Saurischia,,dinosaurs.csv
Pseudotetrasauropus,pseudotetrasauropus,Chordata,Reptilia,Saurischia,,dinosaurs.csv
Lavinipes,lavinipes,Chordata,Reptilia,Saurischia,,dinosaurs.csv
Qomoqomosauropus,qomoqomosauropus,Chordata,Reptilia,Saurischia,Anchisauridae,dinosaurs.csv
Kainomoyenisauropus,kainomoyenisauropus,Chordata,Reptilia,Saurischia,Anchisauridae,dinosaurs.csv
Mafatrisauropus,mafatrisauropus,Chordata,Reptilia,Saurischia,,dinosaurs.csv
Pseudotrisauropus,pseudotrisauropus,Chordata,Reptilia,Saurischia,Thecodontosauridae,dinosaurs.csv
Mafatrisauropus,mafatrisauropus,Chordata,Reptilia,Saurischia,,dinosaurs.csv
Eosauropus,eosauropus,Chordata,Reptilia,Saurischia,,dinosaurs.csv
Barrancapus,barrancapus,Chordata,Reptilia,Saurischia,,dinosaurs.csv
Velociraptor,velociraptor,Chordata,Reptilia,Saurischia,Dromaeosauridae,dinosaurs.csv
Mahakala,mahakala,Chordata,Reptilia,Saurischia,Dromaeosauridae,dinosaurs.csv
Allosaurus,allosaurus,Chordata,Reptilia,Saurischia,Allosauridae,dinosaurs.csv
Achillesaurus,achillesaurus,Chordata,Reptilia,Saurischia,Alvarezsauridae,dinosaurs.csv
Huanghetitan,huanghetitan,Chordata,Reptilia,Saurischia,,dinosaurs.csv
Majungasaurus,majungasaurus,Chordata,Reptilia,Saurischia,Abelisauridae,dinosaurs.csv
Majungasaurus,majungasaurus,Chordata,Reptilia,Saurischia,Abelisauridae,dinosaurs.csv
Majungasaurus,majungasaurus,Chordata,Reptilia,Saurischia,Abelisauridae,dinosaurs.csv
Majungasaurus,majungasaurus,Chordata,Reptilia,Saurischia,Abelisauridae,dinosaurs.csv
Majungasaurus,majungasaurus,Chordata,Reptilia,Saurischia,Abelisauridae,dinosaurs.csv
Majungasaurus,majungasaurus,Chordata,Reptilia,Saurischia,Abelisauridae,dinosaurs.csv
Majungasaurus,majungasaurus,Chordata,Reptilia,Saurischia,Abelisauridae,dinosaurs.csv
Majungasaurus,majungasaurus,Chordata,Reptilia,Saurischia,Abelisauridae,dinosaurs.csv
Majungasaurus,majungasaurus,Chordata,Reptilia,Saurischia,Abelisauridae,dinosaurs.csv
Masiakasaurus,masiakasaurus,Chordata,Reptilia,Saurischia,Noasauridae,dinosaurs.csv
Masiakasaurus,masiakasaurus,Chordata,Reptilia,Saurischia,Noasauridae,dinosaurs.csv
Majungasaurus,majungasaurus,Chordata,Reptilia,Saurischia,Abelisauridae,dinosaurs.csv
Masiakasaurus,masiakasaurus,Chordata,Reptilia,Saurischia,Noasauridae,dinosaurs.csv
Alamosaurus,alamosaurus,Chordata,Reptilia,Saurischia,Saltasauridae,dinosaurs.csv
Alamosaurus,alamosaurus,Chordata,Reptilia,Saurischia,Saltasauridae,dinosaurs.csv
Vouivria,vouivria,Chordata,Reptilia,Saurischia,Brachiosauridae,dinosaurs.csv
Epidexipteryx,epidexipteryx,Chordata,Reptilia,Saurischia,,dinosaurs.csv
Richardoestesia,richardoestesia,Chordata,Reptilia,Saurischia,Dromaeosauridae,dinosaurs.csv
Saurornitholestes,saurornitholestes,Chordata,Reptilia,Saurischia,Dromaeosauridae,dinosaurs.csv
Paronychodon,paronychodon,Chordata,Reptilia,Saurischia,Troodontidae,dinosaurs.csv
Paronychodon,paronychodon,Chordata,Reptilia,Saurischia,Troodontidae,dinosaurs.csv
Richardoestesia,richardoestesia,Chordata,Reptilia,Saurischia,Dromaeosauridae,dinosaurs.csv
Dromaeosaurus,dromaeosaurus,Chordata,Reptilia,Saurischia,Dromaeosauridae,dinosaurs.csv
Skorpiovenator,skorpiovenator,Chordata,Reptilia,Saurischia,Abelisauridae,dinosaurs.csv
Wildeichnus,wildeichnus,Chordata,Reptilia,Saurischia,,dinosaurs.csv
Sarmientichnus,sarmientichnus,Chordata,Reptilia,Saurischia,,dinosaurs.csv
Pitekunsaurus,pitekunsaurus,Chordata,Reptilia,Saurischia,,dinosaurs.csv
Albertonykus,albertonykus,Chordata,Reptilia,Saurischia,,dinosaurs.csv
Atrociraptor,atrociraptor,Chordata,Reptilia,Saurischia,Dromaeosauridae,dinosaurs.csv
Troodon,troodon,Chordata,Reptilia,Saurischia,Troodontidae,dinosaurs.csv
Malarguesaurus,malarguesaurus,Chordata,Reptilia,Saurischia,,dinosaurs.csv
Malarguesaurus,malarguesaurus,Chordata,Reptilia,Saurischia,,dinosaurs.csv
Alvarezsaurus,alvarezsaurus,Chordata,Reptilia,Saurischia,Alvarezsauridae,dinosaurs.csv
Pectinodon,pectinodon,Chordata,Reptilia,Saurischia,Troodontidae,dinosaurs.csv
Troodon,troodon,Chordata,Reptilia,Saurischia,Troodontidae,dinosaurs.csv
Panphagia,panphagia,Chordata,Reptilia,Saurischia,Guaibasauridae,dinosaurs.csv
Fukuititan,fukuititan,Chordata,Reptilia,Saurischia,,dinosaurs.csv
Itsukisauropus,itsukisauropus,Chordata,Reptilia,Saurischia,,dinosaurs.csv
Byakudansauropus,byakudansauropus,Chordata,Reptilia,Saurischia,,dinosaurs.csv
Beipiaosaurus,beipiaosaurus,Chordata,Reptilia,Saurischia,,dinosaurs.csv
Magyarosaurus,magyarosaurus,Chordata,Reptilia,Saurischia,,dinosaurs.csv
Garudimimus,garudimimus,Chordata,Reptilia,Saurischia,,dinosaurs.csv
Ajancingenia,ajancingenia,Chordata,Reptilia,Saurischia,Oviraptoridae,dinosaurs.csv
Hesperonychus,hesperonychus,Chordata,Reptilia,Saurischia,Dromaeosauridae,dinosaurs.csv
Hesperonychus,hesperonychus,Chordata,Reptilia,Saurischia,Dromaeosauridae,dinosaurs.csv
Hesperonychus,hesperonychus,Chordata,Reptilia,Saurischia,Dromaeosauridae,dinosaurs.csv
Hesperonychus,hesperonychus,Chordata,Reptilia,Saurischia,Dromaeosauridae,dinosaurs.csv
Ceratonykus,ceratonykus,Chordata,Reptilia,Saurischia,,dinosaurs.csv
Conchoraptor,conchoraptor,Chordata,Reptilia,Saurischia,Oviraptoridae,dinosaurs.csv
Therizinosaurus,therizinosaurus,Chordata,Reptilia,Saurischia,Therizinosauridae,dinosaurs.csv
Xiongguanlong,xiongguanlong,Chordata,Reptilia,Saurischia,,dinosaurs.csv
Beishanlong,beishanlong,Chordata,Reptilia,Saurischia,,dinosaurs.csv
Troodon,troodon,Chordata,Reptilia,Saurischia,Troodontidae,dinosaurs.csv
Adeopapposaurus,adeopapposaurus,Chordata,Reptilia,Saurischia,Massospondylidae,dinosaurs.csv
Tyrannosaurus,tyrannosaurus,Chordata,Reptilia,Saurischia,Tyrannosauridae,dinosaurs.csv
Graciliraptor,graciliraptor,Chordata,Reptilia,Saurischia,Dromaeosauridae,dinosaurs.csv
Erliansaurus,erliansaurus,Chordata,Reptilia,Saurischia,Therizinosauridae,dinosaurs.csv
Daanosaurus,daanosaurus,Chordata,Reptilia,Saurischia,,dinosaurs.csv
Saurischichnus,saurischichnus,Chordata,Reptilia,Saurischia,,dinosaurs.csv
Sinraptor,sinraptor,Chordata,Reptilia,Saurischia,Neovenatoridae,dinosaurs.csv
Baryonyx,baryonyx,Chordata,Reptilia,Saurischia,Spinosauridae,dinosaurs.csv
Baryonyx,baryonyx,Chordata,Reptilia,Saurischia,Spinosauridae,dinosaurs.csv
Baryonyx,baryonyx,Chordata,Reptilia,Saurischia,Spinosauridae,dinosaurs.csv
Albertosaurus,albertosaurus,Chordata,Reptilia,Saurischia,Tyrannosauridae,dinosaurs.csv
Troodon,troodon,Chordata,Reptilia,Saurischia,Troodontidae,dinosaurs.csv
Richardoestesia,richardoestesia,Chordata,Reptilia,Saurischia,Dromaeosauridae,dinosaurs.csv
Saurornitholestes,saurornitholestes,Chordata,Reptilia,Saurischia,Dromaeosauridae,dinosaurs.csv
Troodon,troodon,Chordata,Reptilia,Saurischia,Troodontidae,dinosaurs.csv
Malawisaurus,malawisaurus,Chordata,Reptilia,Saurischia,,dinosaurs.csv
Evazoum,evazoum,Chordata,Reptilia,Saurischia,,dinosaurs.csv
Chirostenotes,chirostenotes,Chordata,Reptilia,Saurischia,Caenagnathidae,dinosaurs.csv
Richardoestesia,richardoestesia,Chordata,Reptilia,Saurischia,Dromaeosauridae,dinosaurs.csv
Limusaurus,limusaurus,Chordata,Reptilia,Saurischia,,dinosaurs.csv
Aerosteon,aerosteon,Chordata,Reptilia,Saurischia,Megaraptoridae,dinosaurs.csv
Diamantinasaurus,diamantinasaurus,Chordata,Reptilia,Saurischia,,dinosaurs.csv
Australovenator,australovenator,Chordata,Reptilia,Saurischia,Neovenatoridae,dinosaurs.csv
Tianyuraptor,tianyuraptor,Chordata,Reptilia,Saurischia,Dromaeosauridae,dinosaurs.csv
Sinornithosaurus,sinornithosaurus,Chordata,Reptilia,Saurischia,Dromaeosauridae,dinosaurs.csv
Megalosaurus,megalosaurus,Chordata,Reptilia,Saurischia,Megalosauridae,dinosaurs.csv
Deinonychus,deinonychus,Chordata,Reptilia,Saurischia,Dromaeosauridae,dinosaurs.csv
Coelurus,coelurus,Chordata,Reptilia,Saurischia,,dinosaurs.csv
Acrocanthosaurus,acrocanthosaurus,Chordata,Reptilia,Saurischia,Carcharodontosauridae,dinosaurs.csv
Albertosaurus,albertosaurus,Chordata,Reptilia,Saurischia,Tyrannosauridae,dinosaurs.csv
Titanosaurus,titanosaurus,Chordata,Reptilia,Saurischia,,dinosaurs.csv
Qiaowanlong,qiaowanlong,Chordata,Reptilia,Saurischia,Euhelopodidae,dinosaurs.csv
Barrosasaurus,barrosasaurus,Chordata,Reptilia,Saurischia,,dinosaurs.csv
Dongbeititan,dongbeititan,Chordata,Reptilia,Saurischia,,dinosaurs.csv
Eomamenchisaurus,eomamenchisaurus,Chordata,Reptilia,Saurischia,Mamenchisauridae,dinosaurs.csv
Baotianmansaurus,baotianmansaurus,Chordata,Reptilia,Saurischia,,dinosaurs.csv
Fusuisaurus,fusuisaurus,Chordata,Reptilia,Saurischia,,dinosaurs.csv
Albertosaurus,albertosaurus,Chordata,Reptilia,Saurischia,Tyrannosauridae,dinosaurs.csv
Albertosaurus,albertosaurus,Chordata,Reptilia,Saurischia,Tyrannosauridae,dinosaurs.csv
Afrovenator,afrovenator,Chordata,Reptilia,Saurischia,Megalosauridae,dinosaurs.csv
Raptorex,raptorex,Chordata,Reptilia,Saurischia,,dinosaurs.csv
Daxiatitan,daxiatitan,Chordata,Reptilia,Saurischia,,dinosaurs.csv
Titanopodus,titanopodus,Chordata,Reptilia,Saurischia,,dinosaurs.csv
Anchiornis,anchiornis,Chordata,Reptilia,Saurischia,,dinosaurs.csv
Argoides,argoides,Chordata,Reptilia,Saurischia,,dinosaurs.csv
Plesiornis,plesiornis,Chordata,Reptilia,Saurischia,,dinosaurs.csv
Platypterna,platypterna,Chordata,Reptilia,Saurischia,,dinosaurs.csv
Otozoum,otozoum,Chordata,Reptilia,Saurischia,Otozoidae,dinosaurs.csv
Platypterna,platypterna,Chordata,Reptilia,Saurischia,,dinosaurs.csv
Otozoum,otozoum,Chordata,Reptilia,Saurischia,Otozoidae,dinosaurs.csv
Eubrontes,eubrontes,Chordata,Reptilia,Saurischia,Eubrontidae,dinosaurs.csv
Eubrontes,eubrontes,Chordata,Reptilia,Saurischia,Eubrontidae,dinosaurs.csv
Plesiornis,plesiornis,Chordata,Reptilia,Saurischia,,dinosaurs.csv
Argoides,argoides,Chordata,Reptilia,Saurischia,,dinosaurs.csv
Sauropus,sauropus,Chordata,Reptilia,Saurischia,Sauropodidae,dinosaurs.csv
Platypterna,platypterna,Chordata,Reptilia,Saurischia,,dinosaurs.csv
Argoides,argoides,Chordata,Reptilia,Saurischia,,dinosaurs.csv
Selenichnus,selenichnus,Chordata,Reptilia,Saurischia,,dinosaurs.csv
Anticheiropus,anticheiropus,Chordata,Reptilia,Saurischia,,dinosaurs.csv
Platypterna,platypterna,Chordata,Reptilia,Saurischia,,dinosaurs.csv
Argoides,argoides,Chordata,Reptilia,Saurischia,,dinosaurs.csv
Sauropus,sauropus,Chordata,Reptilia,Saurischia,Sauropodidae,dinosaurs.csv
Platypterna,platypterna,Chordata,Reptilia,Saurischia,,dinosaurs.csv
Eubrontes,eubrontes,Chordata,Reptilia,Saurischia,Eubrontidae,dinosaurs.csv
Plectropus,plectropus,Chordata,Reptilia,Saurischia,,dinosaurs.csv
Plesiornis,plesiornis,Chordata,Reptilia,Saurischia,,dinosaurs.csv
Sauropus,sauropus,Chordata,Reptilia,Saurischia,Sauropodidae,dinosaurs.csv
Argoides,argoides,Chordata,Reptilia,Saurischia,,dinosaurs.csv
Eubrontes,eubrontes,Chordata,Reptilia,Saurischia,Eubrontidae,dinosaurs.csv
Megalosaurus,megalosaurus,Chordata,Reptilia,Saurischia,Megalosauridae,dinosaurs.csv
Hypselosaurus,hypselosaurus,Chordata,Reptilia,Saurischia,Titanosauridae,dinosaurs.csv
Hypselosaurus,hypselosaurus,Chordata,Reptilia,Saurischia,Titanosauridae,dinosaurs.csv
Lohuecotitan,lohuecotitan,Chordata,Reptilia,Saurischia,,dinosaurs.csv
Alioramus,alioramus,Chordata,Reptilia,Saurischia,Tyrannosauridae,dinosaurs.csv
Tarbosaurus,tarbosaurus,Chordata,Reptilia,Saurischia,Tyrannosauridae,dinosaurs.csv
Cetiosaurus,cetiosaurus,Chordata,Reptilia,Saurischia,,dinosaurs.csv
Megalosaurus,megalosaurus,Chordata,Reptilia,Saurischia,Megalosauridae,dinosaurs.csv
Megalosaurus,megalosaurus,Chordata,Reptilia,Saurischia,Megalosauridae,dinosaurs.csv
Megalosaurus,megalosaurus,Chordata,Reptilia,Saurischia,Megalosauridae,dinosaurs.csv
Cetiosaurus,cetiosaurus,Chordata,Reptilia,Saurischia,,dinosaurs.csv
Megalosaurus,megalosaurus,Chordata,Reptilia,Saurischia,Megalosauridae,dinosaurs.csv
Pelorosaurus,pelorosaurus,Chordata,Reptilia,Saurischia,,dinosaurs.csv
Taupezia,taupezia,Chordata,Reptilia,Saurischia,,dinosaurs.csv
Wildeichnus,wildeichnus,Chordata,Reptilia,Saurischia,,dinosaurs.csv
Wildeichnus,wildeichnus,Chordata,Reptilia,Saurischia,,dinosaurs.csv
Tawa,tawa,Chordata,Reptilia,Saurischia,,dinosaurs.csv
Tawa,tawa,Chordata,Reptilia,Saurischia,,dinosaurs.csv
Tawa,tawa,Chordata,Reptilia,Saurischia,,dinosaurs.csv
Leshansaurus,leshansaurus,Chordata,Reptilia,Saurischia,Megalosauridae,dinosaurs.csv
Atrociraptor,atrociraptor,Chordata,Reptilia,Saurischia,Dromaeosauridae,dinosaurs.csv
Bambiraptor,bambiraptor,Chordata,Reptilia,Saurischia,Dromaeosauridae,dinosaurs.csv
Tornieria,tornieria,Chordata,Reptilia,Saurischia,Diplodocidae,dinosaurs.csv
Magyarosaurus,magyarosaurus,Chordata,Reptilia,Saurischia,,dinosaurs.csv
Caseosaurus,caseosaurus,Chordata,Reptilia,Saurischia,Herrerasauridae,dinosaurs.csv
Turiasaurus,turiasaurus,Chordata,Reptilia,Saurischia,,dinosaurs.csv
Albertosaurus,albertosaurus,Chordata,Reptilia,Saurischia,Tyrannosauridae,dinosaurs.csv
Abydosaurus,abydosaurus,Chordata,Reptilia,Saurischia,Brachiosauridae,dinosaurs.csv
Cruxicheiros,cruxicheiros,Chordata,Reptilia,Saurischia,,dinosaurs.csv
Saurornitholestes,saurornitholestes,Chordata,Reptilia,Saurischia,Dromaeosauridae,dinosaurs.csv
Lufengosaurus,lufengosaurus,Chordata,Reptilia,Saurischia,Massospondylidae,dinosaurs.csv
Seitaad,seitaad,Chordata,Reptilia,Saurischia,,dinosaurs.csv
Xixianykus,xixianykus,Chordata,Reptilia,Saurischia,,dinosaurs.csv
Ornithomimipus,ornithomimipus,Chordata,Reptilia,Saurischia,Ornithomimipodidae,dinosaurs.csv
Hadrosaurichnus,hadrosaurichnus,Chordata,Reptilia,Saurischia,,dinosaurs.csv
Bonapartenykus,bonapartenykus,Chordata,Reptilia,Saurischia,Alvarezsauridae,dinosaurs.csv
Ruyangosaurus,ruyangosaurus,Chordata,Reptilia,Saurischia,,dinosaurs.csv
Rahiolisaurus,rahiolisaurus,Chordata,Reptilia,Saurischia,Abelisauridae,dinosaurs.csv
Orkoraptor,orkoraptor,Chordata,Reptilia,Saurischia,Megaraptoridae,dinosaurs.csv
Austrocheirus,austrocheirus,Chordata,Reptilia,Saurischia,Noasauridae,dinosaurs.csv
Boreonykus,boreonykus,Chordata,Reptilia,Saurischia,Dromaeosauridae,dinosaurs.csv
Troodon,troodon,Chordata,Reptilia,Saurischia,Troodontidae,dinosaurs.csv
Ignotornis,ignotornis,Chordata,Reptilia,Saurischia,,dinosaurs.csv
Ignotornis,ignotornis,Chordata,Reptilia,Saurischia,,dinosaurs.csv
Lirainosaurus,lirainosaurus,Chordata,Reptilia,Saurischia,,dinosaurs.csv
Lirainosaurus,lirainosaurus,Chordata,Reptilia,Saurischia,,dinosaurs.csv
Lirainosaurus,lirainosaurus,Chordata,Reptilia,Saurischia,,dinosaurs.csv
Pneumatoraptor,pneumatoraptor,Chordata,Reptilia,Saurischia,,dinosaurs.csv
Amphicoelias,amphicoelias,Chordata,Reptilia,Saurischia,Diplodocidae,dinosaurs.csv
Baryonyx,baryonyx,Chordata,Reptilia,Saurischia,Spinosauridae,dinosaurs.csv
Bistahieversor,bistahieversor,Chordata,Reptilia,Saurischia,,dinosaurs.csv
Bistahieversor,bistahieversor,Chordata,Reptilia,Saurischia,,dinosaurs.csv
Brachiosaurus,brachiosaurus,Chordata,Reptilia,Saurischia,Brachiosauridae,dinosaurs.csv
Yezosaurus,yezosaurus,Chordata,Reptilia,Saurischia,Tyrannosauridae,dinosaurs.csv
Incisivosaurus,incisivosaurus,Chordata,Reptilia,Saurischia,,dinosaurs.csv
Incisivosaurus,incisivosaurus,Chordata,Reptilia,Saurischia,,dinosaurs.csv
Incisivosaurus,incisivosaurus,Chordata,Reptilia,Saurischia,,dinosaurs.csv
Scansoriopteryx,scansoriopteryx,Chordata,Reptilia,Saurischia,Scansoriopterygidae,dinosaurs.csv
Microraptor,microraptor,Chordata,Reptilia,Saurischia,Dromaeosauridae,dinosaurs.csv
Barapasaurus,barapasaurus,Chordata,Reptilia,Saurischia,,dinosaurs.csv
Tornieria,tornieria,Chordata,Reptilia,Saurischia,Diplodocidae,dinosaurs.csv
Giraffatitan,giraffatitan,Chordata,Reptilia,Saurischia,Brachiosauridae,dinosaurs.csv
Giraffatitan,giraffatitan,Chordata,Reptilia,Saurischia,Brachiosauridae,dinosaurs.csv
Giraffatitan,giraffatitan,Chordata,Reptilia,Saurischia,Brachiosauridae,dinosaurs.csv
Giraffatitan,giraffatitan,Chordata,Reptilia,Saurischia,Brachiosauridae,dinosaurs.csv
Giraffatitan,giraffatitan,Chordata,Reptilia,Saurischia,Brachiosauridae,dinosaurs.csv
Giraffatitan,giraffatitan,Chordata,Reptilia,Saurischia,Brachiosauridae,dinosaurs.csv
Giraffatitan,giraffatitan,Chordata,Reptilia,Saurischia,Brachiosauridae,dinosaurs.csv
Giraffatitan,giraffatitan,Chordata,Reptilia,Saurischia,Brachiosauridae,dinosaurs.csv
Yixianosaurus,yixianosaurus,Chordata,Reptilia,Saurischia,,dinosaurs.csv
Swinnertonichnus,swinnertonichnus,Chordata,Reptilia,Saurischia,Anchisauripodidae,dinosaurs.csv
Troodon,troodon,Chordata,Reptilia,Saurischia,Troodontidae,dinosaurs.csv
Menglongipus,menglongipus,Chordata,Reptilia,Saurischia,Dromaeopodidae,dinosaurs.csv
Troodon,troodon,Chordata,Reptilia,Saurischia,Troodontidae,dinosaurs.csv
Balaur,balaur,Chordata,Reptilia,Saurischia,Dromaeosauridae,dinosaurs.csv
Plateosaurus,plateosaurus,Chordata,Reptilia,Saurischia,Plateosauridae,dinosaurs.csv
Concavenator,concavenator,Chordata,Reptilia,Saurischia,Carcharodontosauridae,dinosaurs.csv
Fukuiraptor,fukuiraptor,Chordata,Reptilia,Saurischia,Neovenatoridae,dinosaurs.csv
Banji,banji,Chordata,Reptilia,Saurischia,Oviraptoridae,dinosaurs.csv
Falcarius,falcarius,Chordata,Reptilia,Saurischia,,dinosaurs.csv
Bressanichnus,bressanichnus,Chordata,Reptilia,Saurischia,,dinosaurs.csv
Defarrariischnium,defarrariischnium,Chordata,Reptilia,Saurischia,,dinosaurs.csv
Abelichnus,abelichnus,Chordata,Reptilia,Saurischia,,dinosaurs.csv
Bressanichnus,bressanichnus,Chordata,Reptilia,Saurischia,,dinosaurs.csv
Defarrariischnium,defarrariischnium,Chordata,Reptilia,Saurischia,,dinosaurs.csv
Picunichnus,picunichnus,Chordata,Reptilia,Saurischia,,dinosaurs.csv
Spinosaurus,spinosaurus,Chordata,Reptilia,Saurischia,Spinosauridae,dinosaurs.csv
Carcharodontosaurus,carcharodontosaurus,Chordata,Reptilia,Saurischia,Carcharodontosauridae,dinosaurs.csv
Spinosaurus,spinosaurus,Chordata,Reptilia,Saurischia,Spinosauridae,dinosaurs.csv
Richardoestesia,richardoestesia,Chordata,Reptilia,Saurischia,Dromaeosauridae,dinosaurs.csv
Yunnanosaurus,yunnanosaurus,Chordata,Reptilia,Saurischia,,dinosaurs.csv
Tonganosaurus,tonganosaurus,Chordata,Reptilia,Saurischia,Mamenchisauridae,dinosaurs.csv
Microraptor,microraptor,Chordata,Reptilia,Saurischia,Dromaeosauridae,dinosaurs.csv
Kol,kol,Chordata,Reptilia,Saurischia,Alvarezsauridae,dinosaurs.csv
Caenagnathus,caenagnathus,Chordata,Reptilia,Saurischia,Caenagnathidae,dinosaurs.csv
Otozoum,otozoum,Chordata,Reptilia,Saurischia,Otozoidae,dinosaurs.csv
Sarahsaurus,sarahsaurus,Chordata,Reptilia,Saurischia,,dinosaurs.csv
Panamericansaurus,panamericansaurus,Chordata,Reptilia,Saurischia,,dinosaurs.csv
Sanjuansaurus,sanjuansaurus,Chordata,Reptilia,Saurischia,Herrerasauridae,dinosaurs.csv
Phuwiangosaurus,phuwiangosaurus,Chordata,Reptilia,Saurischia,,dinosaurs.csv
Ignavusaurus,ignavusaurus,Chordata,Reptilia,Saurischia,,dinosaurs.csv
Guaibasaurus,guaibasaurus,Chordata,Reptilia,Saurischia,Guaibasauridae,dinosaurs.csv
Avimimus,avimimus,Chordata,Reptilia,Saurischia,,dinosaurs.csv
Tarbosaurus,tarbosaurus,Chordata,Reptilia,Saurischia,Tyrannosauridae,dinosaurs.csv
Tarbosaurus,tarbosaurus,Chordata,Reptilia,Saurischia,Tyrannosauridae,dinosaurs.csv
Xixiposaurus,xixiposaurus,Chordata,Reptilia,Saurischia,Plateosauridae,dinosaurs.csv
Paronychodon,paronychodon,Chordata,Reptilia,Saurischia,Troodontidae,dinosaurs.csv
Paronychodon,paronychodon,Chordata,Reptilia,Saurischia,Troodontidae,dinosaurs.csv
Paronychodon,paronychodon,Chordata,Reptilia,Saurischia,Troodontidae,dinosaurs.csv
Paronychodon,paronychodon,Chordata,Reptilia,Saurischia,Troodontidae,dinosaurs.csv
Troodon,troodon,Chordata,Reptilia,Saurischia,Troodontidae,dinosaurs.csv
Pectinodon,pectinodon,Chordata,Reptilia,Saurischia,Troodontidae,dinosaurs.csv
Gorgosaurus,gorgosaurus,Chordata,Reptilia,Saurischia,Tyrannosauridae,dinosaurs.csv
Xixiasaurus,xixiasaurus,Chordata,Reptilia,Saurischia,Troodontidae,dinosaurs.csv
Chuxiongosaurus,chuxiongosaurus,Chordata,Reptilia,Saurischia,,dinosaurs.csv
Murusraptor,murusraptor,Chordata,Reptilia,Saurischia,Megaraptoridae,dinosaurs.csv
Richardoestesia,richardoestesia,Chordata,Reptilia,Saurischia,Dromaeosauridae,dinosaurs.csv
Deinonychus,deinonychus,Chordata,Reptilia,Saurischia,Dromaeosauridae,dinosaurs.csv
Eodromaeus,eodromaeus,Chordata,Reptilia,Saurischia,,dinosaurs.csv
Majungasaurus,majungasaurus,Chordata,Reptilia,Saurischia,Abelisauridae,dinosaurs.csv
Leonerasaurus,leonerasaurus,Chordata,Reptilia,Saurischia,,dinosaurs.csv
Qiupalong,qiupalong,Chordata,Reptilia,Saurischia,Ornithomimidae,dinosaurs.csv
Yulong,yulong,Chordata,Reptilia,Saurischia,Oviraptoridae,dinosaurs.csv
Luanchuanraptor,luanchuanraptor,Chordata,Reptilia,Saurischia,Dromaeosauridae,dinosaurs.csv
Liubangosaurus,liubangosaurus,Chordata,Reptilia,Saurischia,,dinosaurs.csv
Camarasaurus,camarasaurus,Chordata,Reptilia,Saurischia,,dinosaurs.csv
Spinophorosaurus,spinophorosaurus,Chordata,Reptilia,Saurischia,,dinosaurs.csv
Tapuiasaurus,tapuiasaurus,Chordata,Reptilia,Saurischia,Nemegtosauridae,dinosaurs.csv
Albinykus,albinykus,Chordata,Reptilia,Saurischia,,dinosaurs.csv
Melanorosaurus,melanorosaurus,Chordata,Reptilia,Saurischia,,dinosaurs.csv
Anchiornis,anchiornis,Chordata,Reptilia,Saurischia,,dinosaurs.csv
Plateosaurus,plateosaurus,Chordata,Reptilia,Saurischia,Plateosauridae,dinosaurs.csv
Dyslocosaurus,dyslocosaurus,Chordata,Reptilia,Saurischia,Dicraeosauridae,dinosaurs.csv
Plateosaurus,plateosaurus,Chordata,Reptilia,Saurischia,Plateosauridae,dinosaurs.csv
Melanorosaurus,melanorosaurus,Chordata,Reptilia,Saurischia,,dinosaurs.csv
Blikanasaurus,blikanasaurus,Chordata,Reptilia,Saurischia,,dinosaurs.csv
Melanorosaurus,melanorosaurus,Chordata,Reptilia,Saurischia,,dinosaurs.csv
Massospondylus,massospondylus,Chordata,Reptilia,Saurischia,Massospondylidae,dinosaurs.csv
Melanorosaurus,melanorosaurus,Chordata,Reptilia,Saurischia,,dinosaurs.csv
Melanorosaurus,melanorosaurus,Chordata,Reptilia,Saurischia,,dinosaurs.csv
Eucnemesaurus,eucnemesaurus,Chordata,Reptilia,Saurischia,Riojasauridae,dinosaurs.csv
Zhuchengtyrannus,zhuchengtyrannus,Chordata,Reptilia,Saurischia,Tyrannosauridae,dinosaurs.csv
Melanorosaurus,melanorosaurus,Chordata,Reptilia,Saurischia,,dinosaurs.csv
Daemonosaurus,daemonosaurus,Chordata,Reptilia,Saurischia,,dinosaurs.csv
Limusaurus,limusaurus,Chordata,Reptilia,Saurischia,,dinosaurs.csv
Limusaurus,limusaurus,Chordata,Reptilia,Saurischia,,dinosaurs.csv
Nomingia,nomingia,Chordata,Reptilia,Saurischia,Oviraptoridae,dinosaurs.csv
Tarbosaurus,tarbosaurus,Chordata,Reptilia,Saurischia,Tyrannosauridae,dinosaurs.csv
Avimimus,avimimus,Chordata,Reptilia,Saurischia,,dinosaurs.csv
Avimimus,avimimus,Chordata,Reptilia,Saurischia,,dinosaurs.csv
Abrosaurus,abrosaurus,Chordata,Reptilia,Saurischia,,dinosaurs.csv
Drusilasaura,drusilasaura,Chordata,Reptilia,Saurischia,,dinosaurs.csv
Kileskus,kileskus,Chordata,Reptilia,Saurischia,Proceratosauridae,dinosaurs.csv
Saurornitholestes,saurornitholestes,Chordata,Reptilia,Saurischia,Dromaeosauridae,dinosaurs.csv
Saurornitholestes,saurornitholestes,Chordata,Reptilia,Saurischia,Dromaeosauridae,dinosaurs.csv
Thecodontosaurus,thecodontosaurus,Chordata,Reptilia,Saurischia,,dinosaurs.csv
Isisaurus,isisaurus,Chordata,Reptilia,Saurischia,,dinosaurs.csv
Antarctosaurus,antarctosaurus,Chordata,Reptilia,Saurischia,,dinosaurs.csv
Titanosaurus,titanosaurus,Chordata,Reptilia,Saurischia,,dinosaurs.csv
Alioramus,alioramus,Chordata,Reptilia,Saurischia,Tyrannosauridae,dinosaurs.csv
Titanosaurus,titanosaurus,Chordata,Reptilia,Saurischia,,dinosaurs.csv
Xiaotingia,xiaotingia,Chordata,Reptilia,Saurischia,,dinosaurs.csv
Kuwajimasauropus,kuwajimasauropus,Chordata,Reptilia,Saurischia,,dinosaurs.csv
Santanaraptor,santanaraptor,Chordata,Reptilia,Saurischia,,dinosaurs.csv
Pseudotetrasauropus,pseudotetrasauropus,Chordata,Reptilia,Saurischia,,dinosaurs.csv
Otozoum,otozoum,Chordata,Reptilia,Saurischia,Otozoidae,dinosaurs.csv
Magyarosaurus,magyarosaurus,Chordata,Reptilia,Saurischia,,dinosaurs.csv
Magyarosaurus,magyarosaurus,Chordata,Reptilia,Saurischia,,dinosaurs.csv
Paludititan,paludititan,Chordata,Reptilia,Saurischia,,dinosaurs.csv
Paronychodon,paronychodon,Chordata,Reptilia,Saurischia,Troodontidae,dinosaurs.csv
Aeolosaurus,aeolosaurus,Chordata,Reptilia,Saurischia,,dinosaurs.csv
Epachthosaurus,epachthosaurus,Chordata,Reptilia,Saurischia,,dinosaurs.csv
Epachthosaurus,epachthosaurus,Chordata,Reptilia,Saurischia,,dinosaurs.csv
Ornithomimus,ornithomimus,Chordata,Reptilia,Saurischia,Ornithomimidae,dinosaurs.csv
Sinotyrannus,sinotyrannus,Chordata,Reptilia,Saurischia,Proceratosauridae,dinosaurs.csv
Narambuenatitan,narambuenatitan,Chordata,Reptilia,Saurischia,,dinosaurs.csv
Petrobrasaurus,petrobrasaurus,Chordata,Reptilia,Saurischia,Saltasauridae,dinosaurs.csv
Alamosaurus,alamosaurus,Chordata,Reptilia,Saurischia,Saltasauridae,dinosaurs.csv
Dongyangosaurus,dongyangosaurus,Chordata,Reptilia,Saurischia,,dinosaurs.csv
Tambatitanis,tambatitanis,Chordata,Reptilia,Saurischia,Euhelopodidae,dinosaurs.csv
Luoyanggia,luoyanggia,Chordata,Reptilia,Saurischia,Oviraptoridae,dinosaurs.csv
Shenzhousaurus,shenzhousaurus,Chordata,Reptilia,Saurischia,,dinosaurs.csv
Spinosaurus,spinosaurus,Chordata,Reptilia,Saurischia,Spinosauridae,dinosaurs.csv
Allosaurus,allosaurus,Chordata,Reptilia,Saurischia,Allosauridae,dinosaurs.csv
Nemegtosaurus,nemegtosaurus,Chordata,Reptilia,Saurischia,Nemegtosauridae,dinosaurs.csv
Deinonychus,deinonychus,Chordata,Reptilia,Saurischia,Dromaeosauridae,dinosaurs.csv
Corpulentapus,corpulentapus,Chordata,Reptilia,Saurischia,,dinosaurs.csv
Paragrallator,paragrallator,Chordata,Reptilia,Saurischia,,dinosaurs.csv
Megalosauropus,megalosauropus,Chordata,Reptilia,Saurischia,,dinosaurs.csv
Tornieria,tornieria,Chordata,Reptilia,Saurischia,Diplodocidae,dinosaurs.csv
Brachiosaurus,brachiosaurus,Chordata,Reptilia,Saurischia,Brachiosauridae,dinosaurs.csv
Alamosaurus,alamosaurus,Chordata,Reptilia,Saurischia,Saltasauridae,dinosaurs.csv
Alamosaurus,alamosaurus,Chordata,Reptilia,Saurischia,Saltasauridae,dinosaurs.csv
Alamosaurus,alamosaurus,Chordata,Reptilia,Saurischia,Saltasauridae,dinosaurs.csv
Tastavinsaurus,tastavinsaurus,Chordata,Reptilia,Saurischia,,dinosaurs.csv
Carmelopodus,carmelopodus,Chordata,Reptilia,Saurischia,,dinosaurs.csv
Boutakioutichnium,boutakioutichnium,Chordata,Reptilia,Saurischia,,dinosaurs.csv
Boutakioutichnium,boutakioutichnium,Chordata,Reptilia,Saurischia,,dinosaurs.csv
Boutakioutichnium,boutakioutichnium,Chordata,Reptilia,Saurischia,,dinosaurs.csv
Boutakioutichnium,boutakioutichnium,Chordata,Reptilia,Saurischia,,dinosaurs.csv
Boutakioutichnium,boutakioutichnium,Chordata,Reptilia,Saurischia,,dinosaurs.csv
Rotundichnus,rotundichnus,Chordata,Reptilia,Saurischia,,dinosaurs.csv
Spinosaurus,spinosaurus,Chordata,Reptilia,Saurischia,Spinosauridae,dinosaurs.csv
Yutyrannus,yutyrannus,Chordata,Reptilia,Saurischia,Proceratosauridae,dinosaurs.csv
Amphicoelias,amphicoelias,Chordata,Reptilia,Saurischia,Diplodocidae,dinosaurs.csv
Allosaurus,allosaurus,Chordata,Reptilia,Saurischia,Allosauridae,dinosaurs.csv
Camarasaurus,camarasaurus,Chordata,Reptilia,Saurischia,,dinosaurs.csv
Brachiosaurus,brachiosaurus,Chordata,Reptilia,Saurischia,Brachiosauridae,dinosaurs.csv
Torvosaurus,torvosaurus,Chordata,Reptilia,Saurischia,Megalosauridae,dinosaurs.csv
Ceratosaurus,ceratosaurus,Chordata,Reptilia,Saurischia,,dinosaurs.csv
Coelurus,coelurus,Chordata,Reptilia,Saurischia,,dinosaurs.csv
Ornitholestes,ornitholestes,Chordata,Reptilia,Saurischia,Compsognathidae,dinosaurs.csv
Hopiichnus,hopiichnus,Chordata,Reptilia,Saurischia,Ornithomimidae,dinosaurs.csv
Dilophosauripus,dilophosauripus,Chordata,Reptilia,Saurischia,Grallatoridae,dinosaurs.csv
Gallimimus,gallimimus,Chordata,Reptilia,Saurischia,Ornithomimidae,dinosaurs.csv
Tarbosaurus,tarbosaurus,Chordata,Reptilia,Saurischia,Tyrannosauridae,dinosaurs.csv
Columbosauripus,columbosauripus,Chordata,Reptilia,Saurischia,Ornithomimipodidae,dinosaurs.csv
Irenesauripus,irenesauripus,Chordata,Reptilia,Saurischia,,dinosaurs.csv
Irenichnites,irenichnites,Chordata,Reptilia,Saurischia,Ornithomimipodidae,dinosaurs.csv
Irenesauripus,irenesauripus,Chordata,Reptilia,Saurischia,,dinosaurs.csv
Irenesauripus,irenesauripus,Chordata,Reptilia,Saurischia,,dinosaurs.csv
Irenesauripus,irenesauripus,Chordata,Reptilia,Saurischia,,dinosaurs.csv
Struthiomimus,struthiomimus,Chordata,Reptilia,Saurischia,,dinosaurs.csv
Zapalasaurus,zapalasaurus,Chordata,Reptilia,Saurischia,Rebbachisauridae,dinosaurs.csv
Yurgovuchia,yurgovuchia,Chordata,Reptilia,Saurischia,Dromaeosauridae,dinosaurs.csv
Geminiraptor,geminiraptor,Chordata,Reptilia,Saurischia,Troodontidae,dinosaurs.csv
Eocarcharia,eocarcharia,Chordata,Reptilia,Saurischia,Carcharodontosauridae,dinosaurs.csv
Sciurumimus,sciurumimus,Chordata,Reptilia,Saurischia,,dinosaurs.csv
Titanosaurus,titanosaurus,Chordata,Reptilia,Saurischia,,dinosaurs.csv
Velociraptor,velociraptor,Chordata,Reptilia,Saurischia,Dromaeosauridae,dinosaurs.csv
Citipati,citipati,Chordata,Reptilia,Saurischia,Oviraptoridae,dinosaurs.csv
Tarbosaurus,tarbosaurus,Chordata,Reptilia,Saurischia,Tyrannosauridae,dinosaurs.csv
Tarbosaurus,tarbosaurus,Chordata,Reptilia,Saurischia,Tyrannosauridae,dinosaurs.csv
Gallimimus,gallimimus,Chordata,Reptilia,Saurischia,Ornithomimidae,dinosaurs.csv
Gallimimus,gallimimus,Chordata,Reptilia,Saurischia,Ornithomimidae,dinosaurs.csv
Tarbosaurus,tarbosaurus,Chordata,Reptilia,Saurischia,Tyrannosauridae,dinosaurs.csv
Tarbosaurus,tarbosaurus,Chordata,Reptilia,Saurischia,Tyrannosauridae,dinosaurs.csv
Gallimimus,gallimimus,Chordata,Reptilia,Saurischia,Ornithomimidae,dinosaurs.csv
Eoabelisaurus,eoabelisaurus,Chordata,Reptilia,Saurischia,,dinosaurs.csv
Chromogisaurus,chromogisaurus,Chordata,Reptilia,Saurischia,,dinosaurs.csv
Leyesaurus,leyesaurus,Chordata,Reptilia,Saurischia,Massospondylidae,dinosaurs.csv
Majungasaurus,majungasaurus,Chordata,Reptilia,Saurischia,Abelisauridae,dinosaurs.csv
Linhevenator,linhevenator,Chordata,Reptilia,Saurischia,Troodontidae,dinosaurs.csv
Linhenykus,linhenykus,Chordata,Reptilia,Saurischia,,dinosaurs.csv
Linheraptor,linheraptor,Chordata,Reptilia,Saurischia,Dromaeosauridae,dinosaurs.csv
Dalianraptor,dalianraptor,Chordata,Reptilia,Saurischia,,dinosaurs.csv
Ichthyovenator,ichthyovenator,Chordata,Reptilia,Saurischia,Spinosauridae,dinosaurs.csv
Nambalia,nambalia,Chordata,Reptilia,Saurischia,,dinosaurs.csv
Jaklapallisaurus,jaklapallisaurus,Chordata,Reptilia,Saurischia,Plateosauridae,dinosaurs.csv
Jaklapallisaurus,jaklapallisaurus,Chordata,Reptilia,Saurischia,Plateosauridae,dinosaurs.csv
Philovenator,philovenator,Chordata,Reptilia,Saurischia,Troodontidae,dinosaurs.csv
Omeisaurus,omeisaurus,Chordata,Reptilia,Saurischia,,dinosaurs.csv
Talos,talos,Chordata,Reptilia,Saurischia,Troodontidae,dinosaurs.csv
Camarasaurus,camarasaurus,Chordata,Reptilia,Saurischia,,dinosaurs.csv
Camarasaurus,camarasaurus,Chordata,Reptilia,Saurischia,,dinosaurs.csv
Bicentenaria,bicentenaria,Chordata,Reptilia,Saurischia,,dinosaurs.csv
Microraptor,microraptor,Chordata,Reptilia,Saurischia,Dromaeosauridae,dinosaurs.csv
Hexing,hexing,Chordata,Reptilia,Saurischia,,dinosaurs.csv
Pampadromaeus,pampadromaeus,Chordata,Reptilia,Saurischia,,dinosaurs.csv
Richardoestesia,richardoestesia,Chordata,Reptilia,Saurischia,Dromaeosauridae,dinosaurs.csv
Martharaptor,martharaptor,Chordata,Reptilia,Saurischia,,dinosaurs.csv
Paronychodon,paronychodon,Chordata,Reptilia,Saurischia,Troodontidae,dinosaurs.csv
Megalosauropus,megalosauropus,Chordata,Reptilia,Saurischia,,dinosaurs.csv
Suchomimus,suchomimus,Chordata,Reptilia,Saurischia,Spinosauridae,dinosaurs.csv
Mei,mei,Chordata,Reptilia,Saurischia,Troodontidae,dinosaurs.csv
Alnashetri,alnashetri,Chordata,Reptilia,Saurischia,Alvarezsauridae,dinosaurs.csv
Sauroniops,sauroniops,Chordata,Reptilia,Saurischia,Carcharodontosauridae,dinosaurs.csv
Camarillasaurus,camarillasaurus,Chordata,Reptilia,Saurischia,,dinosaurs.csv
Richardoestesia,richardoestesia,Chordata,Reptilia,Saurischia,Dromaeosauridae,dinosaurs.csv
Troodon,troodon,Chordata,Reptilia,Saurischia,Troodontidae,dinosaurs.csv
Paronychodon,paronychodon,Chordata,Reptilia,Saurischia,Troodontidae,dinosaurs.csv
Richardoestesia,richardoestesia,Chordata,Reptilia,Saurischia,Dromaeosauridae,dinosaurs.csv
Spinosaurus,spinosaurus,Chordata,Reptilia,Saurischia,Spinosauridae,dinosaurs.csv
Titanosaurus,titanosaurus,Chordata,Reptilia,Saurischia,,dinosaurs.csv
Camarasaurus,camarasaurus,Chordata,Reptilia,Saurischia,,dinosaurs.csv
Diplodocus,diplodocus,Chordata,Reptilia,Saurischia,Diplodocidae,dinosaurs.csv
Dromaeopodus,dromaeopodus,Chordata,Reptilia,Saurischia,Dromaeopodidae,dinosaurs.csv
Dashanpusaurus,dashanpusaurus,Chordata,Reptilia,Saurischia,Camarasauridae,dinosaurs.csv
Dilophosaurus,dilophosaurus,Chordata,Reptilia,Saurischia,,dinosaurs.csv
Yunnanosaurus,yunnanosaurus,Chordata,Reptilia,Saurischia,,dinosaurs.csv
Sinosaurus,sinosaurus,Chordata,Reptilia,Saurischia,,dinosaurs.csv
Sinosaurus,sinosaurus,Chordata,Reptilia,Saurischia,,dinosaurs.csv
Sinosaurus,sinosaurus,Chordata,Reptilia,Saurischia,,dinosaurs.csv
Yunnanosaurus,yunnanosaurus,Chordata,Reptilia,Saurischia,,dinosaurs.csv
Yunnanosaurus,yunnanosaurus,Chordata,Reptilia,Saurischia,,dinosaurs.csv
Yunnanosaurus,yunnanosaurus,Chordata,Reptilia,Saurischia,,dinosaurs.csv
Sinosaurus,sinosaurus,Chordata,Reptilia,Saurischia,,dinosaurs.csv
Sinosaurus,sinosaurus,Chordata,Reptilia,Saurischia,,dinosaurs.csv
Astrophocaudia,astrophocaudia,Chordata,Reptilia,Saurischia,,dinosaurs.csv
Deinonychus,deinonychus,Chordata,Reptilia,Saurischia,Dromaeosauridae,dinosaurs.csv
Deinonychus,deinonychus,Chordata,Reptilia,Saurischia,Dromaeosauridae,dinosaurs.csv
Microvenator,microvenator,Chordata,Reptilia,Saurischia,Caenagnathidae,dinosaurs.csv
Deinonychus,deinonychus,Chordata,Reptilia,Saurischia,Dromaeosauridae,dinosaurs.csv
Deinonychus,deinonychus,Chordata,Reptilia,Saurischia,Dromaeosauridae,dinosaurs.csv
Deinonychus,deinonychus,Chordata,Reptilia,Saurischia,Dromaeosauridae,dinosaurs.csv
Deinonychus,deinonychus,Chordata,Reptilia,Saurischia,Dromaeosauridae,dinosaurs.csv
Deinonychus,deinonychus,Chordata,Reptilia,Saurischia,Dromaeosauridae,dinosaurs.csv
Tyrannosaurus,tyrannosaurus,Chordata,Reptilia,Saurischia,Tyrannosauridae,dinosaurs.csv
Tyrannosaurus,tyrannosaurus,Chordata,Reptilia,Saurischia,Tyrannosauridae,dinosaurs.csv
Zuolong,zuolong,Chordata,Reptilia,Saurischia,,dinosaurs.csv
Teratophoneus,teratophoneus,Chordata,Reptilia,Saurischia,Tyrannosauridae,dinosaurs.csv
Machairasaurus,machairasaurus,Chordata,Reptilia,Saurischia,Oviraptoridae,dinosaurs.csv
Haplocheirus,haplocheirus,Chordata,Reptilia,Saurischia,,dinosaurs.csv
Massospondylus,massospondylus,Chordata,Reptilia,Saurischia,Massospondylidae,dinosaurs.csv
Allosaurus,allosaurus,Chordata,Reptilia,Saurischia,Allosauridae,dinosaurs.csv
Eosinopteryx,eosinopteryx,Chordata,Reptilia,Saurischia,,dinosaurs.csv
Zby,zby,Chordata,Reptilia,Saurischia,,dinosaurs.csv
Camarasaurus,camarasaurus,Chordata,Reptilia,Saurischia,,dinosaurs.csv
Allosaurus,allosaurus,Chordata,Reptilia,Saurischia,Allosauridae,dinosaurs.csv
Brachiosaurus,brachiosaurus,Chordata,Reptilia,Saurischia,Brachiosauridae,dinosaurs.csv
Barosaurus,barosaurus,Chordata,Reptilia,Saurischia,Diplodocidae,dinosaurs.csv
Diplodocus,diplodocus,Chordata,Reptilia,Saurischia,Diplodocidae,dinosaurs.csv
Ampelosaurus,ampelosaurus,Chordata,Reptilia,Saurischia,,dinosaurs.csv
Masiakasaurus,masiakasaurus,Chordata,Reptilia,Saurischia,Noasauridae,dinosaurs.csv
Masiakasaurus,masiakasaurus,Chordata,Reptilia,Saurischia,Noasauridae,dinosaurs.csv
Masiakasaurus,masiakasaurus,Chordata,Reptilia,Saurischia,Noasauridae,dinosaurs.csv
Masiakasaurus,masiakasaurus,Chordata,Reptilia,Saurischia,Noasauridae,dinosaurs.csv
Masiakasaurus,masiakasaurus,Chordata,Reptilia,Saurischia,Noasauridae,dinosaurs.csv
Masiakasaurus,masiakasaurus,Chordata,Reptilia,Saurischia,Noasauridae,dinosaurs.csv
Masiakasaurus,masiakasaurus,Chordata,Reptilia,Saurischia,Noasauridae,dinosaurs.csv
Masiakasaurus,masiakasaurus,Chordata,Reptilia,Saurischia,Noasauridae,dinosaurs.csv
Masiakasaurus,masiakasaurus,Chordata,Reptilia,Saurischia,Noasauridae,dinosaurs.csv
Masiakasaurus,masiakasaurus,Chordata,Reptilia,Saurischia,Noasauridae,dinosaurs.csv
Masiakasaurus,masiakasaurus,Chordata,Reptilia,Saurischia,Noasauridae,dinosaurs.csv
Masiakasaurus,masiakasaurus,Chordata,Reptilia,Saurischia,Noasauridae,dinosaurs.csv
Masiakasaurus,masiakasaurus,Chordata,Reptilia,Saurischia,Noasauridae,dinosaurs.csv
Masiakasaurus,masiakasaurus,Chordata,Reptilia,Saurischia,Noasauridae,dinosaurs.csv
Masiakasaurus,masiakasaurus,Chordata,Reptilia,Saurischia,Noasauridae,dinosaurs.csv
Masiakasaurus,masiakasaurus,Chordata,Reptilia,Saurischia,Noasauridae,dinosaurs.csv
Masiakasaurus,masiakasaurus,Chordata,Reptilia,Saurischia,Noasauridae,dinosaurs.csv
Masiakasaurus,masiakasaurus,Chordata,Reptilia,Saurischia,Noasauridae,dinosaurs.csv
Masiakasaurus,masiakasaurus,Chordata,Reptilia,Saurischia,Noasauridae,dinosaurs.csv
Masiakasaurus,masiakasaurus,Chordata,Reptilia,Saurischia,Noasauridae,dinosaurs.csv
Masiakasaurus,masiakasaurus,Chordata,Reptilia,Saurischia,Noasauridae,dinosaurs.csv
Masiakasaurus,masiakasaurus,Chordata,Reptilia,Saurischia,Noasauridae,dinosaurs.csv
Masiakasaurus,masiakasaurus,Chordata,Reptilia,Saurischia,Noasauridae,dinosaurs.csv
Ojoraptorsaurus,ojoraptorsaurus,Chordata,Reptilia,Saurischia,Caenagnathidae,dinosaurs.csv
Epichirostenotes,epichirostenotes,Chordata,Reptilia,Saurischia,Caenagnathidae,dinosaurs.csv
Otozoum,otozoum,Chordata,Reptilia,Saurischia,Otozoidae,dinosaurs.csv
Thecodontichnus,thecodontichnus,Chordata,Reptilia,Saurischia,Parachirotheriidae,dinosaurs.csv
Plateosaurus,plateosaurus,Chordata,Reptilia,Saurischia,Plateosauridae,dinosaurs.csv
Otozoum,otozoum,Chordata,Reptilia,Saurischia,Otozoidae,dinosaurs.csv
Parachirotherium,parachirotherium,Chordata,Reptilia,Saurischia,Parachirotheriidae,dinosaurs.csv
Megalosaurus,megalosaurus,Chordata,Reptilia,Saurischia,Megalosauridae,dinosaurs.csv
Thecodontosaurus,thecodontosaurus,Chordata,Reptilia,Saurischia,,dinosaurs.csv
Megalosaurus,megalosaurus,Chordata,Reptilia,Saurischia,Megalosauridae,dinosaurs.csv
Megalosaurus,megalosaurus,Chordata,Reptilia,Saurischia,Megalosauridae,dinosaurs.csv
Megalosaurus,megalosaurus,Chordata,Reptilia,Saurischia,Megalosauridae,dinosaurs.csv
Plateosaurus,plateosaurus,Chordata,Reptilia,Saurischia,Plateosauridae,dinosaurs.csv
Thecodontosaurus,thecodontosaurus,Chordata,Reptilia,Saurischia,,dinosaurs.csv
Klamelisaurus,klamelisaurus,Chordata,Reptilia,Saurischia,,dinosaurs.csv
Sanpasaurus,sanpasaurus,Chordata,Reptilia,Saurischia,,dinosaurs.csv
Sanpasaurus,sanpasaurus,Chordata,Reptilia,Saurischia,,dinosaurs.csv
Sanpasaurus,sanpasaurus,Chordata,Reptilia,Saurischia,,dinosaurs.csv
Ningyuansaurus,ningyuansaurus,Chordata,Reptilia,Saurischia,,dinosaurs.csv
Normanniasaurus,normanniasaurus,Chordata,Reptilia,Saurischia,,dinosaurs.csv
Coloradisaurus,coloradisaurus,Chordata,Reptilia,Saurischia,Massospondylidae,dinosaurs.csv
Megalosaurus,megalosaurus,Chordata,Reptilia,Saurischia,Megalosauridae,dinosaurs.csv
Titanosaurus,titanosaurus,Chordata,Reptilia,Saurischia,,dinosaurs.csv
Titanosaurus,titanosaurus,Chordata,Reptilia,Saurischia,,dinosaurs.csv
Elaphrosaurus,elaphrosaurus,Chordata,Reptilia,Saurischia,,dinosaurs.csv
Titanosaurus,titanosaurus,Chordata,Reptilia,Saurischia,,dinosaurs.csv
Mamenchisaurus,mamenchisaurus,Chordata,Reptilia,Saurischia,Mamenchisauridae,dinosaurs.csv
Austroraptor,austroraptor,Chordata,Reptilia,Saurischia,Dromaeosauridae,dinosaurs.csv
Hypselosaurus,hypselosaurus,Chordata,Reptilia,Saurischia,Titanosauridae,dinosaurs.csv
Hypselosaurus,hypselosaurus,Chordata,Reptilia,Saurischia,Titanosauridae,dinosaurs.csv
Hypselosaurus,hypselosaurus,Chordata,Reptilia,Saurischia,Titanosauridae,dinosaurs.csv
Neovenator,neovenator,Chordata,Reptilia,Saurischia,Neovenatoridae,dinosaurs.csv
Megalosaurus,megalosaurus,Chordata,Reptilia,Saurischia,Megalosauridae,dinosaurs.csv
Thecodontosaurus,thecodontosaurus,Chordata,Reptilia,Saurischia,,dinosaurs.csv
Tyrannosaurus,tyrannosaurus,Chordata,Reptilia,Saurischia,Tyrannosauridae,dinosaurs.csv
Troodon,troodon,Chordata,Reptilia,Saurischia,Troodontidae,dinosaurs.csv
Ornithomimus,ornithomimus,Chordata,Reptilia,Saurischia,Ornithomimidae,dinosaurs.csv
Ornithomimus,ornithomimus,Chordata,Reptilia,Saurischia,Ornithomimidae,dinosaurs.csv
Diplodocus,diplodocus,Chordata,Reptilia,Saurischia,Diplodocidae,dinosaurs.csv
Apatosaurus,apatosaurus,Chordata,Reptilia,Saurischia,Diplodocidae,dinosaurs.csv
Brontosaurus,brontosaurus,Chordata,Reptilia,Saurischia,Diplodocidae,dinosaurs.csv
Brontosaurus,brontosaurus,Chordata,Reptilia,Saurischia,Diplodocidae,dinosaurs.csv
Brontosaurus,brontosaurus,Chordata,Reptilia,Saurischia,Diplodocidae,dinosaurs.csv
Ornithomimus,ornithomimus,Chordata,Reptilia,Saurischia,Ornithomimidae,dinosaurs.csv
Tyrannosaurus,tyrannosaurus,Chordata,Reptilia,Saurischia,Tyrannosauridae,dinosaurs.csv
Ostafrikasaurus,ostafrikasaurus,Chordata,Reptilia,Saurischia,Spinosauridae,dinosaurs.csv
Changpeipus,changpeipus,Chordata,Reptilia,Saurischia,,dinosaurs.csv
Ganzhousaurus,ganzhousaurus,Chordata,Reptilia,Saurischia,Oviraptoridae,dinosaurs.csv
Ornithopsis,ornithopsis,Chordata,Reptilia,Saurischia,,dinosaurs.csv
Dahalokely,dahalokely,Chordata,Reptilia,Saurischia,Abelisauridae,dinosaurs.csv
Paronychodon,paronychodon,Chordata,Reptilia,Saurischia,Troodontidae,dinosaurs.csv
Richardoestesia,richardoestesia,Chordata,Reptilia,Saurischia,Dromaeosauridae,dinosaurs.csv
Leptorhynchos,leptorhynchos,Chordata,Reptilia,Saurischia,Caenagnathidae,dinosaurs.csv
Chirostenotes,chirostenotes,Chordata,Reptilia,Saurischia,Caenagnathidae,dinosaurs.csv
Aorun,aorun,Chordata,Reptilia,Saurischia,,dinosaurs.csv
Richardoestesia,richardoestesia,Chordata,Reptilia,Saurischia,Dromaeosauridae,dinosaurs.csv
Saurornitholestes,saurornitholestes,Chordata,Reptilia,Saurischia,Dromaeosauridae,dinosaurs.csv
Saurornitholestes,saurornitholestes,Chordata,Reptilia,Saurischia,Dromaeosauridae,dinosaurs.csv
Majungasaurus,majungasaurus,Chordata,Reptilia,Saurischia,Abelisauridae,dinosaurs.csv
Yunmenglong,yunmenglong,Chordata,Reptilia,Saurischia,,dinosaurs.csv
Wulatelong,wulatelong,Chordata,Reptilia,Saurischia,Oviraptoridae,dinosaurs.csv
Richardoestesia,richardoestesia,Chordata,Reptilia,Saurischia,Dromaeosauridae,dinosaurs.csv
Plateosaurus,plateosaurus,Chordata,Reptilia,Saurischia,Plateosauridae,dinosaurs.csv
Aurornis,aurornis,Chordata,Reptilia,Saurischia,,dinosaurs.csv
Jianchangosaurus,jianchangosaurus,Chordata,Reptilia,Saurischia,,dinosaurs.csv
Nebulasaurus,nebulasaurus,Chordata,Reptilia,Saurischia,,dinosaurs.csv
Erketu,erketu,Chordata,Reptilia,Saurischia,,dinosaurs.csv
Yangchuanosaurus,yangchuanosaurus,Chordata,Reptilia,Saurischia,Metriacanthosauridae,dinosaurs.csv
Sphingopus,sphingopus,Chordata,Reptilia,Saurischia,Parachirotheriidae,dinosaurs.csv
Otozoum,otozoum,Chordata,Reptilia,Saurischia,Otozoidae,dinosaurs.csv
Megalosauropus,megalosauropus,Chordata,Reptilia,Saurischia,,dinosaurs.csv
Nuthetes,nuthetes,Chordata,Reptilia,Saurischia,Dromaeosauridae,dinosaurs.csv
Pelorosaurus,pelorosaurus,Chordata,Reptilia,Saurischia,,dinosaurs.csv
Gannansaurus,gannansaurus,Chordata,Reptilia,Saurischia,,dinosaurs.csv
Overosaurus,overosaurus,Chordata,Reptilia,Saurischia,,dinosaurs.csv
Tataouinea,tataouinea,Chordata,Reptilia,Saurischia,Rebbachisauridae,dinosaurs.csv
Linhenykus,linhenykus,Chordata,Reptilia,Saurischia,,dinosaurs.csv
Jiangxisaurus,jiangxisaurus,Chordata,Reptilia,Saurischia,Oviraptoridae,dinosaurs.csv
Melanorosaurus,melanorosaurus,Chordata,Reptilia,Saurischia,,dinosaurs.csv
Thecodontosaurus,thecodontosaurus,Chordata,Reptilia,Saurischia,,dinosaurs.csv
Plateosaurus,plateosaurus,Chordata,Reptilia,Saurischia,Plateosauridae,dinosaurs.csv
Tetrasauropus,tetrasauropus,Chordata,Reptilia,Saurischia,,dinosaurs.csv
Massospondylus,massospondylus,Chordata,Reptilia,Saurischia,Massospondylidae,dinosaurs.csv
Massospondylus,massospondylus,Chordata,Reptilia,Saurischia,Massospondylidae,dinosaurs.csv
Massospondylus,massospondylus,Chordata,Reptilia,Saurischia,Massospondylidae,dinosaurs.csv
Massospondylus,massospondylus,Chordata,Reptilia,Saurischia,Massospondylidae,dinosaurs.csv
Massospondylus,massospondylus,Chordata,Reptilia,Saurischia,Massospondylidae,dinosaurs.csv
Europasaurus,europasaurus,Chordata,Reptilia,Saurischia,Brachiosauridae,dinosaurs.csv
Dilophosauripus,dilophosauripus,Chordata,Reptilia,Saurischia,Grallatoridae,dinosaurs.csv
Cetiosaurus,cetiosaurus,Chordata,Reptilia,Saurischia,,dinosaurs.csv
Struthiomimus,struthiomimus,Chordata,Reptilia,Saurischia,,dinosaurs.csv
Struthiomimus,struthiomimus,Chordata,Reptilia,Saurischia,,dinosaurs.csv
Dryptosaurus,dryptosaurus,Chordata,Reptilia,Saurischia,,dinosaurs.csv
Ornithomimus,ornithomimus,Chordata,Reptilia,Saurischia,Ornithomimidae,dinosaurs.csv
Ornithomimus,ornithomimus,Chordata,Reptilia,Saurischia,Ornithomimidae,dinosaurs.csv
Paronychodon,paronychodon,Chordata,Reptilia,Saurischia,Troodontidae,dinosaurs.csv
Paronychodon,paronychodon,Chordata,Reptilia,Saurischia,Troodontidae,dinosaurs.csv
Xianshanosaurus,xianshanosaurus,Chordata,Reptilia,Saurischia,,dinosaurs.csv
Normanniasaurus,normanniasaurus,Chordata,Reptilia,Saurischia,,dinosaurs.csv
Tyrannosaurus,tyrannosaurus,Chordata,Reptilia,Saurischia,Tyrannosauridae,dinosaurs.csv
Leptorhynchos,leptorhynchos,Chordata,Reptilia,Saurischia,Caenagnathidae,dinosaurs.csv
Ornithomimus,ornithomimus,Chordata,Reptilia,Saurischia,Ornithomimidae,dinosaurs.csv
Struthiomimus,struthiomimus,Chordata,Reptilia,Saurischia,,dinosaurs.csv
Chirostenotes,chirostenotes,Chordata,Reptilia,Saurischia,Caenagnathidae,dinosaurs.csv
Ornithomimus,ornithomimus,Chordata,Reptilia,Saurischia,Ornithomimidae,dinosaurs.csv
Gorgosaurus,gorgosaurus,Chordata,Reptilia,Saurischia,Tyrannosauridae,dinosaurs.csv
Katepensaurus,katepensaurus,Chordata,Reptilia,Saurischia,Rebbachisauridae,dinosaurs.csv
Richardoestesia,richardoestesia,Chordata,Reptilia,Saurischia,Dromaeosauridae,dinosaurs.csv
Richardoestesia,richardoestesia,Chordata,Reptilia,Saurischia,Dromaeosauridae,dinosaurs.csv
Richardoestesia,richardoestesia,Chordata,Reptilia,Saurischia,Dromaeosauridae,dinosaurs.csv
Richardoestesia,richardoestesia,Chordata,Reptilia,Saurischia,Dromaeosauridae,dinosaurs.csv
Saurornitholestes,saurornitholestes,Chordata,Reptilia,Saurischia,Dromaeosauridae,dinosaurs.csv
Saurornitholestes,saurornitholestes,Chordata,Reptilia,Saurischia,Dromaeosauridae,dinosaurs.csv
Saurornitholestes,saurornitholestes,Chordata,Reptilia,Saurischia,Dromaeosauridae,dinosaurs.csv
Saurornitholestes,saurornitholestes,Chordata,Reptilia,Saurischia,Dromaeosauridae,dinosaurs.csv
Dromaeosaurus,dromaeosaurus,Chordata,Reptilia,Saurischia,Dromaeosauridae,dinosaurs.csv
Troodon,troodon,Chordata,Reptilia,Saurischia,Troodontidae,dinosaurs.csv
Troodon,troodon,Chordata,Reptilia,Saurischia,Troodontidae,dinosaurs.csv
Troodon,troodon,Chordata,Reptilia,Saurischia,Troodontidae,dinosaurs.csv
Troodon,troodon,Chordata,Reptilia,Saurischia,Troodontidae,dinosaurs.csv
Troodon,troodon,Chordata,Reptilia,Saurischia,Troodontidae,dinosaurs.csv
Troodon,troodon,Chordata,Reptilia,Saurischia,Troodontidae,dinosaurs.csv
Troodon,troodon,Chordata,Reptilia,Saurischia,Troodontidae,dinosaurs.csv
Troodon,troodon,Chordata,Reptilia,Saurischia,Troodontidae,dinosaurs.csv
Troodon,troodon,Chordata,Reptilia,Saurischia,Troodontidae,dinosaurs.csv
Richardoestesia,richardoestesia,Chordata,Reptilia,Saurischia,Dromaeosauridae,dinosaurs.csv
Richardoestesia,richardoestesia,Chordata,Reptilia,Saurischia,Dromaeosauridae,dinosaurs.csv
Richardoestesia,richardoestesia,Chordata,Reptilia,Saurischia,Dromaeosauridae,dinosaurs.csv
Richardoestesia,richardoestesia,Chordata,Reptilia,Saurischia,Dromaeosauridae,dinosaurs.csv
Richardoestesia,richardoestesia,Chordata,Reptilia,Saurischia,Dromaeosauridae,dinosaurs.csv
Richardoestesia,richardoestesia,Chordata,Reptilia,Saurischia,Dromaeosauridae,dinosaurs.csv
Richardoestesia,richardoestesia,Chordata,Reptilia,Saurischia,Dromaeosauridae,dinosaurs.csv
Richardoestesia,richardoestesia,Chordata,Reptilia,Saurischia,Dromaeosauridae,dinosaurs.csv
Richardoestesia,richardoestesia,Chordata,Reptilia,Saurischia,Dromaeosauridae,dinosaurs.csv
Richardoestesia,richardoestesia,Chordata,Reptilia,Saurischia,Dromaeosauridae,dinosaurs.csv
Richardoestesia,richardoestesia,Chordata,Reptilia,Saurischia,Dromaeosauridae,dinosaurs.csv
Richardoestesia,richardoestesia,Chordata,Reptilia,Saurischia,Dromaeosauridae,dinosaurs.csv
Zapsalis,zapsalis,Chordata,Reptilia,Saurischia,Dromaeosauridae,dinosaurs.csv
Dromaeosaurus,dromaeosaurus,Chordata,Reptilia,Saurischia,Dromaeosauridae,dinosaurs.csv
Dromaeosaurus,dromaeosaurus,Chordata,Reptilia,Saurischia,Dromaeosauridae,dinosaurs.csv
Atrociraptor,atrociraptor,Chordata,Reptilia,Saurischia,Dromaeosauridae,dinosaurs.csv
Atrociraptor,atrociraptor,Chordata,Reptilia,Saurischia,Dromaeosauridae,dinosaurs.csv
Atrociraptor,atrociraptor,Chordata,Reptilia,Saurischia,Dromaeosauridae,dinosaurs.csv
Saurornitholestes,saurornitholestes,Chordata,Reptilia,Saurischia,Dromaeosauridae,dinosaurs.csv
Saurornitholestes,saurornitholestes,Chordata,Reptilia,Saurischia,Dromaeosauridae,dinosaurs.csv
Saurornitholestes,saurornitholestes,Chordata,Reptilia,Saurischia,Dromaeosauridae,dinosaurs.csv
Saurornitholestes,saurornitholestes,Chordata,Reptilia,Saurischia,Dromaeosauridae,dinosaurs.csv
Acheroraptor,acheroraptor,Chordata,Reptilia,Saurischia,Dromaeosauridae,dinosaurs.csv
Siats,siats,Chordata,Reptilia,Saurischia,Neovenatoridae,dinosaurs.csv
Nankangia,nankangia,Chordata,Reptilia,Saurischia,Oviraptoridae,dinosaurs.csv
Tyrannosaurus,tyrannosaurus,Chordata,Reptilia,Saurischia,Tyrannosauridae,dinosaurs.csv
Arcovenator,arcovenator,Chordata,Reptilia,Saurischia,Abelisauridae,dinosaurs.csv
Ampelosaurus,ampelosaurus,Chordata,Reptilia,Saurischia,,dinosaurs.csv
Torvosaurus,torvosaurus,Chordata,Reptilia,Saurischia,Megalosauridae,dinosaurs.csv
Camarasaurus,camarasaurus,Chordata,Reptilia,Saurischia,,dinosaurs.csv
Apatosaurus,apatosaurus,Chordata,Reptilia,Saurischia,Diplodocidae,dinosaurs.csv
Barosaurus,barosaurus,Chordata,Reptilia,Saurischia,Diplodocidae,dinosaurs.csv
Diplodocus,diplodocus,Chordata,Reptilia,Saurischia,Diplodocidae,dinosaurs.csv
Hadrosaurichnus,hadrosaurichnus,Chordata,Reptilia,Saurischia,,dinosaurs.csv
Xinjiangtitan,xinjiangtitan,Chordata,Reptilia,Saurischia,Mamenchisauridae,dinosaurs.csv
Gobivenator,gobivenator,Chordata,Reptilia,Saurischia,Troodontidae,dinosaurs.csv
Quetecsaurus,quetecsaurus,Chordata,Reptilia,Saurischia,,dinosaurs.csv
Anchiornis,anchiornis,Chordata,Reptilia,Saurischia,,dinosaurs.csv
Yongjinglong,yongjinglong,Chordata,Reptilia,Saurischia,,dinosaurs.csv
Torvosaurus,torvosaurus,Chordata,Reptilia,Saurischia,Megalosauridae,dinosaurs.csv
Richardoestesia,richardoestesia,Chordata,Reptilia,Saurischia,Dromaeosauridae,dinosaurs.csv
Plesiornis,plesiornis,Chordata,Reptilia,Saurischia,,dinosaurs.csv
Deinonychus,deinonychus,Chordata,Reptilia,Saurischia,Dromaeosauridae,dinosaurs.csv
Torvosaurus,torvosaurus,Chordata,Reptilia,Saurischia,Megalosauridae,dinosaurs.csv
Torvosaurus,torvosaurus,Chordata,Reptilia,Saurischia,Megalosauridae,dinosaurs.csv
Saurexallopus,saurexallopus,Chordata,Reptilia,Saurischia,,dinosaurs.csv
Anzu,anzu,Chordata,Reptilia,Saurischia,Caenagnathidae,dinosaurs.csv
Camarasaurus,camarasaurus,Chordata,Reptilia,Saurischia,,dinosaurs.csv
Allosaurus,allosaurus,Chordata,Reptilia,Saurischia,Allosauridae,dinosaurs.csv
Apatosaurus,apatosaurus,Chordata,Reptilia,Saurischia,Diplodocidae,dinosaurs.csv
Allosaurus,allosaurus,Chordata,Reptilia,Saurischia,Allosauridae,dinosaurs.csv
Camarasaurus,camarasaurus,Chordata,Reptilia,Saurischia,,dinosaurs.csv
Ceratosaurus,ceratosaurus,Chordata,Reptilia,Saurischia,,dinosaurs.csv
Diplodocus,diplodocus,Chordata,Reptilia,Saurischia,Diplodocidae,dinosaurs.csv
Anzu,anzu,Chordata,Reptilia,Saurischia,Caenagnathidae,dinosaurs.csv
Bonapartenykus,bonapartenykus,Chordata,Reptilia,Saurischia,Alvarezsauridae,dinosaurs.csv
Tyrannosaurus,tyrannosaurus,Chordata,Reptilia,Saurischia,Tyrannosauridae,dinosaurs.csv
Dromaeosaurus,dromaeosaurus,Chordata,Reptilia,Saurischia,Dromaeosauridae,dinosaurs.csv
Richardoestesia,richardoestesia,Chordata,Reptilia,Saurischia,Dromaeosauridae,dinosaurs.csv
Paronychodon,paronychodon,Chordata,Reptilia,Saurischia,Troodontidae,dinosaurs.csv
Richardoestesia,richardoestesia,Chordata,Reptilia,Saurischia,Dromaeosauridae,dinosaurs.csv
Richardoestesia,richardoestesia,Chordata,Reptilia,Saurischia,Dromaeosauridae,dinosaurs.csv
Paracorpulentapus,paracorpulentapus,Chordata,Reptilia,Saurischia,,dinosaurs.csv
Xiuningpus,xiuningpus,Chordata,Reptilia,Saurischia,,dinosaurs.csv
Paracorpulentapus,paracorpulentapus,Chordata,Reptilia,Saurischia,,dinosaurs.csv
Lythronax,lythronax,Chordata,Reptilia,Saurischia,Tyrannosauridae,dinosaurs.csv
Teratophoneus,teratophoneus,Chordata,Reptilia,Saurischia,Tyrannosauridae,dinosaurs.csv
Vahiny,vahiny,Chordata,Reptilia,Saurischia,,dinosaurs.csv
Vahiny,vahiny,Chordata,Reptilia,Saurischia,,dinosaurs.csv
Ornithomimipus,ornithomimipus,Chordata,Reptilia,Saurischia,Ornithomimipodidae,dinosaurs.csv
Ornithomimipus,ornithomimipus,Chordata,Reptilia,Saurischia,Ornithomimipodidae,dinosaurs.csv
Alioramus,alioramus,Chordata,Reptilia,Saurischia,Tyrannosauridae,dinosaurs.csv
Ceratosaurus,ceratosaurus,Chordata,Reptilia,Saurischia,,dinosaurs.csv
Magyarosaurus,magyarosaurus,Chordata,Reptilia,Saurischia,,dinosaurs.csv
Richardoestesia,richardoestesia,Chordata,Reptilia,Saurischia,Dromaeosauridae,dinosaurs.csv
Paronychodon,paronychodon,Chordata,Reptilia,Saurischia,Troodontidae,dinosaurs.csv
Leinkupal,leinkupal,Chordata,Reptilia,Saurischia,Diplodocidae,dinosaurs.csv
Jinfengopteryx,jinfengopteryx,Chordata,Reptilia,Saurischia,Troodontidae,dinosaurs.csv
Navahopus,navahopus,Chordata,Reptilia,Saurischia,,dinosaurs.csv
Coelophysis,coelophysis,Chordata,Reptilia,Saurischia,,dinosaurs.csv
Alectrosaurus,alectrosaurus,Chordata,Reptilia,Saurischia,,dinosaurs.csv
Tyrannosaurus,tyrannosaurus,Chordata,Reptilia,Saurischia,Tyrannosauridae,dinosaurs.csv
Tyrannosaurus,tyrannosaurus,Chordata,Reptilia,Saurischia,Tyrannosauridae,dinosaurs.csv
Tyrannosaurus,tyrannosaurus,Chordata,Reptilia,Saurischia,Tyrannosauridae,dinosaurs.csv
Caenagnathus,caenagnathus,Chordata,Reptilia,Saurischia,Caenagnathidae,dinosaurs.csv
Tarbosaurus,tarbosaurus,Chordata,Reptilia,Saurischia,Tyrannosauridae,dinosaurs.csv
Changyuraptor,changyuraptor,Chordata,Reptilia,Saurischia,Dromaeosauridae,dinosaurs.csv
Titanosaurus,titanosaurus,Chordata,Reptilia,Saurischia,,dinosaurs.csv
Camarasaurus,camarasaurus,Chordata,Reptilia,Saurischia,,dinosaurs.csv
Tyrannosaurus,tyrannosaurus,Chordata,Reptilia,Saurischia,Tyrannosauridae,dinosaurs.csv
Nemegtosaurus,nemegtosaurus,Chordata,Reptilia,Saurischia,Nemegtosauridae,dinosaurs.csv
Thecodontosaurus,thecodontosaurus,Chordata,Reptilia,Saurischia,,dinosaurs.csv
Thecodontosaurus,thecodontosaurus,Chordata,Reptilia,Saurischia,,dinosaurs.csv
Dromaeosauripus,dromaeosauripus,Chordata,Reptilia,Saurischia,Dromaeopodidae,dinosaurs.csv
Datanglong,datanglong,Chordata,Reptilia,Saurischia,,dinosaurs.csv
Dreadnoughtus,dreadnoughtus,Chordata,Reptilia,Saurischia,,dinosaurs.csv
Camarasaurus,camarasaurus,Chordata,Reptilia,Saurischia,,dinosaurs.csv
Ornithomimus,ornithomimus,Chordata,Reptilia,Saurischia,Ornithomimidae,dinosaurs.csv
Avimimus,avimimus,Chordata,Reptilia,Saurischia,,dinosaurs.csv
Daspletosaurus,daspletosaurus,Chordata,Reptilia,Saurischia,Tyrannosauridae,dinosaurs.csv
Dromaeosaurus,dromaeosaurus,Chordata,Reptilia,Saurischia,Dromaeosauridae,dinosaurs.csv
Tyrannotitan,tyrannotitan,Chordata,Reptilia,Saurischia,Carcharodontosauridae,dinosaurs.csv
Tyrannosaurus,tyrannosaurus,Chordata,Reptilia,Saurischia,Tyrannosauridae,dinosaurs.csv
Caenagnathus,caenagnathus,Chordata,Reptilia,Saurischia,Caenagnathidae,dinosaurs.csv
Caenagnathus,caenagnathus,Chordata,Reptilia,Saurischia,Caenagnathidae,dinosaurs.csv
Apatosaurus,apatosaurus,Chordata,Reptilia,Saurischia,Diplodocidae,dinosaurs.csv
Ceratosaurus,ceratosaurus,Chordata,Reptilia,Saurischia,,dinosaurs.csv
Barosaurus,barosaurus,Chordata,Reptilia,Saurischia,Diplodocidae,dinosaurs.csv
Paronychodon,paronychodon,Chordata,Reptilia,Saurischia,Troodontidae,dinosaurs.csv
Thecodontosaurus,thecodontosaurus,Chordata,Reptilia,Saurischia,,dinosaurs.csv
Carcharodontosaurus,carcharodontosaurus,Chordata,Reptilia,Saurischia,Carcharodontosauridae,dinosaurs.csv
Spinosaurus,spinosaurus,Chordata,Reptilia,Saurischia,Spinosauridae,dinosaurs.csv
Carcharodontosaurus,carcharodontosaurus,Chordata,Reptilia,Saurischia,Carcharodontosauridae,dinosaurs.csv
Spinosaurus,spinosaurus,Chordata,Reptilia,Saurischia,Spinosauridae,dinosaurs.csv
Carcharodontosaurus,carcharodontosaurus,Chordata,Reptilia,Saurischia,Carcharodontosauridae,dinosaurs.csv
Spinosaurus,spinosaurus,Chordata,Reptilia,Saurischia,Spinosauridae,dinosaurs.csv
Carcharodontosaurus,carcharodontosaurus,Chordata,Reptilia,Saurischia,Carcharodontosauridae,dinosaurs.csv
Spinosaurus,spinosaurus,Chordata,Reptilia,Saurischia,Spinosauridae,dinosaurs.csv
Spinosaurus,spinosaurus,Chordata,Reptilia,Saurischia,Spinosauridae,dinosaurs.csv
Spinosaurus,spinosaurus,Chordata,Reptilia,Saurischia,Spinosauridae,dinosaurs.csv
Huangshanlong,huangshanlong,Chordata,Reptilia,Saurischia,Mamenchisauridae,dinosaurs.csv
Velociraptor,velociraptor,Chordata,Reptilia,Saurischia,Dromaeosauridae,dinosaurs.csv
Gallimimus,gallimimus,Chordata,Reptilia,Saurischia,Ornithomimidae,dinosaurs.csv
Mononykus,mononykus,Chordata,Reptilia,Saurischia,,dinosaurs.csv
Velociraptor,velociraptor,Chordata,Reptilia,Saurischia,Dromaeosauridae,dinosaurs.csv
Saurornithoides,saurornithoides,Chordata,Reptilia,Saurischia,Troodontidae,dinosaurs.csv
Oviraptor,oviraptor,Chordata,Reptilia,Saurischia,Oviraptoridae,dinosaurs.csv
Itemirus,itemirus,Chordata,Reptilia,Saurischia,Dromaeosauridae,dinosaurs.csv
Megalosaurus,megalosaurus,Chordata,Reptilia,Saurischia,Megalosauridae,dinosaurs.csv
Haplocanthosaurus,haplocanthosaurus,Chordata,Reptilia,Saurischia,,dinosaurs.csv
Fosterovenator,fosterovenator,Chordata,Reptilia,Saurischia,Ceratosauridae,dinosaurs.csv
Torvosaurus,torvosaurus,Chordata,Reptilia,Saurischia,Megalosauridae,dinosaurs.csv
Allosaurus,allosaurus,Chordata,Reptilia,Saurischia,Allosauridae,dinosaurs.csv
Elaphrosaurus,elaphrosaurus,Chordata,Reptilia,Saurischia,,dinosaurs.csv
Caenagnathus,caenagnathus,Chordata,Reptilia,Saurischia,Caenagnathidae,dinosaurs.csv
Bonitasaura,bonitasaura,Chordata,Reptilia,Saurischia,,dinosaurs.csv
Alamosaurus,alamosaurus,Chordata,Reptilia,Saurischia,Saltasauridae,dinosaurs.csv
Alamosaurus,alamosaurus,Chordata,Reptilia,Saurischia,Saltasauridae,dinosaurs.csv
Ngexisaurus,ngexisaurus,Chordata,Reptilia,Saurischia,,dinosaurs.csv
Megalosaurus,megalosaurus,Chordata,Reptilia,Saurischia,Megalosauridae,dinosaurs.csv
Microdontosaurus,microdontosaurus,Chordata,Reptilia,Saurischia,,dinosaurs.csv
Lufengosaurus,lufengosaurus,Chordata,Reptilia,Saurischia,Massospondylidae,dinosaurs.csv
Damalasaurus,damalasaurus,Chordata,Reptilia,Saurischia,,dinosaurs.csv
Megalosaurus,megalosaurus,Chordata,Reptilia,Saurischia,Megalosauridae,dinosaurs.csv
Qijianglong,qijianglong,Chordata,Reptilia,Saurischia,Mamenchisauridae,dinosaurs.csv
Carcharodontosaurus,carcharodontosaurus,Chordata,Reptilia,Saurischia,Carcharodontosauridae,dinosaurs.csv
Allosaurus,allosaurus,Chordata,Reptilia,Saurischia,Allosauridae,dinosaurs.csv
Allosaurus,allosaurus,Chordata,Reptilia,Saurischia,Allosauridae,dinosaurs.csv
Gorgosaurus,gorgosaurus,Chordata,Reptilia,Saurischia,Tyrannosauridae,dinosaurs.csv
Dryptosaurus,dryptosaurus,Chordata,Reptilia,Saurischia,,dinosaurs.csv
Dryptosaurus,dryptosaurus,Chordata,Reptilia,Saurischia,,dinosaurs.csv
Hypselosaurus,hypselosaurus,Chordata,Reptilia,Saurischia,Titanosauridae,dinosaurs.csv
Hypselosaurus,hypselosaurus,Chordata,Reptilia,Saurischia,Titanosauridae,dinosaurs.csv
Dryptosaurus,dryptosaurus,Chordata,Reptilia,Saurischia,,dinosaurs.csv
Megalosaurus,megalosaurus,Chordata,Reptilia,Saurischia,Megalosauridae,dinosaurs.csv
Megalosaurus,megalosaurus,Chordata,Reptilia,Saurischia,Megalosauridae,dinosaurs.csv
Megalosaurus,megalosaurus,Chordata,Reptilia,Saurischia,Megalosauridae,dinosaurs.csv
Megalosaurus,megalosaurus,Chordata,Reptilia,Saurischia,Megalosauridae,dinosaurs.csv
Brontosaurus,brontosaurus,Chordata,Reptilia,Saurischia,Diplodocidae,dinosaurs.csv
Diplodocus,diplodocus,Chordata,Reptilia,Saurischia,Diplodocidae,dinosaurs.csv
Diplodocus,diplodocus,Chordata,Reptilia,Saurischia,Diplodocidae,dinosaurs.csv
Galeamopus,galeamopus,Chordata,Reptilia,Saurischia,Diplodocidae,dinosaurs.csv
Brontosaurus,brontosaurus,Chordata,Reptilia,Saurischia,Diplodocidae,dinosaurs.csv
Deinocheirus,deinocheirus,Chordata,Reptilia,Saurischia,,dinosaurs.csv
Gallimimus,gallimimus,Chordata,Reptilia,Saurischia,Ornithomimidae,dinosaurs.csv
Gallimimus,gallimimus,Chordata,Reptilia,Saurischia,Ornithomimidae,dinosaurs.csv
Tarbosaurus,tarbosaurus,Chordata,Reptilia,Saurischia,Tyrannosauridae,dinosaurs.csv
Yi,yi,Chordata,Reptilia,Saurischia,Scansoriopterygidae,dinosaurs.csv
Itemirus,itemirus,Chordata,Reptilia,Saurischia,Dromaeosauridae,dinosaurs.csv
Itemirus,itemirus,Chordata,Reptilia,Saurischia,Dromaeosauridae,dinosaurs.csv
Itemirus,itemirus,Chordata,Reptilia,Saurischia,Dromaeosauridae,dinosaurs.csv
Itemirus,itemirus,Chordata,Reptilia,Saurischia,Dromaeosauridae,dinosaurs.csv
Itemirus,itemirus,Chordata,Reptilia,Saurischia,Dromaeosauridae,dinosaurs.csv
Tarbosaurus,tarbosaurus,Chordata,Reptilia,Saurischia,Tyrannosauridae,dinosaurs.csv
Gallimimus,gallimimus,Chordata,Reptilia,Saurischia,Ornithomimidae,dinosaurs.csv
Tarbosaurus,tarbosaurus,Chordata,Reptilia,Saurischia,Tyrannosauridae,dinosaurs.csv
Tarbosaurus,tarbosaurus,Chordata,Reptilia,Saurischia,Tyrannosauridae,dinosaurs.csv
Mononykus,mononykus,Chordata,Reptilia,Saurischia,,dinosaurs.csv
Shuvuuia,shuvuuia,Chordata,Reptilia,Saurischia,,dinosaurs.csv
Velociraptor,velociraptor,Chordata,Reptilia,Saurischia,Dromaeosauridae,dinosaurs.csv
Saurornithoides,saurornithoides,Chordata,Reptilia,Saurischia,Troodontidae,dinosaurs.csv
Pelorosaurus,pelorosaurus,Chordata,Reptilia,Saurischia,,dinosaurs.csv
Ingenia,ingenia,Chordata,Reptilia,Saurischia,Oviraptoridae,dinosaurs.csv
Avimimus,avimimus,Chordata,Reptilia,Saurischia,,dinosaurs.csv
Mononykus,mononykus,Chordata,Reptilia,Saurischia,,dinosaurs.csv
Velociraptor,velociraptor,Chordata,Reptilia,Saurischia,Dromaeosauridae,dinosaurs.csv
Rukwatitan,rukwatitan,Chordata,Reptilia,Saurischia,,dinosaurs.csv
Lirainosaurus,lirainosaurus,Chordata,Reptilia,Saurischia,,dinosaurs.csv
Lirainosaurus,lirainosaurus,Chordata,Reptilia,Saurischia,,dinosaurs.csv
Ampelosaurus,ampelosaurus,Chordata,Reptilia,Saurischia,,dinosaurs.csv
Baryonyx,baryonyx,Chordata,Reptilia,Saurischia,Spinosauridae,dinosaurs.csv
Thecodontichnus,thecodontichnus,Chordata,Reptilia,Saurischia,Parachirotheriidae,dinosaurs.csv
Sefapanosaurus,sefapanosaurus,Chordata,Reptilia,Saurischia,,dinosaurs.csv
Megaraptor,megaraptor,Chordata,Reptilia,Saurischia,Megaraptoridae,dinosaurs.csv
Saurichnium,saurichnium,Chordata,Reptilia,Saurischia,,dinosaurs.csv
Tetrapodium,tetrapodium,Chordata,Reptilia,Saurischia,,dinosaurs.csv
Duriatitan,duriatitan,Chordata,Reptilia,Saurischia,,dinosaurs.csv
Huanansaurus,huanansaurus,Chordata,Reptilia,Saurischia,Oviraptoridae,dinosaurs.csv
Eubrontes,eubrontes,Chordata,Reptilia,Saurischia,Eubrontidae,dinosaurs.csv
Richardoestesia,richardoestesia,Chordata,Reptilia,Saurischia,Dromaeosauridae,dinosaurs.csv
Pyroraptor,pyroraptor,Chordata,Reptilia,Saurischia,Dromaeosauridae,dinosaurs.csv
Eucnemesaurus,eucnemesaurus,Chordata,Reptilia,Saurischia,Riojasauridae,dinosaurs.csv
Trigonosaurus,trigonosaurus,Chordata,Reptilia,Saurischia,Saltasauridae,dinosaurs.csv
Padillasaurus,padillasaurus,Chordata,Reptilia,Saurischia,,dinosaurs.csv
Lufengosaurus,lufengosaurus,Chordata,Reptilia,Saurischia,Massospondylidae,dinosaurs.csv
Yunnanosaurus,yunnanosaurus,Chordata,Reptilia,Saurischia,,dinosaurs.csv
Tapinosaurus,tapinosaurus,Chordata,Reptilia,Saurischia,,dinosaurs.csv
Megalosaurus,megalosaurus,Chordata,Reptilia,Saurischia,Megalosauridae,dinosaurs.csv
Megalosaurus,megalosaurus,Chordata,Reptilia,Saurischia,Megalosauridae,dinosaurs.csv
Megalosaurus,megalosaurus,Chordata,Reptilia,Saurischia,Megalosauridae,dinosaurs.csv
Megalosaurus,megalosaurus,Chordata,Reptilia,Saurischia,Megalosauridae,dinosaurs.csv
Megalosaurus,megalosaurus,Chordata,Reptilia,Saurischia,Megalosauridae,dinosaurs.csv
Megalosaurus,megalosaurus,Chordata,Reptilia,Saurischia,Megalosauridae,dinosaurs.csv
Megalosaurus,megalosaurus,Chordata,Reptilia,Saurischia,Megalosauridae,dinosaurs.csv
Megalosaurus,megalosaurus,Chordata,Reptilia,Saurischia,Megalosauridae,dinosaurs.csv
Nemegtomaia,nemegtomaia,Chordata,Reptilia,Saurischia,Oviraptoridae,dinosaurs.csv
Nemegtomaia,nemegtomaia,Chordata,Reptilia,Saurischia,Oviraptoridae,dinosaurs.csv
Dakotaraptor,dakotaraptor,Chordata,Reptilia,Saurischia,Dromaeosauridae,dinosaurs.csv
Hypselosaurus,hypselosaurus,Chordata,Reptilia,Saurischia,Titanosauridae,dinosaurs.csv
Plesiothornipus,plesiothornipus,Chordata,Reptilia,Saurischia,,dinosaurs.csv
Tachiraptor,tachiraptor,Chordata,Reptilia,Saurischia,,dinosaurs.csv
Caenagnathasia,caenagnathasia,Chordata,Reptilia,Saurischia,Caenagnathidae,dinosaurs.csv
Sphingopus,sphingopus,Chordata,Reptilia,Saurischia,Parachirotheriidae,dinosaurs.csv
Notocolossus,notocolossus,Chordata,Reptilia,Saurischia,,dinosaurs.csv
Notocolossus,notocolossus,Chordata,Reptilia,Saurischia,,dinosaurs.csv
Tiantaisaurus,tiantaisaurus,Chordata,Reptilia,Saurischia,Therizinosauridae,dinosaurs.csv
Dracoraptor,dracoraptor,Chordata,Reptilia,Saurischia,,dinosaurs.csv
Viavenator,viavenator,Chordata,Reptilia,Saurischia,Abelisauridae,dinosaurs.csv
Camarasaurus,camarasaurus,Chordata,Reptilia,Saurischia,,dinosaurs.csv
Apatosaurus,apatosaurus,Chordata,Reptilia,Saurischia,Diplodocidae,dinosaurs.csv
Allosaurus,allosaurus,Chordata,Reptilia,Saurischia,Allosauridae,dinosaurs.csv
Camarasaurus,camarasaurus,Chordata,Reptilia,Saurischia,,dinosaurs.csv
Diplodocus,diplodocus,Chordata,Reptilia,Saurischia,Diplodocidae,dinosaurs.csv
Barosaurus,barosaurus,Chordata,Reptilia,Saurischia,Diplodocidae,dinosaurs.csv
Allosaurus,allosaurus,Chordata,Reptilia,Saurischia,Allosauridae,dinosaurs.csv
Camarasaurus,camarasaurus,Chordata,Reptilia,Saurischia,,dinosaurs.csv
Diplodocus,diplodocus,Chordata,Reptilia,Saurischia,Diplodocidae,dinosaurs.csv
Apatosaurus,apatosaurus,Chordata,Reptilia,Saurischia,Diplodocidae,dinosaurs.csv
Camarasaurus,camarasaurus,Chordata,Reptilia,Saurischia,,dinosaurs.csv
Allosaurus,allosaurus,Chordata,Reptilia,Saurischia,Allosauridae,dinosaurs.csv
Deinonychus,deinonychus,Chordata,Reptilia,Saurischia,Dromaeosauridae,dinosaurs.csv
Camarasaurus,camarasaurus,Chordata,Reptilia,Saurischia,,dinosaurs.csv
Allosaurus,allosaurus,Chordata,Reptilia,Saurischia,Allosauridae,dinosaurs.csv
Allosaurus,allosaurus,Chordata,Reptilia,Saurischia,Allosauridae,dinosaurs.csv
Sarmientosaurus,sarmientosaurus,Chordata,Reptilia,Saurischia,,dinosaurs.csv
Kalohipus,kalohipus,Chordata,Reptilia,Saurischia,,dinosaurs.csv
Coelophysis,coelophysis,Chordata,Reptilia,Saurischia,,dinosaurs.csv
Ornithomimus,ornithomimus,Chordata,Reptilia,Saurischia,Ornithomimidae,dinosaurs.csv
Laplatasaurus,laplatasaurus,Chordata,Reptilia,Saurischia,Titanosauridae,dinosaurs.csv
Neuquensaurus,neuquensaurus,Chordata,Reptilia,Saurischia,Saltasauridae,dinosaurs.csv
Shanyangosaurus,shanyangosaurus,Chordata,Reptilia,Saurischia,,dinosaurs.csv
Tarbosaurus,tarbosaurus,Chordata,Reptilia,Saurischia,Tyrannosauridae,dinosaurs.csv
Tarbosaurus,tarbosaurus,Chordata,Reptilia,Saurischia,Tyrannosauridae,dinosaurs.csv
Coelophysis,coelophysis,Chordata,Reptilia,Saurischia,,dinosaurs.csv
Caseosaurus,caseosaurus,Chordata,Reptilia,Saurischia,Herrerasauridae,dinosaurs.csv
Mamenchisaurus,mamenchisaurus,Chordata,Reptilia,Saurischia,Mamenchisauridae,dinosaurs.csv
Mamenchisaurus,mamenchisaurus,Chordata,Reptilia,Saurischia,Mamenchisauridae,dinosaurs.csv
Mamenchisaurus,mamenchisaurus,Chordata,Reptilia,Saurischia,Mamenchisauridae,dinosaurs.csv
Mamenchisaurus,mamenchisaurus,Chordata,Reptilia,Saurischia,Mamenchisauridae,dinosaurs.csv
Mamenchisaurus,mamenchisaurus,Chordata,Reptilia,Saurischia,Mamenchisauridae,dinosaurs.csv
Troodon,troodon,Chordata,Reptilia,Saurischia,Troodontidae,dinosaurs.csv
Troodon,troodon,Chordata,Reptilia,Saurischia,Troodontidae,dinosaurs.csv
Troodon,troodon,Chordata,Reptilia,Saurischia,Troodontidae,dinosaurs.csv
Troodon,troodon,Chordata,Reptilia,Saurischia,Troodontidae,dinosaurs.csv
Troodon,troodon,Chordata,Reptilia,Saurischia,Troodontidae,dinosaurs.csv
Troodon,troodon,Chordata,Reptilia,Saurischia,Troodontidae,dinosaurs.csv
Troodon,troodon,Chordata,Reptilia,Saurischia,Troodontidae,dinosaurs.csv
Alamosaurus,alamosaurus,Chordata,Reptilia,Saurischia,Saltasauridae,dinosaurs.csv
Mussaurus,mussaurus,Chordata,Reptilia,Saurischia,,dinosaurs.csv
Tarbosaurus,tarbosaurus,Chordata,Reptilia,Saurischia,Tyrannosauridae,dinosaurs.csv
Therizinosaurus,therizinosaurus,Chordata,Reptilia,Saurischia,Therizinosauridae,dinosaurs.csv
Velociraptor,velociraptor,Chordata,Reptilia,Saurischia,Dromaeosauridae,dinosaurs.csv
Avimimus,avimimus,Chordata,Reptilia,Saurischia,,dinosaurs.csv
Subtiliolithus,subtiliolithus,Chordata,Reptilia,Saurischia,Subtiliolithidae,dinosaurs.csv
Laplatasaurus,laplatasaurus,Chordata,Reptilia,Saurischia,Titanosauridae,dinosaurs.csv
Massospondylus,massospondylus,Chordata,Reptilia,Saurischia,Massospondylidae,dinosaurs.csv
Nemegtosaurus,nemegtosaurus,Chordata,Reptilia,Saurischia,Nemegtosauridae,dinosaurs.csv
Gallimimus,gallimimus,Chordata,Reptilia,Saurischia,Ornithomimidae,dinosaurs.csv
Gallimimus,gallimimus,Chordata,Reptilia,Saurischia,Ornithomimidae,dinosaurs.csv
Gallimimus,gallimimus,Chordata,Reptilia,Saurischia,Ornithomimidae,dinosaurs.csv
Taurovenator,taurovenator,Chordata,Reptilia,Saurischia,Carcharodontosauridae,dinosaurs.csv
Aoniraptor,aoniraptor,Chordata,Reptilia,Saurischia,Neovenatoridae,dinosaurs.csv
Gallimimus,gallimimus,Chordata,Reptilia,Saurischia,Ornithomimidae,dinosaurs.csv
Tarbosaurus,tarbosaurus,Chordata,Reptilia,Saurischia,Tyrannosauridae,dinosaurs.csv
Tarbosaurus,tarbosaurus,Chordata,Reptilia,Saurischia,Tyrannosauridae,dinosaurs.csv
Tarbosaurus,tarbosaurus,Chordata,Reptilia,Saurischia,Tyrannosauridae,dinosaurs.csv
Gallimimus,gallimimus,Chordata,Reptilia,Saurischia,Ornithomimidae,dinosaurs.csv
Tarbosaurus,tarbosaurus,Chordata,Reptilia,Saurischia,Tyrannosauridae,dinosaurs.csv
Elmisaurus,elmisaurus,Chordata,Reptilia,Saurischia,Caenagnathidae,dinosaurs.csv
Tarbosaurus,tarbosaurus,Chordata,Reptilia,Saurischia,Tyrannosauridae,dinosaurs.csv
Tarbosaurus,tarbosaurus,Chordata,Reptilia,Saurischia,Tyrannosauridae,dinosaurs.csv
Gallimimus,gallimimus,Chordata,Reptilia,Saurischia,Ornithomimidae,dinosaurs.csv
Gallimimus,gallimimus,Chordata,Reptilia,Saurischia,Ornithomimidae,dinosaurs.csv
Gallimimus,gallimimus,Chordata,Reptilia,Saurischia,Ornithomimidae,dinosaurs.csv
Tarbosaurus,tarbosaurus,Chordata,Reptilia,Saurischia,Tyrannosauridae,dinosaurs.csv
Gallimimus,gallimimus,Chordata,Reptilia,Saurischia,Ornithomimidae,dinosaurs.csv
Gallimimus,gallimimus,Chordata,Reptilia,Saurischia,Ornithomimidae,dinosaurs.csv
Gallimimus,gallimimus,Chordata,Reptilia,Saurischia,Ornithomimidae,dinosaurs.csv
Tarbosaurus,tarbosaurus,Chordata,Reptilia,Saurischia,Tyrannosauridae,dinosaurs.csv
Tarbosaurus,tarbosaurus,Chordata,Reptilia,Saurischia,Tyrannosauridae,dinosaurs.csv
Apatoraptor,apatoraptor,Chordata,Reptilia,Saurischia,Caenagnathidae,dinosaurs.csv
Velocisaurus,velocisaurus,Chordata,Reptilia,Saurischia,Noasauridae,dinosaurs.csv
Antarctosaurus,antarctosaurus,Chordata,Reptilia,Saurischia,,dinosaurs.csv
Hulsanpes,hulsanpes,Chordata,Reptilia,Saurischia,,dinosaurs.csv
Microraptor,microraptor,Chordata,Reptilia,Saurischia,Dromaeosauridae,dinosaurs.csv
Eosauropus,eosauropus,Chordata,Reptilia,Saurischia,,dinosaurs.csv
Eosauropus,eosauropus,Chordata,Reptilia,Saurischia,,dinosaurs.csv
Eosauropus,eosauropus,Chordata,Reptilia,Saurischia,,dinosaurs.csv
Austroposeidon,austroposeidon,Chordata,Reptilia,Saurischia,,dinosaurs.csv
Tototlmimus,tototlmimus,Chordata,Reptilia,Saurischia,Ornithomimidae,dinosaurs.csv
Allosaurus,allosaurus,Chordata,Reptilia,Saurischia,Allosauridae,dinosaurs.csv
Allosaurus,allosaurus,Chordata,Reptilia,Saurischia,Allosauridae,dinosaurs.csv
Savannasaurus,savannasaurus,Chordata,Reptilia,Saurischia,,dinosaurs.csv
Megalosauropus,megalosauropus,Chordata,Reptilia,Saurischia,,dinosaurs.csv
Allosaurus,allosaurus,Chordata,Reptilia,Saurischia,Allosauridae,dinosaurs.csv
Megalosaurus,megalosaurus,Chordata,Reptilia,Saurischia,Megalosauridae,dinosaurs.csv
Brachiosaurus,brachiosaurus,Chordata,Reptilia,Saurischia,Brachiosauridae,dinosaurs.csv
Camarasaurus,camarasaurus,Chordata,Reptilia,Saurischia,,dinosaurs.csv
Buriolestes,buriolestes,Chordata,Reptilia,Saurischia,,dinosaurs.csv
Tongtianlong,tongtianlong,Chordata,Reptilia,Saurischia,Oviraptoridae,dinosaurs.csv
Irenesauripus,irenesauripus,Chordata,Reptilia,Saurischia,,dinosaurs.csv
Velociraptorichnus,velociraptorichnus,Chordata,Reptilia,Saurischia,Dromaeopodidae,dinosaurs.csv
Macropodosaurus,macropodosaurus,Chordata,Reptilia,Saurischia,,dinosaurs.csv
Saurexallopus,saurexallopus,Chordata,Reptilia,Saurischia,,dinosaurs.csv
Ornithomimipus,ornithomimipus,Chordata,Reptilia,Saurischia,Ornithomimipodidae,dinosaurs.csv
Chuandongocoelurus,chuandongocoelurus,Chordata,Reptilia,Saurischia,,dinosaurs.csv
Adasaurus,adasaurus,Chordata,Reptilia,Saurischia,Dromaeosauridae,dinosaurs.csv
Segnosaurus,segnosaurus,Chordata,Reptilia,Saurischia,Therizinosauridae,dinosaurs.csv
Tyrannosaurus,tyrannosaurus,Chordata,Reptilia,Saurischia,Tyrannosauridae,dinosaurs.csv
Pectinodon,pectinodon,Chordata,Reptilia,Saurischia,Troodontidae,dinosaurs.csv
Paronychodon,paronychodon,Chordata,Reptilia,Saurischia,Troodontidae,dinosaurs.csv
Dromaeosaurus,dromaeosaurus,Chordata,Reptilia,Saurischia,Dromaeosauridae,dinosaurs.csv
Saurornitholestes,saurornitholestes,Chordata,Reptilia,Saurischia,Dromaeosauridae,dinosaurs.csv
Richardoestesia,richardoestesia,Chordata,Reptilia,Saurischia,Dromaeosauridae,dinosaurs.csv
Wiehenvenator,wiehenvenator,Chordata,Reptilia,Saurischia,Megalosauridae,dinosaurs.csv
Troodon,troodon,Chordata,Reptilia,Saurischia,Troodontidae,dinosaurs.csv
Triunfosaurus,triunfosaurus,Chordata,Reptilia,Saurischia,,dinosaurs.csv
Tetrasauropus,tetrasauropus,Chordata,Reptilia,Saurischia,,dinosaurs.csv
Allosaurus,allosaurus,Chordata,Reptilia,Saurischia,Allosauridae,dinosaurs.csv
Tetrasauropus,tetrasauropus,Chordata,Reptilia,Saurischia,,dinosaurs.csv
Pseudotetrasauropus,pseudotetrasauropus,Chordata,Reptilia,Saurischia,,dinosaurs.csv
Pseudotetrasauropus,pseudotetrasauropus,Chordata,Reptilia,Saurischia,,dinosaurs.csv
Otozoum,otozoum,Chordata,Reptilia,Saurischia,Otozoidae,dinosaurs.csv
Allosaurus,allosaurus,Chordata,Reptilia,Saurischia,Allosauridae,dinosaurs.csv
Torvosaurus,torvosaurus,Chordata,Reptilia,Saurischia,Megalosauridae,dinosaurs.csv
Daspletosaurus,daspletosaurus,Chordata,Reptilia,Saurischia,Tyrannosauridae,dinosaurs.csv
Galeamopus,galeamopus,Chordata,Reptilia,Saurischia,Diplodocidae,dinosaurs.csv
Galeamopus,galeamopus,Chordata,Reptilia,Saurischia,Diplodocidae,dinosaurs.csv
Tengrisaurus,tengrisaurus,Chordata,Reptilia,Saurischia,,dinosaurs.csv
Saurophaganax,saurophaganax,Chordata,Reptilia,Saurischia,Allosauridae,dinosaurs.csv
Megalosauropus,megalosauropus,Chordata,Reptilia,Saurischia,,dinosaurs.csv
Megalosauropus,megalosauropus,Chordata,Reptilia,Saurischia,,dinosaurs.csv
Megalosauropus,megalosauropus,Chordata,Reptilia,Saurischia,,dinosaurs.csv
Yangtzepus,yangtzepus,Chordata,Reptilia,Saurischia,,dinosaurs.csv
Yangtzepus,yangtzepus,Chordata,Reptilia,Saurischia,,dinosaurs.csv
Oobardjidama,oobardjidama,Chordata,Reptilia,Saurischia,,dinosaurs.csv
Deuterotetrapous,deuterotetrapous,Chordata,Reptilia,Saurischia,,dinosaurs.csv
Chaoyangsaurus,chaoyangsaurus,Chordata,Reptilia,Ornithischia,Chaoyangsauridae,dinosaurs.csv
Centrosaurus,centrosaurus,Chordata,Reptilia,Ornithischia,Ceratopsidae,dinosaurs.csv
Gryposaurus,gryposaurus,Chordata,Reptilia,Ornithischia,Hadrosauridae,dinosaurs.csv
Ankylosaurus,ankylosaurus,Chordata,Reptilia,Ornithischia,Ankylosauridae,dinosaurs.csv
Pachycephalosaurus,pachycephalosaurus,Chordata,Reptilia,Ornithischia,Pachycephalosauridae,dinosaurs.csv
Stegosaurus,stegosaurus,Chordata,Reptilia,Ornithischia,Stegosauridae,dinosaurs.csv
Hypsilophodon,hypsilophodon,Chordata,Reptilia,Ornithischia,Hypsilophodontidae,dinosaurs.csv
Scutellosaurus,scutellosaurus,Chordata,Reptilia,Ornithischia,,dinosaurs.csv
Scutellosaurus,scutellosaurus,Chordata,Reptilia,Ornithischia,,dinosaurs.csv
Orodromeus,orodromeus,Chordata,Reptilia,Ornithischia,Thescelosauridae,dinosaurs.csv
Maiasaura,maiasaura,Chordata,Reptilia,Ornithischia,Hadrosauridae,dinosaurs.csv
Goyocephale,goyocephale,Chordata,Reptilia,Ornithischia,,dinosaurs.csv
Tethyshadros,tethyshadros,Chordata,Reptilia,Ornithischia,,dinosaurs.csv
Telmatosaurus,telmatosaurus,Chordata,Reptilia,Ornithischia,Hadrosauridae,dinosaurs.csv
Owenodon,owenodon,Chordata,Reptilia,Ornithischia,,dinosaurs.csv
Valdosaurus,valdosaurus,Chordata,Reptilia,Ornithischia,Dryosauridae,dinosaurs.csv
Styracosaurus,styracosaurus,Chordata,Reptilia,Ornithischia,Ceratopsidae,dinosaurs.csv
Centrosaurus,centrosaurus,Chordata,Reptilia,Ornithischia,Ceratopsidae,dinosaurs.csv
Stegosaurus,stegosaurus,Chordata,Reptilia,Ornithischia,Stegosauridae,dinosaurs.csv
Graciliceratops,graciliceratops,Chordata,Reptilia,Ornithischia,,dinosaurs.csv
Bagaceratops,bagaceratops,Chordata,Reptilia,Ornithischia,,dinosaurs.csv
Iguanodon,iguanodon,Chordata,Reptilia,Ornithischia,,dinosaurs.csv
Stegosaurus,stegosaurus,Chordata,Reptilia,Ornithischia,Stegosauridae,dinosaurs.csv
Prosaurolophus,prosaurolophus,Chordata,Reptilia,Ornithischia,Hadrosauridae,dinosaurs.csv
Maiasaura,maiasaura,Chordata,Reptilia,Ornithischia,Hadrosauridae,dinosaurs.csv
Orodromeus,orodromeus,Chordata,Reptilia,Ornithischia,Thescelosauridae,dinosaurs.csv
Nodosaurus,nodosaurus,Chordata,Reptilia,Ornithischia,Nodosauridae,dinosaurs.csv
Chasmosaurus,chasmosaurus,Chordata,Reptilia,Ornithischia,Ceratopsidae,dinosaurs.csv
Centrosaurus,centrosaurus,Chordata,Reptilia,Ornithischia,Ceratopsidae,dinosaurs.csv
Mojoceratops,mojoceratops,Chordata,Reptilia,Ornithischia,Ceratopsidae,dinosaurs.csv
Stegosaurus,stegosaurus,Chordata,Reptilia,Ornithischia,Stegosauridae,dinosaurs.csv
Camptosaurus,camptosaurus,Chordata,Reptilia,Ornithischia,,dinosaurs.csv
Protoceratops,protoceratops,Chordata,Reptilia,Ornithischia,,dinosaurs.csv
Protoceratops,protoceratops,Chordata,Reptilia,Ornithischia,,dinosaurs.csv
Hypsilophodon,hypsilophodon,Chordata,Reptilia,Ornithischia,Hypsilophodontidae,dinosaurs.csv
Prosaurolophus,prosaurolophus,Chordata,Reptilia,Ornithischia,Hadrosauridae,dinosaurs.csv
Hypacrosaurus,hypacrosaurus,Chordata,Reptilia,Ornithischia,Hadrosauridae,dinosaurs.csv
Gryposaurus,gryposaurus,Chordata,Reptilia,Ornithischia,Hadrosauridae,dinosaurs.csv
Maiasaura,maiasaura,Chordata,Reptilia,Ornithischia,Hadrosauridae,dinosaurs.csv
Pachyrhinosaurus,pachyrhinosaurus,Chordata,Reptilia,Ornithischia,Ceratopsidae,dinosaurs.csv
Stegosaurus,stegosaurus,Chordata,Reptilia,Ornithischia,Stegosauridae,dinosaurs.csv
Dryosaurus,dryosaurus,Chordata,Reptilia,Ornithischia,Dryosauridae,dinosaurs.csv
Camptosaurus,camptosaurus,Chordata,Reptilia,Ornithischia,,dinosaurs.csv
Mantellisaurus,mantellisaurus,Chordata,Reptilia,Ornithischia,Iguanodontidae,dinosaurs.csv
Iguanodon,iguanodon,Chordata,Reptilia,Ornithischia,,dinosaurs.csv
Styracosaurus,styracosaurus,Chordata,Reptilia,Ornithischia,Ceratopsidae,dinosaurs.csv
Centrosaurus,centrosaurus,Chordata,Reptilia,Ornithischia,Ceratopsidae,dinosaurs.csv
Stegosaurus,stegosaurus,Chordata,Reptilia,Ornithischia,Stegosauridae,dinosaurs.csv
Hypacrosaurus,hypacrosaurus,Chordata,Reptilia,Ornithischia,Hadrosauridae,dinosaurs.csv
Prosaurolophus,prosaurolophus,Chordata,Reptilia,Ornithischia,Hadrosauridae,dinosaurs.csv
Einiosaurus,einiosaurus,Chordata,Reptilia,Ornithischia,Ceratopsidae,dinosaurs.csv
Einiosaurus,einiosaurus,Chordata,Reptilia,Ornithischia,Ceratopsidae,dinosaurs.csv
Agujaceratops,agujaceratops,Chordata,Reptilia,Ornithischia,Ceratopsidae,dinosaurs.csv
Avaceratops,avaceratops,Chordata,Reptilia,Ornithischia,Ceratopsidae,dinosaurs.csv
Latirhinus,latirhinus,Chordata,Reptilia,Ornithischia,Hadrosauridae,dinosaurs.csv
Anatotitan,anatotitan,Chordata,Reptilia,Ornithischia,Hadrosauridae,dinosaurs.csv
Hadrosaurus,hadrosaurus,Chordata,Reptilia,Ornithischia,Hadrosauridae,dinosaurs.csv
Triceratops,triceratops,Chordata,Reptilia,Ornithischia,Ceratopsidae,dinosaurs.csv
Emausaurus,emausaurus,Chordata,Reptilia,Ornithischia,,dinosaurs.csv
Protohadros,protohadros,Chordata,Reptilia,Ornithischia,,dinosaurs.csv
Vagaceratops,vagaceratops,Chordata,Reptilia,Ornithischia,Ceratopsidae,dinosaurs.csv
Vagaceratops,vagaceratops,Chordata,Reptilia,Ornithischia,Ceratopsidae,dinosaurs.csv
Iguanodon,iguanodon,Chordata,Reptilia,Ornithischia,,dinosaurs.csv
Mantellisaurus,mantellisaurus,Chordata,Reptilia,Ornithischia,Iguanodontidae,dinosaurs.csv
Wannanosaurus,wannanosaurus,Chordata,Reptilia,Ornithischia,,dinosaurs.csv
Agujaceratops,agujaceratops,Chordata,Reptilia,Ornithischia,Ceratopsidae,dinosaurs.csv
Tenontosaurus,tenontosaurus,Chordata,Reptilia,Ornithischia,,dinosaurs.csv
Tenontosaurus,tenontosaurus,Chordata,Reptilia,Ornithischia,,dinosaurs.csv
Ouranosaurus,ouranosaurus,Chordata,Reptilia,Ornithischia,,dinosaurs.csv
Polacanthus,polacanthus,Chordata,Reptilia,Ornithischia,Nodosauridae,dinosaurs.csv
Orodromeus,orodromeus,Chordata,Reptilia,Ornithischia,Thescelosauridae,dinosaurs.csv
Psittacosaurus,psittacosaurus,Chordata,Reptilia,Ornithischia,Psittacosauridae,dinosaurs.csv
Scelidosaurus,scelidosaurus,Chordata,Reptilia,Ornithischia,,dinosaurs.csv
Pisanosaurus,pisanosaurus,Chordata,Reptilia,Ornithischia,,dinosaurs.csv
Edmontosaurus,edmontosaurus,Chordata,Reptilia,Ornithischia,Hadrosauridae,dinosaurs.csv
Gryposaurus,gryposaurus,Chordata,Reptilia,Ornithischia,Hadrosauridae,dinosaurs.csv
Panoplosaurus,panoplosaurus,Chordata,Reptilia,Ornithischia,Nodosauridae,dinosaurs.csv
Maiasaura,maiasaura,Chordata,Reptilia,Ornithischia,Hadrosauridae,dinosaurs.csv
Brachylophosaurus,brachylophosaurus,Chordata,Reptilia,Ornithischia,Hadrosauridae,dinosaurs.csv
Hylaeosaurus,hylaeosaurus,Chordata,Reptilia,Ornithischia,Nodosauridae,dinosaurs.csv
Iguanodon,iguanodon,Chordata,Reptilia,Ornithischia,,dinosaurs.csv
Cumnoria,cumnoria,Chordata,Reptilia,Ornithischia,,dinosaurs.csv
Hypsilophodon,hypsilophodon,Chordata,Reptilia,Ornithischia,Hypsilophodontidae,dinosaurs.csv
Iguanodon,iguanodon,Chordata,Reptilia,Ornithischia,,dinosaurs.csv
Mantellisaurus,mantellisaurus,Chordata,Reptilia,Ornithischia,Iguanodontidae,dinosaurs.csv
Polacanthus,polacanthus,Chordata,Reptilia,Ornithischia,Nodosauridae,dinosaurs.csv
Gastonia,gastonia,Chordata,Reptilia,Ornithischia,Nodosauridae,dinosaurs.csv
Gastonia,gastonia,Chordata,Reptilia,Ornithischia,Nodosauridae,dinosaurs.csv
Eolambia,eolambia,Chordata,Reptilia,Ornithischia,,dinosaurs.csv
Animantarx,animantarx,Chordata,Reptilia,Ornithischia,Nodosauridae,dinosaurs.csv
Thescelosaurus,thescelosaurus,Chordata,Reptilia,Ornithischia,Thescelosauridae,dinosaurs.csv
Edmontosaurus,edmontosaurus,Chordata,Reptilia,Ornithischia,Hadrosauridae,dinosaurs.csv
Triceratops,triceratops,Chordata,Reptilia,Ornithischia,Ceratopsidae,dinosaurs.csv
Tenontosaurus,tenontosaurus,Chordata,Reptilia,Ornithischia,,dinosaurs.csv
Tenontosaurus,tenontosaurus,Chordata,Reptilia,Ornithischia,,dinosaurs.csv
Thescelosaurus,thescelosaurus,Chordata,Reptilia,Ornithischia,Thescelosauridae,dinosaurs.csv
Triceratops,triceratops,Chordata,Reptilia,Ornithischia,Ceratopsidae,dinosaurs.csv
Stegopelta,stegopelta,Chordata,Reptilia,Ornithischia,,dinosaurs.csv
Moyenisauropus,moyenisauropus,Chordata,Reptilia,Ornithischia,Moyenisauropodidae,dinosaurs.csv
Claosaurus,claosaurus,Chordata,Reptilia,Ornithischia,,dinosaurs.csv
Stegosaurus,stegosaurus,Chordata,Reptilia,Ornithischia,Stegosauridae,dinosaurs.csv
Nodosaurus,nodosaurus,Chordata,Reptilia,Ornithischia,Nodosauridae,dinosaurs.csv
Rhabdodon,rhabdodon,Chordata,Reptilia,Ornithischia,Rhabdodontidae,dinosaurs.csv
Anchiceratops,anchiceratops,Chordata,Reptilia,Ornithischia,Ceratopsidae,dinosaurs.csv
Rhabdodon,rhabdodon,Chordata,Reptilia,Ornithischia,Rhabdodontidae,dinosaurs.csv
Lurdusaurus,lurdusaurus,Chordata,Reptilia,Ornithischia,,dinosaurs.csv
Lesothosaurus,lesothosaurus,Chordata,Reptilia,Ornithischia,,dinosaurs.csv
Lesothosaurus,lesothosaurus,Chordata,Reptilia,Ornithischia,,dinosaurs.csv
Bactrosaurus,bactrosaurus,Chordata,Reptilia,Ornithischia,,dinosaurs.csv
Psittacosaurus,psittacosaurus,Chordata,Reptilia,Ornithischia,Psittacosauridae,dinosaurs.csv
Echinodon,echinodon,Chordata,Reptilia,Ornithischia,Heterodontosauridae,dinosaurs.csv
Tenontosaurus,tenontosaurus,Chordata,Reptilia,Ornithischia,,dinosaurs.csv
Tenontosaurus,tenontosaurus,Chordata,Reptilia,Ornithischia,,dinosaurs.csv
Iguanodon,iguanodon,Chordata,Reptilia,Ornithischia,,dinosaurs.csv
Albalophosaurus,albalophosaurus,Chordata,Reptilia,Ornithischia,,dinosaurs.csv
Shamosaurus,shamosaurus,Chordata,Reptilia,Ornithischia,Ankylosauridae,dinosaurs.csv
Willinakaqe,willinakaqe,Chordata,Reptilia,Ornithischia,Hadrosauridae,dinosaurs.csv
Silvisaurus,silvisaurus,Chordata,Reptilia,Ornithischia,Nodosauridae,dinosaurs.csv
Edmontosaurus,edmontosaurus,Chordata,Reptilia,Ornithischia,Hadrosauridae,dinosaurs.csv
Leptoceratops,leptoceratops,Chordata,Reptilia,Ornithischia,Leptoceratopsidae,dinosaurs.csv
Pentaceratops,pentaceratops,Chordata,Reptilia,Ornithischia,Ceratopsidae,dinosaurs.csv
Pentaceratops,pentaceratops,Chordata,Reptilia,Ornithischia,Ceratopsidae,dinosaurs.csv
Pentaceratops,pentaceratops,Chordata,Reptilia,Ornithischia,Ceratopsidae,dinosaurs.csv
Rhabdodon,rhabdodon,Chordata,Reptilia,Ornithischia,Rhabdodontidae,dinosaurs.csv
Struthiosaurus,struthiosaurus,Chordata,Reptilia,Ornithischia,Nodosauridae,dinosaurs.csv
Pawpawsaurus,pawpawsaurus,Chordata,Reptilia,Ornithischia,Nodosauridae,dinosaurs.csv
Mojoceratops,mojoceratops,Chordata,Reptilia,Ornithischia,Ceratopsidae,dinosaurs.csv
Styracosaurus,styracosaurus,Chordata,Reptilia,Ornithischia,Ceratopsidae,dinosaurs.csv
Kritosaurus,kritosaurus,Chordata,Reptilia,Ornithischia,Hadrosauridae,dinosaurs.csv
Pinacosaurus,pinacosaurus,Chordata,Reptilia,Ornithischia,Ankylosauridae,dinosaurs.csv
Tanius,tanius,Chordata,Reptilia,Ornithischia,,dinosaurs.csv
Dryosaurus,dryosaurus,Chordata,Reptilia,Ornithischia,Dryosauridae,dinosaurs.csv
Ligabueichnium,ligabueichnium,Chordata,Reptilia,Ornithischia,,dinosaurs.csv
Naashoibitosaurus,naashoibitosaurus,Chordata,Reptilia,Ornithischia,Hadrosauridae,dinosaurs.csv
Valdosaurus,valdosaurus,Chordata,Reptilia,Ornithischia,Dryosauridae,dinosaurs.csv
Gideonmantellia,gideonmantellia,Chordata,Reptilia,Ornithischia,,dinosaurs.csv
Kritosaurus,kritosaurus,Chordata,Reptilia,Ornithischia,Hadrosauridae,dinosaurs.csv
Protoceratops,protoceratops,Chordata,Reptilia,Ornithischia,,dinosaurs.csv
Protoceratops,protoceratops,Chordata,Reptilia,Ornithischia,,dinosaurs.csv
Pinacosaurus,pinacosaurus,Chordata,Reptilia,Ornithischia,Ankylosauridae,dinosaurs.csv
Protoceratops,protoceratops,Chordata,Reptilia,Ornithischia,,dinosaurs.csv
Pinacosaurus,pinacosaurus,Chordata,Reptilia,Ornithischia,Ankylosauridae,dinosaurs.csv
Saurolophus,saurolophus,Chordata,Reptilia,Ornithischia,Hadrosauridae,dinosaurs.csv
Protoceratops,protoceratops,Chordata,Reptilia,Ornithischia,,dinosaurs.csv
Rhabdodon,rhabdodon,Chordata,Reptilia,Ornithischia,Rhabdodontidae,dinosaurs.csv
Struthiosaurus,struthiosaurus,Chordata,Reptilia,Ornithischia,Nodosauridae,dinosaurs.csv
Rhabdodon,rhabdodon,Chordata,Reptilia,Ornithischia,Rhabdodontidae,dinosaurs.csv
Struthiosaurus,struthiosaurus,Chordata,Reptilia,Ornithischia,Nodosauridae,dinosaurs.csv
Bagaceratops,bagaceratops,Chordata,Reptilia,Ornithischia,,dinosaurs.csv
Ferganocephale,ferganocephale,Chordata,Reptilia,Ornithischia,,dinosaurs.csv
Protoceratops,protoceratops,Chordata,Reptilia,Ornithischia,,dinosaurs.csv
Pinacosaurus,pinacosaurus,Chordata,Reptilia,Ornithischia,Ankylosauridae,dinosaurs.csv
Charonosaurus,charonosaurus,Chordata,Reptilia,Ornithischia,Hadrosauridae,dinosaurs.csv
Fukuisaurus,fukuisaurus,Chordata,Reptilia,Ornithischia,,dinosaurs.csv
Olorotitan,olorotitan,Chordata,Reptilia,Ornithischia,Hadrosauridae,dinosaurs.csv
Nipponosaurus,nipponosaurus,Chordata,Reptilia,Ornithischia,Hadrosauridae,dinosaurs.csv
Serendipaceratops,serendipaceratops,Chordata,Reptilia,Ornithischia,,dinosaurs.csv
Leaellynasaura,leaellynasaura,Chordata,Reptilia,Ornithischia,,dinosaurs.csv
Leaellynasaura,leaellynasaura,Chordata,Reptilia,Ornithischia,,dinosaurs.csv
Leaellynasaura,leaellynasaura,Chordata,Reptilia,Ornithischia,,dinosaurs.csv
Triceratops,triceratops,Chordata,Reptilia,Ornithischia,Ceratopsidae,dinosaurs.csv
Hexinlusaurus,hexinlusaurus,Chordata,Reptilia,Ornithischia,,dinosaurs.csv
Agilisaurus,agilisaurus,Chordata,Reptilia,Ornithischia,,dinosaurs.csv
Huayangosaurus,huayangosaurus,Chordata,Reptilia,Ornithischia,,dinosaurs.csv
Xiaosaurus,xiaosaurus,Chordata,Reptilia,Ornithischia,,dinosaurs.csv
Iguanodon,iguanodon,Chordata,Reptilia,Ornithischia,,dinosaurs.csv
Ouranosaurus,ouranosaurus,Chordata,Reptilia,Ornithischia,,dinosaurs.csv
Tarchia,tarchia,Chordata,Reptilia,Ornithischia,Ankylosauridae,dinosaurs.csv
Tarchia,tarchia,Chordata,Reptilia,Ornithischia,Ankylosauridae,dinosaurs.csv
Tarchia,tarchia,Chordata,Reptilia,Ornithischia,Ankylosauridae,dinosaurs.csv
Barsboldia,barsboldia,Chordata,Reptilia,Ornithischia,Hadrosauridae,dinosaurs.csv
Lamaceratops,lamaceratops,Chordata,Reptilia,Ornithischia,Bagaceratopsidae,dinosaurs.csv
Protoceratops,protoceratops,Chordata,Reptilia,Ornithischia,,dinosaurs.csv
Saichania,saichania,Chordata,Reptilia,Ornithischia,Ankylosauridae,dinosaurs.csv
Protoceratops,protoceratops,Chordata,Reptilia,Ornithischia,,dinosaurs.csv
Protoceratops,protoceratops,Chordata,Reptilia,Ornithischia,,dinosaurs.csv
Protoceratops,protoceratops,Chordata,Reptilia,Ornithischia,,dinosaurs.csv
Protoceratops,protoceratops,Chordata,Reptilia,Ornithischia,,dinosaurs.csv
Bactrosaurus,bactrosaurus,Chordata,Reptilia,Ornithischia,,dinosaurs.csv
Pararhabdodon,pararhabdodon,Chordata,Reptilia,Ornithischia,Hadrosauridae,dinosaurs.csv
Ouranosaurus,ouranosaurus,Chordata,Reptilia,Ornithischia,,dinosaurs.csv
Pentaceratops,pentaceratops,Chordata,Reptilia,Ornithischia,Ceratopsidae,dinosaurs.csv
Pentaceratops,pentaceratops,Chordata,Reptilia,Ornithischia,Ceratopsidae,dinosaurs.csv
Stegosaurus,stegosaurus,Chordata,Reptilia,Ornithischia,Stegosauridae,dinosaurs.csv
Camptosaurus,camptosaurus,Chordata,Reptilia,Ornithischia,,dinosaurs.csv
Osmakasaurus,osmakasaurus,Chordata,Reptilia,Ornithischia,,dinosaurs.csv
Dryosaurus,dryosaurus,Chordata,Reptilia,Ornithischia,Dryosauridae,dinosaurs.csv
Stegosaurus,stegosaurus,Chordata,Reptilia,Ornithischia,Stegosauridae,dinosaurs.csv
Nanosaurus,nanosaurus,Chordata,Reptilia,Ornithischia,,dinosaurs.csv
Camptosaurus,camptosaurus,Chordata,Reptilia,Ornithischia,,dinosaurs.csv
Dryosaurus,dryosaurus,Chordata,Reptilia,Ornithischia,Dryosauridae,dinosaurs.csv
Stegosaurus,stegosaurus,Chordata,Reptilia,Ornithischia,Stegosauridae,dinosaurs.csv
Dryosaurus,dryosaurus,Chordata,Reptilia,Ornithischia,Dryosauridae,dinosaurs.csv
Othnielosaurus,othnielosaurus,Chordata,Reptilia,Ornithischia,,dinosaurs.csv
Stegosaurus,stegosaurus,Chordata,Reptilia,Ornithischia,Stegosauridae,dinosaurs.csv
Othnielosaurus,othnielosaurus,Chordata,Reptilia,Ornithischia,,dinosaurs.csv
Nanosaurus,nanosaurus,Chordata,Reptilia,Ornithischia,,dinosaurs.csv
Camptosaurus,camptosaurus,Chordata,Reptilia,Ornithischia,,dinosaurs.csv
Stegosaurus,stegosaurus,Chordata,Reptilia,Ornithischia,Stegosauridae,dinosaurs.csv
Stegosaurus,stegosaurus,Chordata,Reptilia,Ornithischia,Stegosauridae,dinosaurs.csv
Stegosaurus,stegosaurus,Chordata,Reptilia,Ornithischia,Stegosauridae,dinosaurs.csv
Mymoorapelta,mymoorapelta,Chordata,Reptilia,Ornithischia,Nodosauridae,dinosaurs.csv
Psittacosaurus,psittacosaurus,Chordata,Reptilia,Ornithischia,Psittacosauridae,dinosaurs.csv
Secernosaurus,secernosaurus,Chordata,Reptilia,Ornithischia,Hadrosauridae,dinosaurs.csv
Secernosaurus,secernosaurus,Chordata,Reptilia,Ornithischia,Hadrosauridae,dinosaurs.csv
Taponichnus,taponichnus,Chordata,Reptilia,Ornithischia,Hadrosauridae,dinosaurs.csv
Telosichnus,telosichnus,Chordata,Reptilia,Ornithischia,Hadrosauridae,dinosaurs.csv
Thescelosaurus,thescelosaurus,Chordata,Reptilia,Ornithischia,Thescelosauridae,dinosaurs.csv
Thescelosaurus,thescelosaurus,Chordata,Reptilia,Ornithischia,Thescelosauridae,dinosaurs.csv
Thescelosaurus,thescelosaurus,Chordata,Reptilia,Ornithischia,Thescelosauridae,dinosaurs.csv
Thescelosaurus,thescelosaurus,Chordata,Reptilia,Ornithischia,Thescelosauridae,dinosaurs.csv
Torosaurus,torosaurus,Chordata,Reptilia,Ornithischia,Ceratopsidae,dinosaurs.csv
Triceratops,triceratops,Chordata,Reptilia,Ornithischia,Ceratopsidae,dinosaurs.csv
Thescelosaurus,thescelosaurus,Chordata,Reptilia,Ornithischia,Thescelosauridae,dinosaurs.csv
Thescelosaurus,thescelosaurus,Chordata,Reptilia,Ornithischia,Thescelosauridae,dinosaurs.csv
Thescelosaurus,thescelosaurus,Chordata,Reptilia,Ornithischia,Thescelosauridae,dinosaurs.csv
Iguanodon,iguanodon,Chordata,Reptilia,Ornithischia,,dinosaurs.csv
Iguanodon,iguanodon,Chordata,Reptilia,Ornithischia,,dinosaurs.csv
Iguanodon,iguanodon,Chordata,Reptilia,Ornithischia,,dinosaurs.csv
Iguanodon,iguanodon,Chordata,Reptilia,Ornithischia,,dinosaurs.csv
Iguanodon,iguanodon,Chordata,Reptilia,Ornithischia,,dinosaurs.csv
Psittacosaurus,psittacosaurus,Chordata,Reptilia,Ornithischia,Psittacosauridae,dinosaurs.csv
Gongpoquansaurus,gongpoquansaurus,Chordata,Reptilia,Ornithischia,,dinosaurs.csv
Psittacosaurus,psittacosaurus,Chordata,Reptilia,Ornithischia,Psittacosauridae,dinosaurs.csv
Archaeoceratops,archaeoceratops,Chordata,Reptilia,Ornithischia,,dinosaurs.csv
Archaeoceratops,archaeoceratops,Chordata,Reptilia,Ornithischia,,dinosaurs.csv
Iguanodon,iguanodon,Chordata,Reptilia,Ornithischia,,dinosaurs.csv
Thescelosaurus,thescelosaurus,Chordata,Reptilia,Ornithischia,Thescelosauridae,dinosaurs.csv
Thescelosaurus,thescelosaurus,Chordata,Reptilia,Ornithischia,Thescelosauridae,dinosaurs.csv
Thescelosaurus,thescelosaurus,Chordata,Reptilia,Ornithischia,Thescelosauridae,dinosaurs.csv
Thescelosaurus,thescelosaurus,Chordata,Reptilia,Ornithischia,Thescelosauridae,dinosaurs.csv
Echinodon,echinodon,Chordata,Reptilia,Ornithischia,Heterodontosauridae,dinosaurs.csv
Thescelosaurus,thescelosaurus,Chordata,Reptilia,Ornithischia,Thescelosauridae,dinosaurs.csv
Jiayinosauropus,jiayinosauropus,Chordata,Reptilia,Ornithischia,,dinosaurs.csv
Shantungosaurus,shantungosaurus,Chordata,Reptilia,Ornithischia,Hadrosauridae,dinosaurs.csv
Tianzhenosaurus,tianzhenosaurus,Chordata,Reptilia,Ornithischia,Ankylosauridae,dinosaurs.csv
Equijubus,equijubus,Chordata,Reptilia,Ornithischia,,dinosaurs.csv
Blasisaurus,blasisaurus,Chordata,Reptilia,Ornithischia,Hadrosauridae,dinosaurs.csv
Arenysaurus,arenysaurus,Chordata,Reptilia,Ornithischia,Hadrosauridae,dinosaurs.csv
Edmontosaurus,edmontosaurus,Chordata,Reptilia,Ornithischia,Hadrosauridae,dinosaurs.csv
Thescelosaurus,thescelosaurus,Chordata,Reptilia,Ornithischia,Thescelosauridae,dinosaurs.csv
Triceratops,triceratops,Chordata,Reptilia,Ornithischia,Ceratopsidae,dinosaurs.csv
Edmontosaurus,edmontosaurus,Chordata,Reptilia,Ornithischia,Hadrosauridae,dinosaurs.csv
Hypacrosaurus,hypacrosaurus,Chordata,Reptilia,Ornithischia,Hadrosauridae,dinosaurs.csv
Hypacrosaurus,hypacrosaurus,Chordata,Reptilia,Ornithischia,Hadrosauridae,dinosaurs.csv
Edmontonia,edmontonia,Chordata,Reptilia,Ornithischia,Nodosauridae,dinosaurs.csv
Dyoplosaurus,dyoplosaurus,Chordata,Reptilia,Ornithischia,Ankylosauridae,dinosaurs.csv
Rubeosaurus,rubeosaurus,Chordata,Reptilia,Ornithischia,Ceratopsidae,dinosaurs.csv
Triceratops,triceratops,Chordata,Reptilia,Ornithischia,Ceratopsidae,dinosaurs.csv
Chasmosaurus,chasmosaurus,Chordata,Reptilia,Ornithischia,Ceratopsidae,dinosaurs.csv
Chasmosaurus,chasmosaurus,Chordata,Reptilia,Ornithischia,Ceratopsidae,dinosaurs.csv
Anodontosaurus,anodontosaurus,Chordata,Reptilia,Ornithischia,Ankylosauridae,dinosaurs.csv
Thescelosaurus,thescelosaurus,Chordata,Reptilia,Ornithischia,Thescelosauridae,dinosaurs.csv
Hylaeosaurus,hylaeosaurus,Chordata,Reptilia,Ornithischia,Nodosauridae,dinosaurs.csv
Thescelosaurus,thescelosaurus,Chordata,Reptilia,Ornithischia,Thescelosauridae,dinosaurs.csv
Orodromeus,orodromeus,Chordata,Reptilia,Ornithischia,Thescelosauridae,dinosaurs.csv
Edmontosaurus,edmontosaurus,Chordata,Reptilia,Ornithischia,Hadrosauridae,dinosaurs.csv
Triceratops,triceratops,Chordata,Reptilia,Ornithischia,Ceratopsidae,dinosaurs.csv
Ankylosaurus,ankylosaurus,Chordata,Reptilia,Ornithischia,Ankylosauridae,dinosaurs.csv
Thescelosaurus,thescelosaurus,Chordata,Reptilia,Ornithischia,Thescelosauridae,dinosaurs.csv
Ankylosaurus,ankylosaurus,Chordata,Reptilia,Ornithischia,Ankylosauridae,dinosaurs.csv
Saurolophus,saurolophus,Chordata,Reptilia,Ornithischia,Hadrosauridae,dinosaurs.csv
Ankylosaurus,ankylosaurus,Chordata,Reptilia,Ornithischia,Ankylosauridae,dinosaurs.csv
Ankylosaurus,ankylosaurus,Chordata,Reptilia,Ornithischia,Ankylosauridae,dinosaurs.csv
Ankylosaurus,ankylosaurus,Chordata,Reptilia,Ornithischia,Ankylosauridae,dinosaurs.csv
Ankylosaurus,ankylosaurus,Chordata,Reptilia,Ornithischia,Ankylosauridae,dinosaurs.csv
Proplanicoxa,proplanicoxa,Chordata,Reptilia,Ornithischia,,dinosaurs.csv
Paranthodon,paranthodon,Chordata,Reptilia,Ornithischia,,dinosaurs.csv
Leptoceratops,leptoceratops,Chordata,Reptilia,Ornithischia,Leptoceratopsidae,dinosaurs.csv
Pachycephalosaurus,pachycephalosaurus,Chordata,Reptilia,Ornithischia,Pachycephalosauridae,dinosaurs.csv
Triceratops,triceratops,Chordata,Reptilia,Ornithischia,Ceratopsidae,dinosaurs.csv
Edmontosaurus,edmontosaurus,Chordata,Reptilia,Ornithischia,Hadrosauridae,dinosaurs.csv
Monoclonius,monoclonius,Chordata,Reptilia,Ornithischia,Ceratopsidae,dinosaurs.csv
Monoclonius,monoclonius,Chordata,Reptilia,Ornithischia,Ceratopsidae,dinosaurs.csv
Triceratops,triceratops,Chordata,Reptilia,Ornithischia,Ceratopsidae,dinosaurs.csv
Triceratops,triceratops,Chordata,Reptilia,Ornithischia,Ceratopsidae,dinosaurs.csv
Edmontosaurus,edmontosaurus,Chordata,Reptilia,Ornithischia,Hadrosauridae,dinosaurs.csv
Triceratops,triceratops,Chordata,Reptilia,Ornithischia,Ceratopsidae,dinosaurs.csv
Triceratops,triceratops,Chordata,Reptilia,Ornithischia,Ceratopsidae,dinosaurs.csv
Triceratops,triceratops,Chordata,Reptilia,Ornithischia,Ceratopsidae,dinosaurs.csv
Triceratops,triceratops,Chordata,Reptilia,Ornithischia,Ceratopsidae,dinosaurs.csv
Triceratops,triceratops,Chordata,Reptilia,Ornithischia,Ceratopsidae,dinosaurs.csv
Torosaurus,torosaurus,Chordata,Reptilia,Ornithischia,Ceratopsidae,dinosaurs.csv
Torosaurus,torosaurus,Chordata,Reptilia,Ornithischia,Ceratopsidae,dinosaurs.csv
Triceratops,triceratops,Chordata,Reptilia,Ornithischia,Ceratopsidae,dinosaurs.csv
Triceratops,triceratops,Chordata,Reptilia,Ornithischia,Ceratopsidae,dinosaurs.csv
Protoceratops,protoceratops,Chordata,Reptilia,Ornithischia,,dinosaurs.csv
Hadrosaurus,hadrosaurus,Chordata,Reptilia,Ornithischia,Hadrosauridae,dinosaurs.csv
Edmontosaurus,edmontosaurus,Chordata,Reptilia,Ornithischia,Hadrosauridae,dinosaurs.csv
Edmontosaurus,edmontosaurus,Chordata,Reptilia,Ornithischia,Hadrosauridae,dinosaurs.csv
Corythosaurus,corythosaurus,Chordata,Reptilia,Ornithischia,Hadrosauridae,dinosaurs.csv
Lambeosaurus,lambeosaurus,Chordata,Reptilia,Ornithischia,Hadrosauridae,dinosaurs.csv
Corythosaurus,corythosaurus,Chordata,Reptilia,Ornithischia,Hadrosauridae,dinosaurs.csv
Edmontosaurus,edmontosaurus,Chordata,Reptilia,Ornithischia,Hadrosauridae,dinosaurs.csv
Gryposaurus,gryposaurus,Chordata,Reptilia,Ornithischia,Hadrosauridae,dinosaurs.csv
Dyoplosaurus,dyoplosaurus,Chordata,Reptilia,Ornithischia,Ankylosauridae,dinosaurs.csv
Parasaurolophus,parasaurolophus,Chordata,Reptilia,Ornithischia,Hadrosauridae,dinosaurs.csv
Lambeosaurus,lambeosaurus,Chordata,Reptilia,Ornithischia,Hadrosauridae,dinosaurs.csv
Corythosaurus,corythosaurus,Chordata,Reptilia,Ornithischia,Hadrosauridae,dinosaurs.csv
Triceratops,triceratops,Chordata,Reptilia,Ornithischia,Ceratopsidae,dinosaurs.csv
Pachycephalosaurus,pachycephalosaurus,Chordata,Reptilia,Ornithischia,Pachycephalosauridae,dinosaurs.csv
Camptosaurus,camptosaurus,Chordata,Reptilia,Ornithischia,,dinosaurs.csv
Stegosaurus,stegosaurus,Chordata,Reptilia,Ornithischia,Stegosauridae,dinosaurs.csv
Dryosaurus,dryosaurus,Chordata,Reptilia,Ornithischia,Dryosauridae,dinosaurs.csv
Othnielosaurus,othnielosaurus,Chordata,Reptilia,Ornithischia,,dinosaurs.csv
Ferganocephale,ferganocephale,Chordata,Reptilia,Ornithischia,,dinosaurs.csv
Ferganocephale,ferganocephale,Chordata,Reptilia,Ornithischia,,dinosaurs.csv
Dakotasaurus,dakotasaurus,Chordata,Reptilia,Ornithischia,,dinosaurs.csv
Tenontosaurus,tenontosaurus,Chordata,Reptilia,Ornithischia,,dinosaurs.csv
Stegoceras,stegoceras,Chordata,Reptilia,Ornithischia,Pachycephalosauridae,dinosaurs.csv
Orodromeus,orodromeus,Chordata,Reptilia,Ornithischia,Thescelosauridae,dinosaurs.csv
Edmontonia,edmontonia,Chordata,Reptilia,Ornithischia,Nodosauridae,dinosaurs.csv
Mantellisaurus,mantellisaurus,Chordata,Reptilia,Ornithischia,Iguanodontidae,dinosaurs.csv
Psittacosaurus,psittacosaurus,Chordata,Reptilia,Ornithischia,Psittacosauridae,dinosaurs.csv
Psittacosaurus,psittacosaurus,Chordata,Reptilia,Ornithischia,Psittacosauridae,dinosaurs.csv
Psittacosaurus,psittacosaurus,Chordata,Reptilia,Ornithischia,Psittacosauridae,dinosaurs.csv
Psittacosaurus,psittacosaurus,Chordata,Reptilia,Ornithischia,Psittacosauridae,dinosaurs.csv
Psittacosaurus,psittacosaurus,Chordata,Reptilia,Ornithischia,Psittacosauridae,dinosaurs.csv
Psittacosaurus,psittacosaurus,Chordata,Reptilia,Ornithischia,Psittacosauridae,dinosaurs.csv
Psittacosaurus,psittacosaurus,Chordata,Reptilia,Ornithischia,Psittacosauridae,dinosaurs.csv
Kritosaurus,kritosaurus,Chordata,Reptilia,Ornithischia,Hadrosauridae,dinosaurs.csv
Pentaceratops,pentaceratops,Chordata,Reptilia,Ornithischia,Ceratopsidae,dinosaurs.csv
Amurosaurus,amurosaurus,Chordata,Reptilia,Ornithischia,Hadrosauridae,dinosaurs.csv
Mandschurosaurus,mandschurosaurus,Chordata,Reptilia,Ornithischia,Hadrosauridae,dinosaurs.csv
Edmontosaurus,edmontosaurus,Chordata,Reptilia,Ornithischia,Hadrosauridae,dinosaurs.csv
Kerberosaurus,kerberosaurus,Chordata,Reptilia,Ornithischia,Hadrosauridae,dinosaurs.csv
Minmi,minmi,Chordata,Reptilia,Ornithischia,Ankylosauridae,dinosaurs.csv
Muttaburrasaurus,muttaburrasaurus,Chordata,Reptilia,Ornithischia,,dinosaurs.csv
Antarctopelta,antarctopelta,Chordata,Reptilia,Ornithischia,Nodosauridae,dinosaurs.csv
Dryosaurus,dryosaurus,Chordata,Reptilia,Ornithischia,Dryosauridae,dinosaurs.csv
Gryposaurus,gryposaurus,Chordata,Reptilia,Ornithischia,Hadrosauridae,dinosaurs.csv
Orodromeus,orodromeus,Chordata,Reptilia,Ornithischia,Thescelosauridae,dinosaurs.csv
Euoplocephalus,euoplocephalus,Chordata,Reptilia,Ornithischia,Ankylosauridae,dinosaurs.csv
Triceratops,triceratops,Chordata,Reptilia,Ornithischia,Ceratopsidae,dinosaurs.csv
Triceratops,triceratops,Chordata,Reptilia,Ornithischia,Ceratopsidae,dinosaurs.csv
Torosaurus,torosaurus,Chordata,Reptilia,Ornithischia,Ceratopsidae,dinosaurs.csv
Kentrosaurus,kentrosaurus,Chordata,Reptilia,Ornithischia,Stegosauridae,dinosaurs.csv
Kentrosaurus,kentrosaurus,Chordata,Reptilia,Ornithischia,Stegosauridae,dinosaurs.csv
Kentrosaurus,kentrosaurus,Chordata,Reptilia,Ornithischia,Stegosauridae,dinosaurs.csv
Dysalotosaurus,dysalotosaurus,Chordata,Reptilia,Ornithischia,Dryosauridae,dinosaurs.csv
Kentrosaurus,kentrosaurus,Chordata,Reptilia,Ornithischia,Stegosauridae,dinosaurs.csv
Kentrosaurus,kentrosaurus,Chordata,Reptilia,Ornithischia,Stegosauridae,dinosaurs.csv
Kentrosaurus,kentrosaurus,Chordata,Reptilia,Ornithischia,Stegosauridae,dinosaurs.csv
Kentrosaurus,kentrosaurus,Chordata,Reptilia,Ornithischia,Stegosauridae,dinosaurs.csv
Parasaurolophus,parasaurolophus,Chordata,Reptilia,Ornithischia,Hadrosauridae,dinosaurs.csv
Othnielosaurus,othnielosaurus,Chordata,Reptilia,Ornithischia,,dinosaurs.csv
Camptosaurus,camptosaurus,Chordata,Reptilia,Ornithischia,,dinosaurs.csv
Parasaurolophus,parasaurolophus,Chordata,Reptilia,Ornithischia,Hadrosauridae,dinosaurs.csv
Osmakasaurus,osmakasaurus,Chordata,Reptilia,Ornithischia,,dinosaurs.csv
Osmakasaurus,osmakasaurus,Chordata,Reptilia,Ornithischia,,dinosaurs.csv
Hoplitosaurus,hoplitosaurus,Chordata,Reptilia,Ornithischia,Nodosauridae,dinosaurs.csv
Tenontosaurus,tenontosaurus,Chordata,Reptilia,Ornithischia,,dinosaurs.csv
Tenontosaurus,tenontosaurus,Chordata,Reptilia,Ornithischia,,dinosaurs.csv
Sarcolestes,sarcolestes,Chordata,Reptilia,Ornithischia,,dinosaurs.csv
Dracopelta,dracopelta,Chordata,Reptilia,Ornithischia,,dinosaurs.csv
Dacentrurus,dacentrurus,Chordata,Reptilia,Ornithischia,Stegosauridae,dinosaurs.csv
Dacentrurus,dacentrurus,Chordata,Reptilia,Ornithischia,Stegosauridae,dinosaurs.csv
Loricatosaurus,loricatosaurus,Chordata,Reptilia,Ornithischia,Stegosauridae,dinosaurs.csv
Dacentrurus,dacentrurus,Chordata,Reptilia,Ornithischia,Stegosauridae,dinosaurs.csv
Dacentrurus,dacentrurus,Chordata,Reptilia,Ornithischia,Stegosauridae,dinosaurs.csv
Sarcolestes,sarcolestes,Chordata,Reptilia,Ornithischia,,dinosaurs.csv
Pachycephalosaurus,pachycephalosaurus,Chordata,Reptilia,Ornithischia,Pachycephalosauridae,dinosaurs.csv
Pachycephalosaurus,pachycephalosaurus,Chordata,Reptilia,Ornithischia,Pachycephalosauridae,dinosaurs.csv
Pachycephalosaurus,pachycephalosaurus,Chordata,Reptilia,Ornithischia,Pachycephalosauridae,dinosaurs.csv
Stegoceras,stegoceras,Chordata,Reptilia,Ornithischia,Pachycephalosauridae,dinosaurs.csv
Dryosaurus,dryosaurus,Chordata,Reptilia,Ornithischia,Dryosauridae,dinosaurs.csv
Rhabdodon,rhabdodon,Chordata,Reptilia,Ornithischia,Rhabdodontidae,dinosaurs.csv
Struthiosaurus,struthiosaurus,Chordata,Reptilia,Ornithischia,Nodosauridae,dinosaurs.csv
Thescelosaurus,thescelosaurus,Chordata,Reptilia,Ornithischia,Thescelosauridae,dinosaurs.csv
Thescelosaurus,thescelosaurus,Chordata,Reptilia,Ornithischia,Thescelosauridae,dinosaurs.csv
Thescelosaurus,thescelosaurus,Chordata,Reptilia,Ornithischia,Thescelosauridae,dinosaurs.csv
Iguanodon,iguanodon,Chordata,Reptilia,Ornithischia,,dinosaurs.csv
Thescelosaurus,thescelosaurus,Chordata,Reptilia,Ornithischia,Thescelosauridae,dinosaurs.csv
Prenocephale,prenocephale,Chordata,Reptilia,Ornithischia,Pachycephalosauridae,dinosaurs.csv
Orodromeus,orodromeus,Chordata,Reptilia,Ornithischia,Thescelosauridae,dinosaurs.csv
Mymoorapelta,mymoorapelta,Chordata,Reptilia,Ornithischia,Nodosauridae,dinosaurs.csv
Stegosaurus,stegosaurus,Chordata,Reptilia,Ornithischia,Stegosauridae,dinosaurs.csv
Camptosaurus,camptosaurus,Chordata,Reptilia,Ornithischia,,dinosaurs.csv
Dryosaurus,dryosaurus,Chordata,Reptilia,Ornithischia,Dryosauridae,dinosaurs.csv
Stegosaurus,stegosaurus,Chordata,Reptilia,Ornithischia,Stegosauridae,dinosaurs.csv
Dryosaurus,dryosaurus,Chordata,Reptilia,Ornithischia,Dryosauridae,dinosaurs.csv
Stegosaurus,stegosaurus,Chordata,Reptilia,Ornithischia,Stegosauridae,dinosaurs.csv
Stegosaurus,stegosaurus,Chordata,Reptilia,Ornithischia,Stegosauridae,dinosaurs.csv
Nanosaurus,nanosaurus,Chordata,Reptilia,Ornithischia,,dinosaurs.csv
Nanosaurus,nanosaurus,Chordata,Reptilia,Ornithischia,,dinosaurs.csv
Stegosaurus,stegosaurus,Chordata,Reptilia,Ornithischia,Stegosauridae,dinosaurs.csv
Kentrosaurus,kentrosaurus,Chordata,Reptilia,Ornithischia,Stegosauridae,dinosaurs.csv
Kentrosaurus,kentrosaurus,Chordata,Reptilia,Ornithischia,Stegosauridae,dinosaurs.csv
Kentrosaurus,kentrosaurus,Chordata,Reptilia,Ornithischia,Stegosauridae,dinosaurs.csv
Kentrosaurus,kentrosaurus,Chordata,Reptilia,Ornithischia,Stegosauridae,dinosaurs.csv
Kentrosaurus,kentrosaurus,Chordata,Reptilia,Ornithischia,Stegosauridae,dinosaurs.csv
Kentrosaurus,kentrosaurus,Chordata,Reptilia,Ornithischia,Stegosauridae,dinosaurs.csv
Kentrosaurus,kentrosaurus,Chordata,Reptilia,Ornithischia,Stegosauridae,dinosaurs.csv
Kentrosaurus,kentrosaurus,Chordata,Reptilia,Ornithischia,Stegosauridae,dinosaurs.csv
Kentrosaurus,kentrosaurus,Chordata,Reptilia,Ornithischia,Stegosauridae,dinosaurs.csv
Kentrosaurus,kentrosaurus,Chordata,Reptilia,Ornithischia,Stegosauridae,dinosaurs.csv
Kentrosaurus,kentrosaurus,Chordata,Reptilia,Ornithischia,Stegosauridae,dinosaurs.csv
Kentrosaurus,kentrosaurus,Chordata,Reptilia,Ornithischia,Stegosauridae,dinosaurs.csv
Kentrosaurus,kentrosaurus,Chordata,Reptilia,Ornithischia,Stegosauridae,dinosaurs.csv
Kentrosaurus,kentrosaurus,Chordata,Reptilia,Ornithischia,Stegosauridae,dinosaurs.csv
Kentrosaurus,kentrosaurus,Chordata,Reptilia,Ornithischia,Stegosauridae,dinosaurs.csv
Kentrosaurus,kentrosaurus,Chordata,Reptilia,Ornithischia,Stegosauridae,dinosaurs.csv
Kentrosaurus,kentrosaurus,Chordata,Reptilia,Ornithischia,Stegosauridae,dinosaurs.csv
Kentrosaurus,kentrosaurus,Chordata,Reptilia,Ornithischia,Stegosauridae,dinosaurs.csv
Kentrosaurus,kentrosaurus,Chordata,Reptilia,Ornithischia,Stegosauridae,dinosaurs.csv
Triceratops,triceratops,Chordata,Reptilia,Ornithischia,Ceratopsidae,dinosaurs.csv
Edmontosaurus,edmontosaurus,Chordata,Reptilia,Ornithischia,Hadrosauridae,dinosaurs.csv
Stegoceras,stegoceras,Chordata,Reptilia,Ornithischia,Pachycephalosauridae,dinosaurs.csv
Euoplocephalus,euoplocephalus,Chordata,Reptilia,Ornithischia,Ankylosauridae,dinosaurs.csv
Triceratops,triceratops,Chordata,Reptilia,Ornithischia,Ceratopsidae,dinosaurs.csv
Stegoceras,stegoceras,Chordata,Reptilia,Ornithischia,Pachycephalosauridae,dinosaurs.csv
Stegoceras,stegoceras,Chordata,Reptilia,Ornithischia,Pachycephalosauridae,dinosaurs.csv
Stegoceras,stegoceras,Chordata,Reptilia,Ornithischia,Pachycephalosauridae,dinosaurs.csv
Thescelosaurus,thescelosaurus,Chordata,Reptilia,Ornithischia,Thescelosauridae,dinosaurs.csv
Parksosaurus,parksosaurus,Chordata,Reptilia,Ornithischia,Thescelosauridae,dinosaurs.csv
Thescelosaurus,thescelosaurus,Chordata,Reptilia,Ornithischia,Thescelosauridae,dinosaurs.csv
Thescelosaurus,thescelosaurus,Chordata,Reptilia,Ornithischia,Thescelosauridae,dinosaurs.csv
Thescelosaurus,thescelosaurus,Chordata,Reptilia,Ornithischia,Thescelosauridae,dinosaurs.csv
Thescelosaurus,thescelosaurus,Chordata,Reptilia,Ornithischia,Thescelosauridae,dinosaurs.csv
Mochlodon,mochlodon,Chordata,Reptilia,Ornithischia,Rhabdodontidae,dinosaurs.csv
Zalmoxes,zalmoxes,Chordata,Reptilia,Ornithischia,Rhabdodontidae,dinosaurs.csv
Struthiosaurus,struthiosaurus,Chordata,Reptilia,Ornithischia,Nodosauridae,dinosaurs.csv
Rhabdodon,rhabdodon,Chordata,Reptilia,Ornithischia,Rhabdodontidae,dinosaurs.csv
Hadrosaurus,hadrosaurus,Chordata,Reptilia,Ornithischia,Hadrosauridae,dinosaurs.csv
Lycorhinus,lycorhinus,Chordata,Reptilia,Ornithischia,Heterodontosauridae,dinosaurs.csv
Lapampasaurus,lapampasaurus,Chordata,Reptilia,Ornithischia,Hadrosauridae,dinosaurs.csv
Kritosaurus,kritosaurus,Chordata,Reptilia,Ornithischia,Hadrosauridae,dinosaurs.csv
Edmontosaurus,edmontosaurus,Chordata,Reptilia,Ornithischia,Hadrosauridae,dinosaurs.csv
Saurolophus,saurolophus,Chordata,Reptilia,Ornithischia,Hadrosauridae,dinosaurs.csv
Parasaurolophus,parasaurolophus,Chordata,Reptilia,Ornithischia,Hadrosauridae,dinosaurs.csv
Pachycephalosaurus,pachycephalosaurus,Chordata,Reptilia,Ornithischia,Pachycephalosauridae,dinosaurs.csv
Pachycephalosaurus,pachycephalosaurus,Chordata,Reptilia,Ornithischia,Pachycephalosauridae,dinosaurs.csv
Pachycephalosaurus,pachycephalosaurus,Chordata,Reptilia,Ornithischia,Pachycephalosauridae,dinosaurs.csv
Pachycephalosaurus,pachycephalosaurus,Chordata,Reptilia,Ornithischia,Pachycephalosauridae,dinosaurs.csv
Pachycephalosaurus,pachycephalosaurus,Chordata,Reptilia,Ornithischia,Pachycephalosauridae,dinosaurs.csv
Rhabdodon,rhabdodon,Chordata,Reptilia,Ornithischia,Rhabdodontidae,dinosaurs.csv
Rhabdodon,rhabdodon,Chordata,Reptilia,Ornithischia,Rhabdodontidae,dinosaurs.csv
Rhabdodon,rhabdodon,Chordata,Reptilia,Ornithischia,Rhabdodontidae,dinosaurs.csv
Bactrosaurus,bactrosaurus,Chordata,Reptilia,Ornithischia,,dinosaurs.csv
Psittacosaurus,psittacosaurus,Chordata,Reptilia,Ornithischia,Psittacosauridae,dinosaurs.csv
Psittacosaurus,psittacosaurus,Chordata,Reptilia,Ornithischia,Psittacosauridae,dinosaurs.csv
Psittacosaurus,psittacosaurus,Chordata,Reptilia,Ornithischia,Psittacosauridae,dinosaurs.csv
Agujaceratops,agujaceratops,Chordata,Reptilia,Ornithischia,Ceratopsidae,dinosaurs.csv
Gilmoreosaurus,gilmoreosaurus,Chordata,Reptilia,Ornithischia,,dinosaurs.csv
Triceratops,triceratops,Chordata,Reptilia,Ornithischia,Ceratopsidae,dinosaurs.csv
Niobrarasaurus,niobrarasaurus,Chordata,Reptilia,Ornithischia,,dinosaurs.csv
Silvisaurus,silvisaurus,Chordata,Reptilia,Ornithischia,Nodosauridae,dinosaurs.csv
Niobrarasaurus,niobrarasaurus,Chordata,Reptilia,Ornithischia,,dinosaurs.csv
Thescelosaurus,thescelosaurus,Chordata,Reptilia,Ornithischia,Thescelosauridae,dinosaurs.csv
Thescelosaurus,thescelosaurus,Chordata,Reptilia,Ornithischia,Thescelosauridae,dinosaurs.csv
Edmontosaurus,edmontosaurus,Chordata,Reptilia,Ornithischia,Hadrosauridae,dinosaurs.csv
Edmontosaurus,edmontosaurus,Chordata,Reptilia,Ornithischia,Hadrosauridae,dinosaurs.csv
Thescelosaurus,thescelosaurus,Chordata,Reptilia,Ornithischia,Thescelosauridae,dinosaurs.csv
Stegoceras,stegoceras,Chordata,Reptilia,Ornithischia,Pachycephalosauridae,dinosaurs.csv
Euoplocephalus,euoplocephalus,Chordata,Reptilia,Ornithischia,Ankylosauridae,dinosaurs.csv
Edmontonia,edmontonia,Chordata,Reptilia,Ornithischia,Nodosauridae,dinosaurs.csv
Pachycephalosaurus,pachycephalosaurus,Chordata,Reptilia,Ornithischia,Pachycephalosauridae,dinosaurs.csv
Triceratops,triceratops,Chordata,Reptilia,Ornithischia,Ceratopsidae,dinosaurs.csv
Thescelosaurus,thescelosaurus,Chordata,Reptilia,Ornithischia,Thescelosauridae,dinosaurs.csv
Edmontonia,edmontonia,Chordata,Reptilia,Ornithischia,Nodosauridae,dinosaurs.csv
Thescelosaurus,thescelosaurus,Chordata,Reptilia,Ornithischia,Thescelosauridae,dinosaurs.csv
Triceratops,triceratops,Chordata,Reptilia,Ornithischia,Ceratopsidae,dinosaurs.csv
Pachycephalosaurus,pachycephalosaurus,Chordata,Reptilia,Ornithischia,Pachycephalosauridae,dinosaurs.csv
Edmontosaurus,edmontosaurus,Chordata,Reptilia,Ornithischia,Hadrosauridae,dinosaurs.csv
Ankylosaurus,ankylosaurus,Chordata,Reptilia,Ornithischia,Ankylosauridae,dinosaurs.csv
Thescelosaurus,thescelosaurus,Chordata,Reptilia,Ornithischia,Thescelosauridae,dinosaurs.csv
Hypacrosaurus,hypacrosaurus,Chordata,Reptilia,Ornithischia,Hadrosauridae,dinosaurs.csv
Thescelosaurus,thescelosaurus,Chordata,Reptilia,Ornithischia,Thescelosauridae,dinosaurs.csv
Triceratops,triceratops,Chordata,Reptilia,Ornithischia,Ceratopsidae,dinosaurs.csv
Anabisetia,anabisetia,Chordata,Reptilia,Ornithischia,,dinosaurs.csv
Anabisetia,anabisetia,Chordata,Reptilia,Ornithischia,,dinosaurs.csv
Triceratops,triceratops,Chordata,Reptilia,Ornithischia,Ceratopsidae,dinosaurs.csv
Triceratops,triceratops,Chordata,Reptilia,Ornithischia,Ceratopsidae,dinosaurs.csv
Euoplocephalus,euoplocephalus,Chordata,Reptilia,Ornithischia,Ankylosauridae,dinosaurs.csv
Dacentrurus,dacentrurus,Chordata,Reptilia,Ornithischia,Stegosauridae,dinosaurs.csv
Dacentrurus,dacentrurus,Chordata,Reptilia,Ornithischia,Stegosauridae,dinosaurs.csv
Dacentrurus,dacentrurus,Chordata,Reptilia,Ornithischia,Stegosauridae,dinosaurs.csv
Dacentrurus,dacentrurus,Chordata,Reptilia,Ornithischia,Stegosauridae,dinosaurs.csv
Hypacrosaurus,hypacrosaurus,Chordata,Reptilia,Ornithischia,Hadrosauridae,dinosaurs.csv
Edmontosaurus,edmontosaurus,Chordata,Reptilia,Ornithischia,Hadrosauridae,dinosaurs.csv
Lambeosaurus,lambeosaurus,Chordata,Reptilia,Ornithischia,Hadrosauridae,dinosaurs.csv
Lambeosaurus,lambeosaurus,Chordata,Reptilia,Ornithischia,Hadrosauridae,dinosaurs.csv
Lambeosaurus,lambeosaurus,Chordata,Reptilia,Ornithischia,Hadrosauridae,dinosaurs.csv
Edmontosaurus,edmontosaurus,Chordata,Reptilia,Ornithischia,Hadrosauridae,dinosaurs.csv
Iguanodon,iguanodon,Chordata,Reptilia,Ornithischia,,dinosaurs.csv
Draconyx,draconyx,Chordata,Reptilia,Ornithischia,,dinosaurs.csv
Draconyx,draconyx,Chordata,Reptilia,Ornithischia,,dinosaurs.csv
Psittacosaurus,psittacosaurus,Chordata,Reptilia,Ornithischia,Psittacosauridae,dinosaurs.csv
Dakotadon,dakotadon,Chordata,Reptilia,Ornithischia,,dinosaurs.csv
Dryosaurus,dryosaurus,Chordata,Reptilia,Ornithischia,Dryosauridae,dinosaurs.csv
Camptosaurus,camptosaurus,Chordata,Reptilia,Ornithischia,,dinosaurs.csv
Stegosaurus,stegosaurus,Chordata,Reptilia,Ornithischia,Stegosauridae,dinosaurs.csv
Edmontosaurus,edmontosaurus,Chordata,Reptilia,Ornithischia,Hadrosauridae,dinosaurs.csv
Triceratops,triceratops,Chordata,Reptilia,Ornithischia,Ceratopsidae,dinosaurs.csv
Edmontonia,edmontonia,Chordata,Reptilia,Ornithischia,Nodosauridae,dinosaurs.csv
Triceratops,triceratops,Chordata,Reptilia,Ornithischia,Ceratopsidae,dinosaurs.csv
Torosaurus,torosaurus,Chordata,Reptilia,Ornithischia,Ceratopsidae,dinosaurs.csv
Pachycephalosaurus,pachycephalosaurus,Chordata,Reptilia,Ornithischia,Pachycephalosauridae,dinosaurs.csv
Edmontonia,edmontonia,Chordata,Reptilia,Ornithischia,Nodosauridae,dinosaurs.csv
Stegosaurus,stegosaurus,Chordata,Reptilia,Ornithischia,Stegosauridae,dinosaurs.csv
Camptosaurus,camptosaurus,Chordata,Reptilia,Ornithischia,,dinosaurs.csv
Stegosaurus,stegosaurus,Chordata,Reptilia,Ornithischia,Stegosauridae,dinosaurs.csv
Camptosaurus,camptosaurus,Chordata,Reptilia,Ornithischia,,dinosaurs.csv
Camptosaurus,camptosaurus,Chordata,Reptilia,Ornithischia,,dinosaurs.csv
Camptosaurus,camptosaurus,Chordata,Reptilia,Ornithischia,,dinosaurs.csv
Stegosaurus,stegosaurus,Chordata,Reptilia,Ornithischia,Stegosauridae,dinosaurs.csv
Gargoyleosaurus,gargoyleosaurus,Chordata,Reptilia,Ornithischia,Nodosauridae,dinosaurs.csv
Dryosaurus,dryosaurus,Chordata,Reptilia,Ornithischia,Dryosauridae,dinosaurs.csv
Camptosaurus,camptosaurus,Chordata,Reptilia,Ornithischia,,dinosaurs.csv
Stegosaurus,stegosaurus,Chordata,Reptilia,Ornithischia,Stegosauridae,dinosaurs.csv
Dryosaurus,dryosaurus,Chordata,Reptilia,Ornithischia,Dryosauridae,dinosaurs.csv
Sauropelta,sauropelta,Chordata,Reptilia,Ornithischia,Nodosauridae,dinosaurs.csv
Camptosaurus,camptosaurus,Chordata,Reptilia,Ornithischia,,dinosaurs.csv
Stegosaurus,stegosaurus,Chordata,Reptilia,Ornithischia,Stegosauridae,dinosaurs.csv
Stegosaurus,stegosaurus,Chordata,Reptilia,Ornithischia,Stegosauridae,dinosaurs.csv
Stegosaurus,stegosaurus,Chordata,Reptilia,Ornithischia,Stegosauridae,dinosaurs.csv
Drinker,drinker,Chordata,Reptilia,Ornithischia,,dinosaurs.csv
Dryosaurus,dryosaurus,Chordata,Reptilia,Ornithischia,Dryosauridae,dinosaurs.csv
Stegosaurus,stegosaurus,Chordata,Reptilia,Ornithischia,Stegosauridae,dinosaurs.csv
Psittacosaurus,psittacosaurus,Chordata,Reptilia,Ornithischia,Psittacosauridae,dinosaurs.csv
Stegosaurus,stegosaurus,Chordata,Reptilia,Ornithischia,Stegosauridae,dinosaurs.csv
Stegosaurus,stegosaurus,Chordata,Reptilia,Ornithischia,Stegosauridae,dinosaurs.csv
Triceratops,triceratops,Chordata,Reptilia,Ornithischia,Ceratopsidae,dinosaurs.csv
Brachyceratops,brachyceratops,Chordata,Reptilia,Ornithischia,Ceratopsidae,dinosaurs.csv
Thescelosaurus,thescelosaurus,Chordata,Reptilia,Ornithischia,Thescelosauridae,dinosaurs.csv
Thescelosaurus,thescelosaurus,Chordata,Reptilia,Ornithischia,Thescelosauridae,dinosaurs.csv
Triceratops,triceratops,Chordata,Reptilia,Ornithischia,Ceratopsidae,dinosaurs.csv
Triceratops,triceratops,Chordata,Reptilia,Ornithischia,Ceratopsidae,dinosaurs.csv
Edmontosaurus,edmontosaurus,Chordata,Reptilia,Ornithischia,Hadrosauridae,dinosaurs.csv
Polacanthus,polacanthus,Chordata,Reptilia,Ornithischia,Nodosauridae,dinosaurs.csv
Rhabdodon,rhabdodon,Chordata,Reptilia,Ornithischia,Rhabdodontidae,dinosaurs.csv
Tenontosaurus,tenontosaurus,Chordata,Reptilia,Ornithischia,,dinosaurs.csv
Tenontosaurus,tenontosaurus,Chordata,Reptilia,Ornithischia,,dinosaurs.csv
Sauropelta,sauropelta,Chordata,Reptilia,Ornithischia,Nodosauridae,dinosaurs.csv
Tenontosaurus,tenontosaurus,Chordata,Reptilia,Ornithischia,,dinosaurs.csv
Sauropelta,sauropelta,Chordata,Reptilia,Ornithischia,Nodosauridae,dinosaurs.csv
Tenontosaurus,tenontosaurus,Chordata,Reptilia,Ornithischia,,dinosaurs.csv
Tenontosaurus,tenontosaurus,Chordata,Reptilia,Ornithischia,,dinosaurs.csv
Psittacosaurus,psittacosaurus,Chordata,Reptilia,Ornithischia,Psittacosauridae,dinosaurs.csv
Psittacosaurus,psittacosaurus,Chordata,Reptilia,Ornithischia,Psittacosauridae,dinosaurs.csv
Psittacosaurus,psittacosaurus,Chordata,Reptilia,Ornithischia,Psittacosauridae,dinosaurs.csv
Tenontosaurus,tenontosaurus,Chordata,Reptilia,Ornithischia,,dinosaurs.csv
Sauropelta,sauropelta,Chordata,Reptilia,Ornithischia,Nodosauridae,dinosaurs.csv
Sauropelta,sauropelta,Chordata,Reptilia,Ornithischia,Nodosauridae,dinosaurs.csv
Tenontosaurus,tenontosaurus,Chordata,Reptilia,Ornithischia,,dinosaurs.csv
Tenontosaurus,tenontosaurus,Chordata,Reptilia,Ornithischia,,dinosaurs.csv
Sauropelta,sauropelta,Chordata,Reptilia,Ornithischia,Nodosauridae,dinosaurs.csv
Tenontosaurus,tenontosaurus,Chordata,Reptilia,Ornithischia,,dinosaurs.csv
Tenontosaurus,tenontosaurus,Chordata,Reptilia,Ornithischia,,dinosaurs.csv
Tenontosaurus,tenontosaurus,Chordata,Reptilia,Ornithischia,,dinosaurs.csv
Tenontosaurus,tenontosaurus,Chordata,Reptilia,Ornithischia,,dinosaurs.csv
Sauropelta,sauropelta,Chordata,Reptilia,Ornithischia,Nodosauridae,dinosaurs.csv
Tenontosaurus,tenontosaurus,Chordata,Reptilia,Ornithischia,,dinosaurs.csv
Tenontosaurus,tenontosaurus,Chordata,Reptilia,Ornithischia,,dinosaurs.csv
Tenontosaurus,tenontosaurus,Chordata,Reptilia,Ornithischia,,dinosaurs.csv
Tenontosaurus,tenontosaurus,Chordata,Reptilia,Ornithischia,,dinosaurs.csv
Sauropelta,sauropelta,Chordata,Reptilia,Ornithischia,Nodosauridae,dinosaurs.csv
Tenontosaurus,tenontosaurus,Chordata,Reptilia,Ornithischia,,dinosaurs.csv
Tenontosaurus,tenontosaurus,Chordata,Reptilia,Ornithischia,,dinosaurs.csv
Tenontosaurus,tenontosaurus,Chordata,Reptilia,Ornithischia,,dinosaurs.csv
Sauropelta,sauropelta,Chordata,Reptilia,Ornithischia,Nodosauridae,dinosaurs.csv
Sauropelta,sauropelta,Chordata,Reptilia,Ornithischia,Nodosauridae,dinosaurs.csv
Sauropelta,sauropelta,Chordata,Reptilia,Ornithischia,Nodosauridae,dinosaurs.csv
Tenontosaurus,tenontosaurus,Chordata,Reptilia,Ornithischia,,dinosaurs.csv
Sauropelta,sauropelta,Chordata,Reptilia,Ornithischia,Nodosauridae,dinosaurs.csv
Sauropelta,sauropelta,Chordata,Reptilia,Ornithischia,Nodosauridae,dinosaurs.csv
Tenontosaurus,tenontosaurus,Chordata,Reptilia,Ornithischia,,dinosaurs.csv
Tenontosaurus,tenontosaurus,Chordata,Reptilia,Ornithischia,,dinosaurs.csv
Sauropelta,sauropelta,Chordata,Reptilia,Ornithischia,Nodosauridae,dinosaurs.csv
Sauropelta,sauropelta,Chordata,Reptilia,Ornithischia,Nodosauridae,dinosaurs.csv
Tenontosaurus,tenontosaurus,Chordata,Reptilia,Ornithischia,,dinosaurs.csv
Tenontosaurus,tenontosaurus,Chordata,Reptilia,Ornithischia,,dinosaurs.csv
Tenontosaurus,tenontosaurus,Chordata,Reptilia,Ornithischia,,dinosaurs.csv
Tenontosaurus,tenontosaurus,Chordata,Reptilia,Ornithischia,,dinosaurs.csv
Sauropelta,sauropelta,Chordata,Reptilia,Ornithischia,Nodosauridae,dinosaurs.csv
Tenontosaurus,tenontosaurus,Chordata,Reptilia,Ornithischia,,dinosaurs.csv
Sauropelta,sauropelta,Chordata,Reptilia,Ornithischia,Nodosauridae,dinosaurs.csv
Tenontosaurus,tenontosaurus,Chordata,Reptilia,Ornithischia,,dinosaurs.csv
Sauropelta,sauropelta,Chordata,Reptilia,Ornithischia,Nodosauridae,dinosaurs.csv
Sauropelta,sauropelta,Chordata,Reptilia,Ornithischia,Nodosauridae,dinosaurs.csv
Sauropelta,sauropelta,Chordata,Reptilia,Ornithischia,Nodosauridae,dinosaurs.csv
Tenontosaurus,tenontosaurus,Chordata,Reptilia,Ornithischia,,dinosaurs.csv
Tenontosaurus,tenontosaurus,Chordata,Reptilia,Ornithischia,,dinosaurs.csv
Tenontosaurus,tenontosaurus,Chordata,Reptilia,Ornithischia,,dinosaurs.csv
Tenontosaurus,tenontosaurus,Chordata,Reptilia,Ornithischia,,dinosaurs.csv
Tenontosaurus,tenontosaurus,Chordata,Reptilia,Ornithischia,,dinosaurs.csv
Tenontosaurus,tenontosaurus,Chordata,Reptilia,Ornithischia,,dinosaurs.csv
Tenontosaurus,tenontosaurus,Chordata,Reptilia,Ornithischia,,dinosaurs.csv
Tenontosaurus,tenontosaurus,Chordata,Reptilia,Ornithischia,,dinosaurs.csv
Tenontosaurus,tenontosaurus,Chordata,Reptilia,Ornithischia,,dinosaurs.csv
Tenontosaurus,tenontosaurus,Chordata,Reptilia,Ornithischia,,dinosaurs.csv
Sauropelta,sauropelta,Chordata,Reptilia,Ornithischia,Nodosauridae,dinosaurs.csv
Tenontosaurus,tenontosaurus,Chordata,Reptilia,Ornithischia,,dinosaurs.csv
Tenontosaurus,tenontosaurus,Chordata,Reptilia,Ornithischia,,dinosaurs.csv
Tenontosaurus,tenontosaurus,Chordata,Reptilia,Ornithischia,,dinosaurs.csv
Sauropelta,sauropelta,Chordata,Reptilia,Ornithischia,Nodosauridae,dinosaurs.csv
Tenontosaurus,tenontosaurus,Chordata,Reptilia,Ornithischia,,dinosaurs.csv
Tenontosaurus,tenontosaurus,Chordata,Reptilia,Ornithischia,,dinosaurs.csv
Tenontosaurus,tenontosaurus,Chordata,Reptilia,Ornithischia,,dinosaurs.csv
Tenontosaurus,tenontosaurus,Chordata,Reptilia,Ornithischia,,dinosaurs.csv
Tenontosaurus,tenontosaurus,Chordata,Reptilia,Ornithischia,,dinosaurs.csv
Tenontosaurus,tenontosaurus,Chordata,Reptilia,Ornithischia,,dinosaurs.csv
Tenontosaurus,tenontosaurus,Chordata,Reptilia,Ornithischia,,dinosaurs.csv
Tenontosaurus,tenontosaurus,Chordata,Reptilia,Ornithischia,,dinosaurs.csv
Tenontosaurus,tenontosaurus,Chordata,Reptilia,Ornithischia,,dinosaurs.csv
Sauropelta,sauropelta,Chordata,Reptilia,Ornithischia,Nodosauridae,dinosaurs.csv
Tenontosaurus,tenontosaurus,Chordata,Reptilia,Ornithischia,,dinosaurs.csv
Sauropelta,sauropelta,Chordata,Reptilia,Ornithischia,Nodosauridae,dinosaurs.csv
Tenontosaurus,tenontosaurus,Chordata,Reptilia,Ornithischia,,dinosaurs.csv
Tenontosaurus,tenontosaurus,Chordata,Reptilia,Ornithischia,,dinosaurs.csv
Tenontosaurus,tenontosaurus,Chordata,Reptilia,Ornithischia,,dinosaurs.csv
Sauropelta,sauropelta,Chordata,Reptilia,Ornithischia,Nodosauridae,dinosaurs.csv
Microceratus,microceratus,Chordata,Reptilia,Ornithischia,Protoceratopsidae,dinosaurs.csv
Protoceratops,protoceratops,Chordata,Reptilia,Ornithischia,,dinosaurs.csv
Microceratus,microceratus,Chordata,Reptilia,Ornithischia,Protoceratopsidae,dinosaurs.csv
Stegoceras,stegoceras,Chordata,Reptilia,Ornithischia,Pachycephalosauridae,dinosaurs.csv
Stegoceras,stegoceras,Chordata,Reptilia,Ornithischia,Pachycephalosauridae,dinosaurs.csv
Stegoceras,stegoceras,Chordata,Reptilia,Ornithischia,Pachycephalosauridae,dinosaurs.csv
Stegoceras,stegoceras,Chordata,Reptilia,Ornithischia,Pachycephalosauridae,dinosaurs.csv
Stegoceras,stegoceras,Chordata,Reptilia,Ornithischia,Pachycephalosauridae,dinosaurs.csv
Stegoceras,stegoceras,Chordata,Reptilia,Ornithischia,Pachycephalosauridae,dinosaurs.csv
Gryposaurus,gryposaurus,Chordata,Reptilia,Ornithischia,Hadrosauridae,dinosaurs.csv
Stegoceras,stegoceras,Chordata,Reptilia,Ornithischia,Pachycephalosauridae,dinosaurs.csv
Euoplocephalus,euoplocephalus,Chordata,Reptilia,Ornithischia,Ankylosauridae,dinosaurs.csv
Centrosaurus,centrosaurus,Chordata,Reptilia,Ornithischia,Ceratopsidae,dinosaurs.csv
Stegoceras,stegoceras,Chordata,Reptilia,Ornithischia,Pachycephalosauridae,dinosaurs.csv
Stegoceras,stegoceras,Chordata,Reptilia,Ornithischia,Pachycephalosauridae,dinosaurs.csv
Chasmosaurus,chasmosaurus,Chordata,Reptilia,Ornithischia,Ceratopsidae,dinosaurs.csv
Centrosaurus,centrosaurus,Chordata,Reptilia,Ornithischia,Ceratopsidae,dinosaurs.csv
Triceratops,triceratops,Chordata,Reptilia,Ornithischia,Ceratopsidae,dinosaurs.csv
Edmontosaurus,edmontosaurus,Chordata,Reptilia,Ornithischia,Hadrosauridae,dinosaurs.csv
Pentaceratops,pentaceratops,Chordata,Reptilia,Ornithischia,Ceratopsidae,dinosaurs.csv
Pentaceratops,pentaceratops,Chordata,Reptilia,Ornithischia,Ceratopsidae,dinosaurs.csv
Craspedodon,craspedodon,Chordata,Reptilia,Ornithischia,,dinosaurs.csv
Parasaurolophus,parasaurolophus,Chordata,Reptilia,Ornithischia,Hadrosauridae,dinosaurs.csv
Monoclonius,monoclonius,Chordata,Reptilia,Ornithischia,Ceratopsidae,dinosaurs.csv
Lambeosaurus,lambeosaurus,Chordata,Reptilia,Ornithischia,Hadrosauridae,dinosaurs.csv
Lambeosaurus,lambeosaurus,Chordata,Reptilia,Ornithischia,Hadrosauridae,dinosaurs.csv
Lambeosaurus,lambeosaurus,Chordata,Reptilia,Ornithischia,Hadrosauridae,dinosaurs.csv
Scutellosaurus,scutellosaurus,Chordata,Reptilia,Ornithischia,,dinosaurs.csv
Shanxia,shanxia,Chordata,Reptilia,Ornithischia,Ankylosauridae,dinosaurs.csv
Planicoxa,planicoxa,Chordata,Reptilia,Ornithischia,Dryosauridae,dinosaurs.csv
Qantassaurus,qantassaurus,Chordata,Reptilia,Ornithischia,,dinosaurs.csv
Montanoceratops,montanoceratops,Chordata,Reptilia,Ornithischia,Leptoceratopsidae,dinosaurs.csv
Euoplocephalus,euoplocephalus,Chordata,Reptilia,Ornithischia,Ankylosauridae,dinosaurs.csv
Talarurus,talarurus,Chordata,Reptilia,Ornithischia,Ankylosauridae,dinosaurs.csv
Zuniceratops,zuniceratops,Chordata,Reptilia,Ornithischia,,dinosaurs.csv
Thescelosaurus,thescelosaurus,Chordata,Reptilia,Ornithischia,Thescelosauridae,dinosaurs.csv
Lophorhothon,lophorhothon,Chordata,Reptilia,Ornithischia,Hadrosauridae,dinosaurs.csv
Titanoceratops,titanoceratops,Chordata,Reptilia,Ornithischia,Ceratopsidae,dinosaurs.csv
Parasaurolophus,parasaurolophus,Chordata,Reptilia,Ornithischia,Hadrosauridae,dinosaurs.csv
Pachyrhinosaurus,pachyrhinosaurus,Chordata,Reptilia,Ornithischia,Ceratopsidae,dinosaurs.csv
Pachyrhinosaurus,pachyrhinosaurus,Chordata,Reptilia,Ornithischia,Ceratopsidae,dinosaurs.csv
Anchiceratops,anchiceratops,Chordata,Reptilia,Ornithischia,Ceratopsidae,dinosaurs.csv
Edmontonia,edmontonia,Chordata,Reptilia,Ornithischia,Nodosauridae,dinosaurs.csv
Edmontosaurus,edmontosaurus,Chordata,Reptilia,Ornithischia,Hadrosauridae,dinosaurs.csv
Edmontonia,edmontonia,Chordata,Reptilia,Ornithischia,Nodosauridae,dinosaurs.csv
Sauropelta,sauropelta,Chordata,Reptilia,Ornithischia,Nodosauridae,dinosaurs.csv
Claosaurus,claosaurus,Chordata,Reptilia,Ornithischia,,dinosaurs.csv
Triceratops,triceratops,Chordata,Reptilia,Ornithischia,Ceratopsidae,dinosaurs.csv
Triceratops,triceratops,Chordata,Reptilia,Ornithischia,Ceratopsidae,dinosaurs.csv
Pachycephalosaurus,pachycephalosaurus,Chordata,Reptilia,Ornithischia,Pachycephalosauridae,dinosaurs.csv
Triceratops,triceratops,Chordata,Reptilia,Ornithischia,Ceratopsidae,dinosaurs.csv
Camptosaurus,camptosaurus,Chordata,Reptilia,Ornithischia,,dinosaurs.csv
Psittacosaurus,psittacosaurus,Chordata,Reptilia,Ornithischia,Psittacosauridae,dinosaurs.csv
Psittacosaurus,psittacosaurus,Chordata,Reptilia,Ornithischia,Psittacosauridae,dinosaurs.csv
Pachyrhinosaurus,pachyrhinosaurus,Chordata,Reptilia,Ornithischia,Ceratopsidae,dinosaurs.csv
Barilium,barilium,Chordata,Reptilia,Ornithischia,Iguanodontidae,dinosaurs.csv
Hylaeosaurus,hylaeosaurus,Chordata,Reptilia,Ornithischia,Nodosauridae,dinosaurs.csv
Hylaeosaurus,hylaeosaurus,Chordata,Reptilia,Ornithischia,Nodosauridae,dinosaurs.csv
Iguanodon,iguanodon,Chordata,Reptilia,Ornithischia,,dinosaurs.csv
Iguanodon,iguanodon,Chordata,Reptilia,Ornithischia,,dinosaurs.csv
Iguanodon,iguanodon,Chordata,Reptilia,Ornithischia,,dinosaurs.csv
Iguanodon,iguanodon,Chordata,Reptilia,Ornithischia,,dinosaurs.csv
Owenodon,owenodon,Chordata,Reptilia,Ornithischia,,dinosaurs.csv
Owenodon,owenodon,Chordata,Reptilia,Ornithischia,,dinosaurs.csv
Owenodon,owenodon,Chordata,Reptilia,Ornithischia,,dinosaurs.csv
Owenodon,owenodon,Chordata,Reptilia,Ornithischia,,dinosaurs.csv
Owenodon,owenodon,Chordata,Reptilia,Ornithischia,,dinosaurs.csv
Owenodon,owenodon,Chordata,Reptilia,Ornithischia,,dinosaurs.csv
Echinodon,echinodon,Chordata,Reptilia,Ornithischia,Heterodontosauridae,dinosaurs.csv
Texasetes,texasetes,Chordata,Reptilia,Ornithischia,Nodosauridae,dinosaurs.csv
Eolambia,eolambia,Chordata,Reptilia,Ornithischia,,dinosaurs.csv
Zuniceratops,zuniceratops,Chordata,Reptilia,Ornithischia,,dinosaurs.csv
Zuniceratops,zuniceratops,Chordata,Reptilia,Ornithischia,,dinosaurs.csv
Jeyawati,jeyawati,Chordata,Reptilia,Ornithischia,,dinosaurs.csv
Achelousaurus,achelousaurus,Chordata,Reptilia,Ornithischia,Ceratopsidae,dinosaurs.csv
Tenontosaurus,tenontosaurus,Chordata,Reptilia,Ornithischia,,dinosaurs.csv
Gasparinisaura,gasparinisaura,Chordata,Reptilia,Ornithischia,,dinosaurs.csv
Psittacosaurus,psittacosaurus,Chordata,Reptilia,Ornithischia,Psittacosauridae,dinosaurs.csv
Psittacosaurus,psittacosaurus,Chordata,Reptilia,Ornithischia,Psittacosauridae,dinosaurs.csv
Psittacosaurus,psittacosaurus,Chordata,Reptilia,Ornithischia,Psittacosauridae,dinosaurs.csv
Psittacosaurus,psittacosaurus,Chordata,Reptilia,Ornithischia,Psittacosauridae,dinosaurs.csv
Agujaceratops,agujaceratops,Chordata,Reptilia,Ornithischia,Ceratopsidae,dinosaurs.csv
Agujaceratops,agujaceratops,Chordata,Reptilia,Ornithischia,Ceratopsidae,dinosaurs.csv
Agujaceratops,agujaceratops,Chordata,Reptilia,Ornithischia,Ceratopsidae,dinosaurs.csv
Corythosaurus,corythosaurus,Chordata,Reptilia,Ornithischia,Hadrosauridae,dinosaurs.csv
Styracosaurus,styracosaurus,Chordata,Reptilia,Ornithischia,Ceratopsidae,dinosaurs.csv
Mantellisaurus,mantellisaurus,Chordata,Reptilia,Ornithischia,Iguanodontidae,dinosaurs.csv
Iguanodon,iguanodon,Chordata,Reptilia,Ornithischia,,dinosaurs.csv
Iguanodon,iguanodon,Chordata,Reptilia,Ornithischia,,dinosaurs.csv
Valdosaurus,valdosaurus,Chordata,Reptilia,Ornithischia,Dryosauridae,dinosaurs.csv
Barilium,barilium,Chordata,Reptilia,Ornithischia,Iguanodontidae,dinosaurs.csv
Neoanomoepus,neoanomoepus,Chordata,Reptilia,Ornithischia,Anomoepodidae,dinosaurs.csv
Iguanodon,iguanodon,Chordata,Reptilia,Ornithischia,,dinosaurs.csv
Iguanodon,iguanodon,Chordata,Reptilia,Ornithischia,,dinosaurs.csv
Iguanodon,iguanodon,Chordata,Reptilia,Ornithischia,,dinosaurs.csv
Iguanodon,iguanodon,Chordata,Reptilia,Ornithischia,,dinosaurs.csv
Iguanodon,iguanodon,Chordata,Reptilia,Ornithischia,,dinosaurs.csv
Iguanodon,iguanodon,Chordata,Reptilia,Ornithischia,,dinosaurs.csv
Iguanodon,iguanodon,Chordata,Reptilia,Ornithischia,,dinosaurs.csv
Hypselospinus,hypselospinus,Chordata,Reptilia,Ornithischia,,dinosaurs.csv
Barilium,barilium,Chordata,Reptilia,Ornithischia,Iguanodontidae,dinosaurs.csv
Triceratops,triceratops,Chordata,Reptilia,Ornithischia,Ceratopsidae,dinosaurs.csv
Triceratops,triceratops,Chordata,Reptilia,Ornithischia,Ceratopsidae,dinosaurs.csv
Triceratops,triceratops,Chordata,Reptilia,Ornithischia,Ceratopsidae,dinosaurs.csv
Triceratops,triceratops,Chordata,Reptilia,Ornithischia,Ceratopsidae,dinosaurs.csv
Triceratops,triceratops,Chordata,Reptilia,Ornithischia,Ceratopsidae,dinosaurs.csv
Triceratops,triceratops,Chordata,Reptilia,Ornithischia,Ceratopsidae,dinosaurs.csv
Triceratops,triceratops,Chordata,Reptilia,Ornithischia,Ceratopsidae,dinosaurs.csv
Triceratops,triceratops,Chordata,Reptilia,Ornithischia,Ceratopsidae,dinosaurs.csv
Triceratops,triceratops,Chordata,Reptilia,Ornithischia,Ceratopsidae,dinosaurs.csv
Triceratops,triceratops,Chordata,Reptilia,Ornithischia,Ceratopsidae,dinosaurs.csv
Triceratops,triceratops,Chordata,Reptilia,Ornithischia,Ceratopsidae,dinosaurs.csv
Triceratops,triceratops,Chordata,Reptilia,Ornithischia,Ceratopsidae,dinosaurs.csv
Triceratops,triceratops,Chordata,Reptilia,Ornithischia,Ceratopsidae,dinosaurs.csv
Triceratops,triceratops,Chordata,Reptilia,Ornithischia,Ceratopsidae,dinosaurs.csv
Triceratops,triceratops,Chordata,Reptilia,Ornithischia,Ceratopsidae,dinosaurs.csv
Scelidosaurus,scelidosaurus,Chordata,Reptilia,Ornithischia,,dinosaurs.csv
Dinosauropodes,dinosauropodes,Chordata,Reptilia,Ornithischia,,dinosaurs.csv
Psittacosaurus,psittacosaurus,Chordata,Reptilia,Ornithischia,Psittacosauridae,dinosaurs.csv
Pachyrhinosaurus,pachyrhinosaurus,Chordata,Reptilia,Ornithischia,Ceratopsidae,dinosaurs.csv
Tenontosaurus,tenontosaurus,Chordata,Reptilia,Ornithischia,,dinosaurs.csv
Stegoceras,stegoceras,Chordata,Reptilia,Ornithischia,Pachycephalosauridae,dinosaurs.csv
Pachycephalosaurus,pachycephalosaurus,Chordata,Reptilia,Ornithischia,Pachycephalosauridae,dinosaurs.csv
Tsintaosaurus,tsintaosaurus,Chordata,Reptilia,Ornithischia,Hadrosauridae,dinosaurs.csv
Talenkauen,talenkauen,Chordata,Reptilia,Ornithischia,,dinosaurs.csv
Apatichnus,apatichnus,Chordata,Reptilia,Ornithischia,Anomoepodidae,dinosaurs.csv
Corvipes,corvipes,Chordata,Reptilia,Ornithischia,Anomoepodidae,dinosaurs.csv
Apatichnus,apatichnus,Chordata,Reptilia,Ornithischia,Anomoepodidae,dinosaurs.csv
Corvipes,corvipes,Chordata,Reptilia,Ornithischia,Anomoepodidae,dinosaurs.csv
Dryosaurus,dryosaurus,Chordata,Reptilia,Ornithischia,Dryosauridae,dinosaurs.csv
Dryosaurus,dryosaurus,Chordata,Reptilia,Ornithischia,Dryosauridae,dinosaurs.csv
Hypacrosaurus,hypacrosaurus,Chordata,Reptilia,Ornithischia,Hadrosauridae,dinosaurs.csv
Hypacrosaurus,hypacrosaurus,Chordata,Reptilia,Ornithischia,Hadrosauridae,dinosaurs.csv
Hypacrosaurus,hypacrosaurus,Chordata,Reptilia,Ornithischia,Hadrosauridae,dinosaurs.csv
Hypacrosaurus,hypacrosaurus,Chordata,Reptilia,Ornithischia,Hadrosauridae,dinosaurs.csv
Hypacrosaurus,hypacrosaurus,Chordata,Reptilia,Ornithischia,Hadrosauridae,dinosaurs.csv
Hypacrosaurus,hypacrosaurus,Chordata,Reptilia,Ornithischia,Hadrosauridae,dinosaurs.csv
Hypacrosaurus,hypacrosaurus,Chordata,Reptilia,Ornithischia,Hadrosauridae,dinosaurs.csv
Hypacrosaurus,hypacrosaurus,Chordata,Reptilia,Ornithischia,Hadrosauridae,dinosaurs.csv
Hypacrosaurus,hypacrosaurus,Chordata,Reptilia,Ornithischia,Hadrosauridae,dinosaurs.csv
Hypacrosaurus,hypacrosaurus,Chordata,Reptilia,Ornithischia,Hadrosauridae,dinosaurs.csv
Hypacrosaurus,hypacrosaurus,Chordata,Reptilia,Ornithischia,Hadrosauridae,dinosaurs.csv
Maiasaura,maiasaura,Chordata,Reptilia,Ornithischia,Hadrosauridae,dinosaurs.csv
Orodromeus,orodromeus,Chordata,Reptilia,Ornithischia,Thescelosauridae,dinosaurs.csv
Torosaurus,torosaurus,Chordata,Reptilia,Ornithischia,Ceratopsidae,dinosaurs.csv
Jaxartosaurus,jaxartosaurus,Chordata,Reptilia,Ornithischia,Hadrosauridae,dinosaurs.csv
Bactrosaurus,bactrosaurus,Chordata,Reptilia,Ornithischia,,dinosaurs.csv
Kazaklambia,kazaklambia,Chordata,Reptilia,Ornithischia,Hadrosauridae,dinosaurs.csv
Aralosaurus,aralosaurus,Chordata,Reptilia,Ornithischia,Hadrosauridae,dinosaurs.csv
Brachylophosaurus,brachylophosaurus,Chordata,Reptilia,Ornithischia,Hadrosauridae,dinosaurs.csv
Psittacosaurus,psittacosaurus,Chordata,Reptilia,Ornithischia,Psittacosauridae,dinosaurs.csv
Psittacosaurus,psittacosaurus,Chordata,Reptilia,Ornithischia,Psittacosauridae,dinosaurs.csv
Psittacosaurus,psittacosaurus,Chordata,Reptilia,Ornithischia,Psittacosauridae,dinosaurs.csv
Saurolophus,saurolophus,Chordata,Reptilia,Ornithischia,Hadrosauridae,dinosaurs.csv
Pinacosaurus,pinacosaurus,Chordata,Reptilia,Ornithischia,Ankylosauridae,dinosaurs.csv
Tenontosaurus,tenontosaurus,Chordata,Reptilia,Ornithischia,,dinosaurs.csv
Edmontosaurus,edmontosaurus,Chordata,Reptilia,Ornithischia,Hadrosauridae,dinosaurs.csv
Tenontosaurus,tenontosaurus,Chordata,Reptilia,Ornithischia,,dinosaurs.csv
Panoplosaurus,panoplosaurus,Chordata,Reptilia,Ornithischia,Nodosauridae,dinosaurs.csv
Edmontonia,edmontonia,Chordata,Reptilia,Ornithischia,Nodosauridae,dinosaurs.csv
Stegoceras,stegoceras,Chordata,Reptilia,Ornithischia,Pachycephalosauridae,dinosaurs.csv
Triceratops,triceratops,Chordata,Reptilia,Ornithischia,Ceratopsidae,dinosaurs.csv
Alaskacephale,alaskacephale,Chordata,Reptilia,Ornithischia,Pachycephalosauridae,dinosaurs.csv
Pinacosaurus,pinacosaurus,Chordata,Reptilia,Ornithischia,Ankylosauridae,dinosaurs.csv
Prenocephale,prenocephale,Chordata,Reptilia,Ornithischia,Pachycephalosauridae,dinosaurs.csv
Prenocephale,prenocephale,Chordata,Reptilia,Ornithischia,Pachycephalosauridae,dinosaurs.csv
Prenocephale,prenocephale,Chordata,Reptilia,Ornithischia,Pachycephalosauridae,dinosaurs.csv
Mantellisaurus,mantellisaurus,Chordata,Reptilia,Ornithischia,Iguanodontidae,dinosaurs.csv
Iguanodon,iguanodon,Chordata,Reptilia,Ornithischia,,dinosaurs.csv
Mantellisaurus,mantellisaurus,Chordata,Reptilia,Ornithischia,Iguanodontidae,dinosaurs.csv
Iguanodon,iguanodon,Chordata,Reptilia,Ornithischia,,dinosaurs.csv
Iguanodon,iguanodon,Chordata,Reptilia,Ornithischia,,dinosaurs.csv
Leptoceratops,leptoceratops,Chordata,Reptilia,Ornithischia,Leptoceratopsidae,dinosaurs.csv
Probactrosaurus,probactrosaurus,Chordata,Reptilia,Ornithischia,,dinosaurs.csv
Probactrosaurus,probactrosaurus,Chordata,Reptilia,Ornithischia,,dinosaurs.csv
Polacanthus,polacanthus,Chordata,Reptilia,Ornithischia,Nodosauridae,dinosaurs.csv
Parasaurolophus,parasaurolophus,Chordata,Reptilia,Ornithischia,Hadrosauridae,dinosaurs.csv
Parasaurolophus,parasaurolophus,Chordata,Reptilia,Ornithischia,Hadrosauridae,dinosaurs.csv
Rhabdodon,rhabdodon,Chordata,Reptilia,Ornithischia,Rhabdodontidae,dinosaurs.csv
Struthiosaurus,struthiosaurus,Chordata,Reptilia,Ornithischia,Nodosauridae,dinosaurs.csv
Polacanthus,polacanthus,Chordata,Reptilia,Ornithischia,Nodosauridae,dinosaurs.csv
Stegoceras,stegoceras,Chordata,Reptilia,Ornithischia,Pachycephalosauridae,dinosaurs.csv
Uteodon,uteodon,Chordata,Reptilia,Ornithischia,,dinosaurs.csv
Kritosaurus,kritosaurus,Chordata,Reptilia,Ornithischia,Hadrosauridae,dinosaurs.csv
Pentaceratops,pentaceratops,Chordata,Reptilia,Ornithischia,Ceratopsidae,dinosaurs.csv
Hypacrosaurus,hypacrosaurus,Chordata,Reptilia,Ornithischia,Hadrosauridae,dinosaurs.csv
Cerasinops,cerasinops,Chordata,Reptilia,Ornithischia,Leptoceratopsidae,dinosaurs.csv
Cerasinops,cerasinops,Chordata,Reptilia,Ornithischia,Leptoceratopsidae,dinosaurs.csv
Thescelosaurus,thescelosaurus,Chordata,Reptilia,Ornithischia,Thescelosauridae,dinosaurs.csv
Thescelosaurus,thescelosaurus,Chordata,Reptilia,Ornithischia,Thescelosauridae,dinosaurs.csv
Nodocephalosaurus,nodocephalosaurus,Chordata,Reptilia,Ornithischia,Ankylosauridae,dinosaurs.csv
Triceratops,triceratops,Chordata,Reptilia,Ornithischia,Ceratopsidae,dinosaurs.csv
Edmontosaurus,edmontosaurus,Chordata,Reptilia,Ornithischia,Hadrosauridae,dinosaurs.csv
Triceratops,triceratops,Chordata,Reptilia,Ornithischia,Ceratopsidae,dinosaurs.csv
Edmontosaurus,edmontosaurus,Chordata,Reptilia,Ornithischia,Hadrosauridae,dinosaurs.csv
Triceratops,triceratops,Chordata,Reptilia,Ornithischia,Ceratopsidae,dinosaurs.csv
Sauropelta,sauropelta,Chordata,Reptilia,Ornithischia,Nodosauridae,dinosaurs.csv
Protoceratops,protoceratops,Chordata,Reptilia,Ornithischia,,dinosaurs.csv
Protoceratops,protoceratops,Chordata,Reptilia,Ornithischia,,dinosaurs.csv
Saurolophus,saurolophus,Chordata,Reptilia,Ornithischia,Hadrosauridae,dinosaurs.csv
Montanoceratops,montanoceratops,Chordata,Reptilia,Ornithischia,Leptoceratopsidae,dinosaurs.csv
Montanoceratops,montanoceratops,Chordata,Reptilia,Ornithischia,Leptoceratopsidae,dinosaurs.csv
Triceratops,triceratops,Chordata,Reptilia,Ornithischia,Ceratopsidae,dinosaurs.csv
Parasaurolophus,parasaurolophus,Chordata,Reptilia,Ornithischia,Hadrosauridae,dinosaurs.csv
Hypsilophodon,hypsilophodon,Chordata,Reptilia,Ornithischia,Hypsilophodontidae,dinosaurs.csv
Stormbergia,stormbergia,Chordata,Reptilia,Ornithischia,,dinosaurs.csv
Stegosaurus,stegosaurus,Chordata,Reptilia,Ornithischia,Stegosauridae,dinosaurs.csv
Peloroplites,peloroplites,Chordata,Reptilia,Ornithischia,Nodosauridae,dinosaurs.csv
Stormbergia,stormbergia,Chordata,Reptilia,Ornithischia,,dinosaurs.csv
Stormbergia,stormbergia,Chordata,Reptilia,Ornithischia,,dinosaurs.csv
Lesothosaurus,lesothosaurus,Chordata,Reptilia,Ornithischia,,dinosaurs.csv
Lesothosaurus,lesothosaurus,Chordata,Reptilia,Ornithischia,,dinosaurs.csv
Stegosaurus,stegosaurus,Chordata,Reptilia,Ornithischia,Stegosauridae,dinosaurs.csv
Centrosaurus,centrosaurus,Chordata,Reptilia,Ornithischia,Ceratopsidae,dinosaurs.csv
Triceratops,triceratops,Chordata,Reptilia,Ornithischia,Ceratopsidae,dinosaurs.csv
Triceratops,triceratops,Chordata,Reptilia,Ornithischia,Ceratopsidae,dinosaurs.csv
Triceratops,triceratops,Chordata,Reptilia,Ornithischia,Ceratopsidae,dinosaurs.csv
Augustynolophus,augustynolophus,Chordata,Reptilia,Ornithischia,Hadrosauridae,dinosaurs.csv
Augustynolophus,augustynolophus,Chordata,Reptilia,Ornithischia,Hadrosauridae,dinosaurs.csv
Lesothosaurus,lesothosaurus,Chordata,Reptilia,Ornithischia,,dinosaurs.csv
Magnapaulia,magnapaulia,Chordata,Reptilia,Ornithischia,Hadrosauridae,dinosaurs.csv
Edmontosaurus,edmontosaurus,Chordata,Reptilia,Ornithischia,Hadrosauridae,dinosaurs.csv
Rhabdodon,rhabdodon,Chordata,Reptilia,Ornithischia,Rhabdodontidae,dinosaurs.csv
Tsagantegia,tsagantegia,Chordata,Reptilia,Ornithischia,Ankylosauridae,dinosaurs.csv
Gryposaurus,gryposaurus,Chordata,Reptilia,Ornithischia,Hadrosauridae,dinosaurs.csv
Edmontonia,edmontonia,Chordata,Reptilia,Ornithischia,Nodosauridae,dinosaurs.csv
Macrogryphosaurus,macrogryphosaurus,Chordata,Reptilia,Ornithischia,,dinosaurs.csv
Tsintaosaurus,tsintaosaurus,Chordata,Reptilia,Ornithischia,Hadrosauridae,dinosaurs.csv
Tanius,tanius,Chordata,Reptilia,Ornithischia,,dinosaurs.csv
Tsintaosaurus,tsintaosaurus,Chordata,Reptilia,Ornithischia,Hadrosauridae,dinosaurs.csv
Tanius,tanius,Chordata,Reptilia,Ornithischia,,dinosaurs.csv
Psittacosaurus,psittacosaurus,Chordata,Reptilia,Ornithischia,Psittacosauridae,dinosaurs.csv
Psittacosaurus,psittacosaurus,Chordata,Reptilia,Ornithischia,Psittacosauridae,dinosaurs.csv
Stegosaurus,stegosaurus,Chordata,Reptilia,Ornithischia,Stegosauridae,dinosaurs.csv
Stegosaurus,stegosaurus,Chordata,Reptilia,Ornithischia,Stegosauridae,dinosaurs.csv
Camptosaurus,camptosaurus,Chordata,Reptilia,Ornithischia,,dinosaurs.csv
Valdosaurus,valdosaurus,Chordata,Reptilia,Ornithischia,Dryosauridae,dinosaurs.csv
Jeholosaurus,jeholosaurus,Chordata,Reptilia,Ornithischia,Thescelosauridae,dinosaurs.csv
Liaoningosaurus,liaoningosaurus,Chordata,Reptilia,Ornithischia,Ankylosauridae,dinosaurs.csv
Liaoceratops,liaoceratops,Chordata,Reptilia,Ornithischia,,dinosaurs.csv
Liaoceratops,liaoceratops,Chordata,Reptilia,Ornithischia,,dinosaurs.csv
Nanyangosaurus,nanyangosaurus,Chordata,Reptilia,Ornithischia,,dinosaurs.csv
Kritosaurus,kritosaurus,Chordata,Reptilia,Ornithischia,Hadrosauridae,dinosaurs.csv
Othnielosaurus,othnielosaurus,Chordata,Reptilia,Ornithischia,,dinosaurs.csv
Nanosaurus,nanosaurus,Chordata,Reptilia,Ornithischia,,dinosaurs.csv
Dryosaurus,dryosaurus,Chordata,Reptilia,Ornithischia,Dryosauridae,dinosaurs.csv
Kritosaurus,kritosaurus,Chordata,Reptilia,Ornithischia,Hadrosauridae,dinosaurs.csv
Kritosaurus,kritosaurus,Chordata,Reptilia,Ornithischia,Hadrosauridae,dinosaurs.csv
Dinehichnus,dinehichnus,Chordata,Reptilia,Ornithischia,,dinosaurs.csv
Stegosaurus,stegosaurus,Chordata,Reptilia,Ornithischia,Stegosauridae,dinosaurs.csv
Parasaurolophus,parasaurolophus,Chordata,Reptilia,Ornithischia,Hadrosauridae,dinosaurs.csv
Stegosaurus,stegosaurus,Chordata,Reptilia,Ornithischia,Stegosauridae,dinosaurs.csv
Kritosaurus,kritosaurus,Chordata,Reptilia,Ornithischia,Hadrosauridae,dinosaurs.csv
Sousaichnium,sousaichnium,Chordata,Reptilia,Ornithischia,Iguanodontidae,dinosaurs.csv
Staurichnium,staurichnium,Chordata,Reptilia,Ornithischia,,dinosaurs.csv
Stegosaurus,stegosaurus,Chordata,Reptilia,Ornithischia,Stegosauridae,dinosaurs.csv
Camptosaurus,camptosaurus,Chordata,Reptilia,Ornithischia,,dinosaurs.csv
Kritosaurus,kritosaurus,Chordata,Reptilia,Ornithischia,Hadrosauridae,dinosaurs.csv
Stegosaurus,stegosaurus,Chordata,Reptilia,Ornithischia,Stegosauridae,dinosaurs.csv
Dryosaurus,dryosaurus,Chordata,Reptilia,Ornithischia,Dryosauridae,dinosaurs.csv
Drinker,drinker,Chordata,Reptilia,Ornithischia,,dinosaurs.csv
Stegosaurus,stegosaurus,Chordata,Reptilia,Ornithischia,Stegosauridae,dinosaurs.csv
Stegosaurus,stegosaurus,Chordata,Reptilia,Ornithischia,Stegosauridae,dinosaurs.csv
Stegosaurus,stegosaurus,Chordata,Reptilia,Ornithischia,Stegosauridae,dinosaurs.csv
Camptosaurus,camptosaurus,Chordata,Reptilia,Ornithischia,,dinosaurs.csv
Moyenisauropus,moyenisauropus,Chordata,Reptilia,Ornithischia,Moyenisauropodidae,dinosaurs.csv
Moyenisauropus,moyenisauropus,Chordata,Reptilia,Ornithischia,Moyenisauropodidae,dinosaurs.csv
Huehuecanauhtlus,huehuecanauhtlus,Chordata,Reptilia,Ornithischia,,dinosaurs.csv
Yandusaurus,yandusaurus,Chordata,Reptilia,Ornithischia,,dinosaurs.csv
Edmontosaurus,edmontosaurus,Chordata,Reptilia,Ornithischia,Hadrosauridae,dinosaurs.csv
Triceratops,triceratops,Chordata,Reptilia,Ornithischia,Ceratopsidae,dinosaurs.csv
Edmontosaurus,edmontosaurus,Chordata,Reptilia,Ornithischia,Hadrosauridae,dinosaurs.csv
Triceratops,triceratops,Chordata,Reptilia,Ornithischia,Ceratopsidae,dinosaurs.csv
Triceratops,triceratops,Chordata,Reptilia,Ornithischia,Ceratopsidae,dinosaurs.csv
Edmontosaurus,edmontosaurus,Chordata,Reptilia,Ornithischia,Hadrosauridae,dinosaurs.csv
Triceratops,triceratops,Chordata,Reptilia,Ornithischia,Ceratopsidae,dinosaurs.csv
Camptosaurichnus,camptosaurichnus,Chordata,Reptilia,Ornithischia,,dinosaurs.csv
Triceratops,triceratops,Chordata,Reptilia,Ornithischia,Ceratopsidae,dinosaurs.csv
Edmontosaurus,edmontosaurus,Chordata,Reptilia,Ornithischia,Hadrosauridae,dinosaurs.csv
Triceratops,triceratops,Chordata,Reptilia,Ornithischia,Ceratopsidae,dinosaurs.csv
Edmontosaurus,edmontosaurus,Chordata,Reptilia,Ornithischia,Hadrosauridae,dinosaurs.csv
Edmontosaurus,edmontosaurus,Chordata,Reptilia,Ornithischia,Hadrosauridae,dinosaurs.csv
Triceratops,triceratops,Chordata,Reptilia,Ornithischia,Ceratopsidae,dinosaurs.csv
Edmontosaurus,edmontosaurus,Chordata,Reptilia,Ornithischia,Hadrosauridae,dinosaurs.csv
Triceratops,triceratops,Chordata,Reptilia,Ornithischia,Ceratopsidae,dinosaurs.csv
Edmontosaurus,edmontosaurus,Chordata,Reptilia,Ornithischia,Hadrosauridae,dinosaurs.csv
Edmontosaurus,edmontosaurus,Chordata,Reptilia,Ornithischia,Hadrosauridae,dinosaurs.csv
Hadrosaurus,hadrosaurus,Chordata,Reptilia,Ornithischia,Hadrosauridae,dinosaurs.csv
Shantungosaurus,shantungosaurus,Chordata,Reptilia,Ornithischia,Hadrosauridae,dinosaurs.csv
Edmontosaurus,edmontosaurus,Chordata,Reptilia,Ornithischia,Hadrosauridae,dinosaurs.csv
Edmontosaurus,edmontosaurus,Chordata,Reptilia,Ornithischia,Hadrosauridae,dinosaurs.csv
Stegosaurus,stegosaurus,Chordata,Reptilia,Ornithischia,Stegosauridae,dinosaurs.csv
Stegosaurus,stegosaurus,Chordata,Reptilia,Ornithischia,Stegosauridae,dinosaurs.csv
Stegosaurus,stegosaurus,Chordata,Reptilia,Ornithischia,Stegosauridae,dinosaurs.csv
Stegosaurus,stegosaurus,Chordata,Reptilia,Ornithischia,Stegosauridae,dinosaurs.csv
Dryosaurus,dryosaurus,Chordata,Reptilia,Ornithischia,Dryosauridae,dinosaurs.csv
Camptosaurus,camptosaurus,Chordata,Reptilia,Ornithischia,,dinosaurs.csv
Stegosaurus,stegosaurus,Chordata,Reptilia,Ornithischia,Stegosauridae,dinosaurs.csv
Edmontosaurus,edmontosaurus,Chordata,Reptilia,Ornithischia,Hadrosauridae,dinosaurs.csv
Hadrosaurus,hadrosaurus,Chordata,Reptilia,Ornithischia,Hadrosauridae,dinosaurs.csv
Edmontosaurus,edmontosaurus,Chordata,Reptilia,Ornithischia,Hadrosauridae,dinosaurs.csv
Triceratops,triceratops,Chordata,Reptilia,Ornithischia,Ceratopsidae,dinosaurs.csv
Iguanodon,iguanodon,Chordata,Reptilia,Ornithischia,,dinosaurs.csv
Mantellisaurus,mantellisaurus,Chordata,Reptilia,Ornithischia,Iguanodontidae,dinosaurs.csv
Hypselospinus,hypselospinus,Chordata,Reptilia,Ornithischia,,dinosaurs.csv
Iguanodon,iguanodon,Chordata,Reptilia,Ornithischia,,dinosaurs.csv
Bagaceratops,bagaceratops,Chordata,Reptilia,Ornithischia,,dinosaurs.csv
Turanoceratops,turanoceratops,Chordata,Reptilia,Ornithischia,,dinosaurs.csv
Turanoceratops,turanoceratops,Chordata,Reptilia,Ornithischia,,dinosaurs.csv
Levnesovia,levnesovia,Chordata,Reptilia,Ornithischia,,dinosaurs.csv
Turanoceratops,turanoceratops,Chordata,Reptilia,Ornithischia,,dinosaurs.csv
Turanoceratops,turanoceratops,Chordata,Reptilia,Ornithischia,,dinosaurs.csv
Levnesovia,levnesovia,Chordata,Reptilia,Ornithischia,,dinosaurs.csv
Turanoceratops,turanoceratops,Chordata,Reptilia,Ornithischia,,dinosaurs.csv
Turanoceratops,turanoceratops,Chordata,Reptilia,Ornithischia,,dinosaurs.csv
Hadrosaurus,hadrosaurus,Chordata,Reptilia,Ornithischia,Hadrosauridae,dinosaurs.csv
Asiaceratops,asiaceratops,Chordata,Reptilia,Ornithischia,Leptoceratopsidae,dinosaurs.csv
Stegosaurus,stegosaurus,Chordata,Reptilia,Ornithischia,Stegosauridae,dinosaurs.csv
Camptosaurus,camptosaurus,Chordata,Reptilia,Ornithischia,,dinosaurs.csv
Stegosaurus,stegosaurus,Chordata,Reptilia,Ornithischia,Stegosauridae,dinosaurs.csv
Stegosaurus,stegosaurus,Chordata,Reptilia,Ornithischia,Stegosauridae,dinosaurs.csv
Camptosaurus,camptosaurus,Chordata,Reptilia,Ornithischia,,dinosaurs.csv
Secernosaurus,secernosaurus,Chordata,Reptilia,Ornithischia,Hadrosauridae,dinosaurs.csv
Centrosaurus,centrosaurus,Chordata,Reptilia,Ornithischia,Ceratopsidae,dinosaurs.csv
Prosaurolophus,prosaurolophus,Chordata,Reptilia,Ornithischia,Hadrosauridae,dinosaurs.csv
Corythosaurus,corythosaurus,Chordata,Reptilia,Ornithischia,Hadrosauridae,dinosaurs.csv
Drinker,drinker,Chordata,Reptilia,Ornithischia,,dinosaurs.csv
Panoplosaurus,panoplosaurus,Chordata,Reptilia,Ornithischia,Nodosauridae,dinosaurs.csv
Edmontonia,edmontonia,Chordata,Reptilia,Ornithischia,Nodosauridae,dinosaurs.csv
Corythosaurus,corythosaurus,Chordata,Reptilia,Ornithischia,Hadrosauridae,dinosaurs.csv
Corythosaurus,corythosaurus,Chordata,Reptilia,Ornithischia,Hadrosauridae,dinosaurs.csv
Corythosaurus,corythosaurus,Chordata,Reptilia,Ornithischia,Hadrosauridae,dinosaurs.csv
Corythosaurus,corythosaurus,Chordata,Reptilia,Ornithischia,Hadrosauridae,dinosaurs.csv
Chasmosaurus,chasmosaurus,Chordata,Reptilia,Ornithischia,Ceratopsidae,dinosaurs.csv
Centrosaurus,centrosaurus,Chordata,Reptilia,Ornithischia,Ceratopsidae,dinosaurs.csv
Lambeosaurus,lambeosaurus,Chordata,Reptilia,Ornithischia,Hadrosauridae,dinosaurs.csv
Chasmosaurus,chasmosaurus,Chordata,Reptilia,Ornithischia,Ceratopsidae,dinosaurs.csv
Corythosaurus,corythosaurus,Chordata,Reptilia,Ornithischia,Hadrosauridae,dinosaurs.csv
Centrosaurus,centrosaurus,Chordata,Reptilia,Ornithischia,Ceratopsidae,dinosaurs.csv
Gryposaurus,gryposaurus,Chordata,Reptilia,Ornithischia,Hadrosauridae,dinosaurs.csv
Gryposaurus,gryposaurus,Chordata,Reptilia,Ornithischia,Hadrosauridae,dinosaurs.csv
Centrosaurus,centrosaurus,Chordata,Reptilia,Ornithischia,Ceratopsidae,dinosaurs.csv
Panoplosaurus,panoplosaurus,Chordata,Reptilia,Ornithischia,Nodosauridae,dinosaurs.csv
Centrosaurus,centrosaurus,Chordata,Reptilia,Ornithischia,Ceratopsidae,dinosaurs.csv
Prosaurolophus,prosaurolophus,Chordata,Reptilia,Ornithischia,Hadrosauridae,dinosaurs.csv
Chasmosaurus,chasmosaurus,Chordata,Reptilia,Ornithischia,Ceratopsidae,dinosaurs.csv
Lambeosaurus,lambeosaurus,Chordata,Reptilia,Ornithischia,Hadrosauridae,dinosaurs.csv
Euoplocephalus,euoplocephalus,Chordata,Reptilia,Ornithischia,Ankylosauridae,dinosaurs.csv
Centrosaurus,centrosaurus,Chordata,Reptilia,Ornithischia,Ceratopsidae,dinosaurs.csv
Euoplocephalus,euoplocephalus,Chordata,Reptilia,Ornithischia,Ankylosauridae,dinosaurs.csv
Kosmoceratops,kosmoceratops,Chordata,Reptilia,Ornithischia,Ceratopsidae,dinosaurs.csv
Corythosaurus,corythosaurus,Chordata,Reptilia,Ornithischia,Hadrosauridae,dinosaurs.csv
Corythosaurus,corythosaurus,Chordata,Reptilia,Ornithischia,Hadrosauridae,dinosaurs.csv
Corythosaurus,corythosaurus,Chordata,Reptilia,Ornithischia,Hadrosauridae,dinosaurs.csv
Gryposaurus,gryposaurus,Chordata,Reptilia,Ornithischia,Hadrosauridae,dinosaurs.csv
Gryposaurus,gryposaurus,Chordata,Reptilia,Ornithischia,Hadrosauridae,dinosaurs.csv
Chasmosaurus,chasmosaurus,Chordata,Reptilia,Ornithischia,Ceratopsidae,dinosaurs.csv
Scolosaurus,scolosaurus,Chordata,Reptilia,Ornithischia,Ankylosauridae,dinosaurs.csv
Centrosaurus,centrosaurus,Chordata,Reptilia,Ornithischia,Ceratopsidae,dinosaurs.csv
Corythosaurus,corythosaurus,Chordata,Reptilia,Ornithischia,Hadrosauridae,dinosaurs.csv
Centrosaurus,centrosaurus,Chordata,Reptilia,Ornithischia,Ceratopsidae,dinosaurs.csv
Parasaurolophus,parasaurolophus,Chordata,Reptilia,Ornithischia,Hadrosauridae,dinosaurs.csv
Prosaurolophus,prosaurolophus,Chordata,Reptilia,Ornithischia,Hadrosauridae,dinosaurs.csv
Lambeosaurus,lambeosaurus,Chordata,Reptilia,Ornithischia,Hadrosauridae,dinosaurs.csv
Euoplocephalus,euoplocephalus,Chordata,Reptilia,Ornithischia,Ankylosauridae,dinosaurs.csv
Centrosaurus,centrosaurus,Chordata,Reptilia,Ornithischia,Ceratopsidae,dinosaurs.csv
Chasmosaurus,chasmosaurus,Chordata,Reptilia,Ornithischia,Ceratopsidae,dinosaurs.csv
Euoplocephalus,euoplocephalus,Chordata,Reptilia,Ornithischia,Ankylosauridae,dinosaurs.csv
Edmontonia,edmontonia,Chordata,Reptilia,Ornithischia,Nodosauridae,dinosaurs.csv
Centrosaurus,centrosaurus,Chordata,Reptilia,Ornithischia,Ceratopsidae,dinosaurs.csv
Brachylophosaurus,brachylophosaurus,Chordata,Reptilia,Ornithischia,Hadrosauridae,dinosaurs.csv
Centrosaurus,centrosaurus,Chordata,Reptilia,Ornithischia,Ceratopsidae,dinosaurs.csv
Chasmosaurus,chasmosaurus,Chordata,Reptilia,Ornithischia,Ceratopsidae,dinosaurs.csv
Corythosaurus,corythosaurus,Chordata,Reptilia,Ornithischia,Hadrosauridae,dinosaurs.csv
Prosaurolophus,prosaurolophus,Chordata,Reptilia,Ornithischia,Hadrosauridae,dinosaurs.csv
Corythosaurus,corythosaurus,Chordata,Reptilia,Ornithischia,Hadrosauridae,dinosaurs.csv
Prosaurolophus,prosaurolophus,Chordata,Reptilia,Ornithischia,Hadrosauridae,dinosaurs.csv
Corythosaurus,corythosaurus,Chordata,Reptilia,Ornithischia,Hadrosauridae,dinosaurs.csv
Valdosaurus,valdosaurus,Chordata,Reptilia,Ornithischia,Dryosauridae,dinosaurs.csv
Hypsilophodon,hypsilophodon,Chordata,Reptilia,Ornithischia,Hypsilophodontidae,dinosaurs.csv
Iguanodon,iguanodon,Chordata,Reptilia,Ornithischia,,dinosaurs.csv
Dacentrurus,dacentrurus,Chordata,Reptilia,Ornithischia,Stegosauridae,dinosaurs.csv
Iguanodon,iguanodon,Chordata,Reptilia,Ornithischia,,dinosaurs.csv
Gryposaurus,gryposaurus,Chordata,Reptilia,Ornithischia,Hadrosauridae,dinosaurs.csv
Corythosaurus,corythosaurus,Chordata,Reptilia,Ornithischia,Hadrosauridae,dinosaurs.csv
Stegoceras,stegoceras,Chordata,Reptilia,Ornithischia,Pachycephalosauridae,dinosaurs.csv
Centrosaurus,centrosaurus,Chordata,Reptilia,Ornithischia,Ceratopsidae,dinosaurs.csv
Centrosaurus,centrosaurus,Chordata,Reptilia,Ornithischia,Ceratopsidae,dinosaurs.csv
Edmontonia,edmontonia,Chordata,Reptilia,Ornithischia,Nodosauridae,dinosaurs.csv
Centrosaurus,centrosaurus,Chordata,Reptilia,Ornithischia,Ceratopsidae,dinosaurs.csv
Gryposaurus,gryposaurus,Chordata,Reptilia,Ornithischia,Hadrosauridae,dinosaurs.csv
Corythosaurus,corythosaurus,Chordata,Reptilia,Ornithischia,Hadrosauridae,dinosaurs.csv
Chasmosaurus,chasmosaurus,Chordata,Reptilia,Ornithischia,Ceratopsidae,dinosaurs.csv
Corythosaurus,corythosaurus,Chordata,Reptilia,Ornithischia,Hadrosauridae,dinosaurs.csv
Lambeosaurus,lambeosaurus,Chordata,Reptilia,Ornithischia,Hadrosauridae,dinosaurs.csv
Euoplocephalus,euoplocephalus,Chordata,Reptilia,Ornithischia,Ankylosauridae,dinosaurs.csv
Corythosaurus,corythosaurus,Chordata,Reptilia,Ornithischia,Hadrosauridae,dinosaurs.csv
Styracosaurus,styracosaurus,Chordata,Reptilia,Ornithischia,Ceratopsidae,dinosaurs.csv
Pachycephalosaurus,pachycephalosaurus,Chordata,Reptilia,Ornithischia,Pachycephalosauridae,dinosaurs.csv
Lambeosaurus,lambeosaurus,Chordata,Reptilia,Ornithischia,Hadrosauridae,dinosaurs.csv
Rhabdodon,rhabdodon,Chordata,Reptilia,Ornithischia,Rhabdodontidae,dinosaurs.csv
Zalmoxes,zalmoxes,Chordata,Reptilia,Ornithischia,Rhabdodontidae,dinosaurs.csv
Struthiosaurus,struthiosaurus,Chordata,Reptilia,Ornithischia,Nodosauridae,dinosaurs.csv
Ouranosaurus,ouranosaurus,Chordata,Reptilia,Ornithischia,,dinosaurs.csv
Muttaburrasaurus,muttaburrasaurus,Chordata,Reptilia,Ornithischia,,dinosaurs.csv
Heterodontosaurus,heterodontosaurus,Chordata,Reptilia,Ornithischia,Heterodontosauridae,dinosaurs.csv
Polacanthus,polacanthus,Chordata,Reptilia,Ornithischia,Nodosauridae,dinosaurs.csv
Polacanthus,polacanthus,Chordata,Reptilia,Ornithischia,Nodosauridae,dinosaurs.csv
Pinacosaurus,pinacosaurus,Chordata,Reptilia,Ornithischia,Ankylosauridae,dinosaurs.csv
Colepiocephale,colepiocephale,Chordata,Reptilia,Ornithischia,Pachycephalosauridae,dinosaurs.csv
Hadrosaurus,hadrosaurus,Chordata,Reptilia,Ornithischia,Hadrosauridae,dinosaurs.csv
Anoplosaurus,anoplosaurus,Chordata,Reptilia,Ornithischia,Nodosauridae,dinosaurs.csv
Telmatosaurus,telmatosaurus,Chordata,Reptilia,Ornithischia,Hadrosauridae,dinosaurs.csv
Iguanodon,iguanodon,Chordata,Reptilia,Ornithischia,,dinosaurs.csv
Rhabdodon,rhabdodon,Chordata,Reptilia,Ornithischia,Rhabdodontidae,dinosaurs.csv
Triceratops,triceratops,Chordata,Reptilia,Ornithischia,Ceratopsidae,dinosaurs.csv
Tuojiangosaurus,tuojiangosaurus,Chordata,Reptilia,Ornithischia,,dinosaurs.csv
Chungkingosaurus,chungkingosaurus,Chordata,Reptilia,Ornithischia,,dinosaurs.csv
Unescoceratops,unescoceratops,Chordata,Reptilia,Ornithischia,Leptoceratopsidae,dinosaurs.csv
Coronosaurus,coronosaurus,Chordata,Reptilia,Ornithischia,Ceratopsidae,dinosaurs.csv
Coronosaurus,coronosaurus,Chordata,Reptilia,Ornithischia,Ceratopsidae,dinosaurs.csv
Psittacosaurus,psittacosaurus,Chordata,Reptilia,Ornithischia,Psittacosauridae,dinosaurs.csv
Minmi,minmi,Chordata,Reptilia,Ornithischia,Ankylosauridae,dinosaurs.csv
Euoplocephalus,euoplocephalus,Chordata,Reptilia,Ornithischia,Ankylosauridae,dinosaurs.csv
Tenontosaurus,tenontosaurus,Chordata,Reptilia,Ornithischia,,dinosaurs.csv
Cedarpelta,cedarpelta,Chordata,Reptilia,Ornithischia,Ankylosauridae,dinosaurs.csv
Struthiosaurus,struthiosaurus,Chordata,Reptilia,Ornithischia,Nodosauridae,dinosaurs.csv
Struthiosaurus,struthiosaurus,Chordata,Reptilia,Ornithischia,Nodosauridae,dinosaurs.csv
Chasmosaurus,chasmosaurus,Chordata,Reptilia,Ornithischia,Ceratopsidae,dinosaurs.csv
Chasmosaurus,chasmosaurus,Chordata,Reptilia,Ornithischia,Ceratopsidae,dinosaurs.csv
Hypacrosaurus,hypacrosaurus,Chordata,Reptilia,Ornithischia,Hadrosauridae,dinosaurs.csv
Stegoceras,stegoceras,Chordata,Reptilia,Ornithischia,Pachycephalosauridae,dinosaurs.csv
Iguanodon,iguanodon,Chordata,Reptilia,Ornithischia,,dinosaurs.csv
Dacentrurus,dacentrurus,Chordata,Reptilia,Ornithischia,Stegosauridae,dinosaurs.csv
Iguanodon,iguanodon,Chordata,Reptilia,Ornithischia,,dinosaurs.csv
Iguanodon,iguanodon,Chordata,Reptilia,Ornithischia,,dinosaurs.csv
Polacanthus,polacanthus,Chordata,Reptilia,Ornithischia,Nodosauridae,dinosaurs.csv
Polacanthus,polacanthus,Chordata,Reptilia,Ornithischia,Nodosauridae,dinosaurs.csv
Stegoceras,stegoceras,Chordata,Reptilia,Ornithischia,Pachycephalosauridae,dinosaurs.csv
Achelousaurus,achelousaurus,Chordata,Reptilia,Ornithischia,Ceratopsidae,dinosaurs.csv
Rubeosaurus,rubeosaurus,Chordata,Reptilia,Ornithischia,Ceratopsidae,dinosaurs.csv
Brachyceratops,brachyceratops,Chordata,Reptilia,Ornithischia,Ceratopsidae,dinosaurs.csv
Orodromeus,orodromeus,Chordata,Reptilia,Ornithischia,Thescelosauridae,dinosaurs.csv
Einiosaurus,einiosaurus,Chordata,Reptilia,Ornithischia,Ceratopsidae,dinosaurs.csv
Hypacrosaurus,hypacrosaurus,Chordata,Reptilia,Ornithischia,Hadrosauridae,dinosaurs.csv
Camptosaurus,camptosaurus,Chordata,Reptilia,Ornithischia,,dinosaurs.csv
Psittacosaurus,psittacosaurus,Chordata,Reptilia,Ornithischia,Psittacosauridae,dinosaurs.csv
Euoplocephalus,euoplocephalus,Chordata,Reptilia,Ornithischia,Ankylosauridae,dinosaurs.csv
Euoplocephalus,euoplocephalus,Chordata,Reptilia,Ornithischia,Ankylosauridae,dinosaurs.csv
Euoplocephalus,euoplocephalus,Chordata,Reptilia,Ornithischia,Ankylosauridae,dinosaurs.csv
Euoplocephalus,euoplocephalus,Chordata,Reptilia,Ornithischia,Ankylosauridae,dinosaurs.csv
Iguanodon,iguanodon,Chordata,Reptilia,Ornithischia,,dinosaurs.csv
Parasaurolophus,parasaurolophus,Chordata,Reptilia,Ornithischia,Hadrosauridae,dinosaurs.csv
Pinacosaurus,pinacosaurus,Chordata,Reptilia,Ornithischia,Ankylosauridae,dinosaurs.csv
Tanius,tanius,Chordata,Reptilia,Ornithischia,,dinosaurs.csv
Kritosaurus,kritosaurus,Chordata,Reptilia,Ornithischia,Hadrosauridae,dinosaurs.csv
Monoclonius,monoclonius,Chordata,Reptilia,Ornithischia,Ceratopsidae,dinosaurs.csv
Monoclonius,monoclonius,Chordata,Reptilia,Ornithischia,Ceratopsidae,dinosaurs.csv
Ankylosaurus,ankylosaurus,Chordata,Reptilia,Ornithischia,Ankylosauridae,dinosaurs.csv
Scolosaurus,scolosaurus,Chordata,Reptilia,Ornithischia,Ankylosauridae,dinosaurs.csv
Panoplosaurus,panoplosaurus,Chordata,Reptilia,Ornithischia,Nodosauridae,dinosaurs.csv
Glyptodontopelta,glyptodontopelta,Chordata,Reptilia,Ornithischia,Nodosauridae,dinosaurs.csv
Glyptodontopelta,glyptodontopelta,Chordata,Reptilia,Ornithischia,Nodosauridae,dinosaurs.csv
Pentaceratops,pentaceratops,Chordata,Reptilia,Ornithischia,Ceratopsidae,dinosaurs.csv
Muttaburrasaurus,muttaburrasaurus,Chordata,Reptilia,Ornithischia,,dinosaurs.csv
Stegosaurus,stegosaurus,Chordata,Reptilia,Ornithischia,Stegosauridae,dinosaurs.csv
Corythosaurus,corythosaurus,Chordata,Reptilia,Ornithischia,Hadrosauridae,dinosaurs.csv
Protoceratops,protoceratops,Chordata,Reptilia,Ornithischia,,dinosaurs.csv
Shuangmiaosaurus,shuangmiaosaurus,Chordata,Reptilia,Ornithischia,,dinosaurs.csv
Pentaceratops,pentaceratops,Chordata,Reptilia,Ornithischia,Ceratopsidae,dinosaurs.csv
Pentaceratops,pentaceratops,Chordata,Reptilia,Ornithischia,Ceratopsidae,dinosaurs.csv
Asiaceratops,asiaceratops,Chordata,Reptilia,Ornithischia,Leptoceratopsidae,dinosaurs.csv
Prosaurolophus,prosaurolophus,Chordata,Reptilia,Ornithischia,Hadrosauridae,dinosaurs.csv
Lambeosaurus,lambeosaurus,Chordata,Reptilia,Ornithischia,Hadrosauridae,dinosaurs.csv
Hadrosaurus,hadrosaurus,Chordata,Reptilia,Ornithischia,Hadrosauridae,dinosaurs.csv
Edmontosaurus,edmontosaurus,Chordata,Reptilia,Ornithischia,Hadrosauridae,dinosaurs.csv
Pachyrhinosaurus,pachyrhinosaurus,Chordata,Reptilia,Ornithischia,Ceratopsidae,dinosaurs.csv
Leptoceratops,leptoceratops,Chordata,Reptilia,Ornithischia,Leptoceratopsidae,dinosaurs.csv
Iguanodon,iguanodon,Chordata,Reptilia,Ornithischia,,dinosaurs.csv
Monoclonius,monoclonius,Chordata,Reptilia,Ornithischia,Ceratopsidae,dinosaurs.csv
Monoclonius,monoclonius,Chordata,Reptilia,Ornithischia,Ceratopsidae,dinosaurs.csv
Chasmosaurus,chasmosaurus,Chordata,Reptilia,Ornithischia,Ceratopsidae,dinosaurs.csv
Chasmosaurus,chasmosaurus,Chordata,Reptilia,Ornithischia,Ceratopsidae,dinosaurs.csv
Chasmosaurus,chasmosaurus,Chordata,Reptilia,Ornithischia,Ceratopsidae,dinosaurs.csv
Mantellisaurus,mantellisaurus,Chordata,Reptilia,Ornithischia,Iguanodontidae,dinosaurs.csv
Triceratops,triceratops,Chordata,Reptilia,Ornithischia,Ceratopsidae,dinosaurs.csv
Triceratops,triceratops,Chordata,Reptilia,Ornithischia,Ceratopsidae,dinosaurs.csv
Triceratops,triceratops,Chordata,Reptilia,Ornithischia,Ceratopsidae,dinosaurs.csv
Saurolophus,saurolophus,Chordata,Reptilia,Ornithischia,Hadrosauridae,dinosaurs.csv
Hypacrosaurus,hypacrosaurus,Chordata,Reptilia,Ornithischia,Hadrosauridae,dinosaurs.csv
Hypacrosaurus,hypacrosaurus,Chordata,Reptilia,Ornithischia,Hadrosauridae,dinosaurs.csv
Hypacrosaurus,hypacrosaurus,Chordata,Reptilia,Ornithischia,Hadrosauridae,dinosaurs.csv
Hypacrosaurus,hypacrosaurus,Chordata,Reptilia,Ornithischia,Hadrosauridae,dinosaurs.csv
Leptoceratops,leptoceratops,Chordata,Reptilia,Ornithischia,Leptoceratopsidae,dinosaurs.csv
Anchiceratops,anchiceratops,Chordata,Reptilia,Ornithischia,Ceratopsidae,dinosaurs.csv
Anchiceratops,anchiceratops,Chordata,Reptilia,Ornithischia,Ceratopsidae,dinosaurs.csv
Prosaurolophus,prosaurolophus,Chordata,Reptilia,Ornithischia,Hadrosauridae,dinosaurs.csv
Dinosauropodes,dinosauropodes,Chordata,Reptilia,Ornithischia,,dinosaurs.csv
Pachycephalosaurus,pachycephalosaurus,Chordata,Reptilia,Ornithischia,Pachycephalosauridae,dinosaurs.csv
Pachycephalosaurus,pachycephalosaurus,Chordata,Reptilia,Ornithischia,Pachycephalosauridae,dinosaurs.csv
Stegoceras,stegoceras,Chordata,Reptilia,Ornithischia,Pachycephalosauridae,dinosaurs.csv
Stegoceras,stegoceras,Chordata,Reptilia,Ornithischia,Pachycephalosauridae,dinosaurs.csv
Hanssuesia,hanssuesia,Chordata,Reptilia,Ornithischia,Pachycephalosauridae,dinosaurs.csv
Prenocephale,prenocephale,Chordata,Reptilia,Ornithischia,Pachycephalosauridae,dinosaurs.csv
Prenocephale,prenocephale,Chordata,Reptilia,Ornithischia,Pachycephalosauridae,dinosaurs.csv
Prenocephale,prenocephale,Chordata,Reptilia,Ornithischia,Pachycephalosauridae,dinosaurs.csv
Stegoceras,stegoceras,Chordata,Reptilia,Ornithischia,Pachycephalosauridae,dinosaurs.csv
Prenocephale,prenocephale,Chordata,Reptilia,Ornithischia,Pachycephalosauridae,dinosaurs.csv
Colepiocephale,colepiocephale,Chordata,Reptilia,Ornithischia,Pachycephalosauridae,dinosaurs.csv
Hanssuesia,hanssuesia,Chordata,Reptilia,Ornithischia,Pachycephalosauridae,dinosaurs.csv
Stegoceras,stegoceras,Chordata,Reptilia,Ornithischia,Pachycephalosauridae,dinosaurs.csv
Stegoceras,stegoceras,Chordata,Reptilia,Ornithischia,Pachycephalosauridae,dinosaurs.csv
Stegoceras,stegoceras,Chordata,Reptilia,Ornithischia,Pachycephalosauridae,dinosaurs.csv
Stegoceras,stegoceras,Chordata,Reptilia,Ornithischia,Pachycephalosauridae,dinosaurs.csv
Stegoceras,stegoceras,Chordata,Reptilia,Ornithischia,Pachycephalosauridae,dinosaurs.csv
Stegoceras,stegoceras,Chordata,Reptilia,Ornithischia,Pachycephalosauridae,dinosaurs.csv
Stegoceras,stegoceras,Chordata,Reptilia,Ornithischia,Pachycephalosauridae,dinosaurs.csv
Stegoceras,stegoceras,Chordata,Reptilia,Ornithischia,Pachycephalosauridae,dinosaurs.csv
Mantellisaurus,mantellisaurus,Chordata,Reptilia,Ornithischia,Iguanodontidae,dinosaurs.csv
Asiaceratops,asiaceratops,Chordata,Reptilia,Ornithischia,Leptoceratopsidae,dinosaurs.csv
Asiaceratops,asiaceratops,Chordata,Reptilia,Ornithischia,Leptoceratopsidae,dinosaurs.csv
Asiaceratops,asiaceratops,Chordata,Reptilia,Ornithischia,Leptoceratopsidae,dinosaurs.csv
Asiaceratops,asiaceratops,Chordata,Reptilia,Ornithischia,Leptoceratopsidae,dinosaurs.csv
Asiaceratops,asiaceratops,Chordata,Reptilia,Ornithischia,Leptoceratopsidae,dinosaurs.csv
Asiaceratops,asiaceratops,Chordata,Reptilia,Ornithischia,Leptoceratopsidae,dinosaurs.csv
Iguanodon,iguanodon,Chordata,Reptilia,Ornithischia,,dinosaurs.csv
Iguanodon,iguanodon,Chordata,Reptilia,Ornithischia,,dinosaurs.csv
Iguanodon,iguanodon,Chordata,Reptilia,Ornithischia,,dinosaurs.csv
Cumnoria,cumnoria,Chordata,Reptilia,Ornithischia,,dinosaurs.csv
Cumnoria,cumnoria,Chordata,Reptilia,Ornithischia,,dinosaurs.csv
Tacuarembovum,tacuarembovum,Chordata,Reptilia,Ornithischia,,dinosaurs.csv
Iguanodon,iguanodon,Chordata,Reptilia,Ornithischia,,dinosaurs.csv
Centrosaurus,centrosaurus,Chordata,Reptilia,Ornithischia,Ceratopsidae,dinosaurs.csv
Centrosaurus,centrosaurus,Chordata,Reptilia,Ornithischia,Ceratopsidae,dinosaurs.csv
Centrosaurus,centrosaurus,Chordata,Reptilia,Ornithischia,Ceratopsidae,dinosaurs.csv
Centrosaurus,centrosaurus,Chordata,Reptilia,Ornithischia,Ceratopsidae,dinosaurs.csv
Centrosaurus,centrosaurus,Chordata,Reptilia,Ornithischia,Ceratopsidae,dinosaurs.csv
Centrosaurus,centrosaurus,Chordata,Reptilia,Ornithischia,Ceratopsidae,dinosaurs.csv
Centrosaurus,centrosaurus,Chordata,Reptilia,Ornithischia,Ceratopsidae,dinosaurs.csv
Centrosaurus,centrosaurus,Chordata,Reptilia,Ornithischia,Ceratopsidae,dinosaurs.csv
Centrosaurus,centrosaurus,Chordata,Reptilia,Ornithischia,Ceratopsidae,dinosaurs.csv
Centrosaurus,centrosaurus,Chordata,Reptilia,Ornithischia,Ceratopsidae,dinosaurs.csv
Centrosaurus,centrosaurus,Chordata,Reptilia,Ornithischia,Ceratopsidae,dinosaurs.csv
Centrosaurus,centrosaurus,Chordata,Reptilia,Ornithischia,Ceratopsidae,dinosaurs.csv
Centrosaurus,centrosaurus,Chordata,Reptilia,Ornithischia,Ceratopsidae,dinosaurs.csv
Centrosaurus,centrosaurus,Chordata,Reptilia,Ornithischia,Ceratopsidae,dinosaurs.csv
Centrosaurus,centrosaurus,Chordata,Reptilia,Ornithischia,Ceratopsidae,dinosaurs.csv
Notohypsilophodon,notohypsilophodon,Chordata,Reptilia,Ornithischia,,dinosaurs.csv
Gobisaurus,gobisaurus,Chordata,Reptilia,Ornithischia,Ankylosauridae,dinosaurs.csv
Gasparinisaura,gasparinisaura,Chordata,Reptilia,Ornithischia,,dinosaurs.csv
Iguanodon,iguanodon,Chordata,Reptilia,Ornithischia,,dinosaurs.csv
Hylaeosaurus,hylaeosaurus,Chordata,Reptilia,Ornithischia,Nodosauridae,dinosaurs.csv
Triceratops,triceratops,Chordata,Reptilia,Ornithischia,Ceratopsidae,dinosaurs.csv
Edmontosaurus,edmontosaurus,Chordata,Reptilia,Ornithischia,Hadrosauridae,dinosaurs.csv
Apulosauripus,apulosauripus,Chordata,Reptilia,Ornithischia,,dinosaurs.csv
Hoplitosaurus,hoplitosaurus,Chordata,Reptilia,Ornithischia,Nodosauridae,dinosaurs.csv
Gigantspinosaurus,gigantspinosaurus,Chordata,Reptilia,Ornithischia,,dinosaurs.csv
Jinzhousaurus,jinzhousaurus,Chordata,Reptilia,Ornithischia,Iguanodontidae,dinosaurs.csv
Arrhinoceratops,arrhinoceratops,Chordata,Reptilia,Ornithischia,Ceratopsidae,dinosaurs.csv
Pachycephalosaurus,pachycephalosaurus,Chordata,Reptilia,Ornithischia,Pachycephalosauridae,dinosaurs.csv
Zalmoxes,zalmoxes,Chordata,Reptilia,Ornithischia,Rhabdodontidae,dinosaurs.csv
Zalmoxes,zalmoxes,Chordata,Reptilia,Ornithischia,Rhabdodontidae,dinosaurs.csv
Centrosaurus,centrosaurus,Chordata,Reptilia,Ornithischia,Ceratopsidae,dinosaurs.csv
Edmontosaurus,edmontosaurus,Chordata,Reptilia,Ornithischia,Hadrosauridae,dinosaurs.csv
Pachyrhinosaurus,pachyrhinosaurus,Chordata,Reptilia,Ornithischia,Ceratopsidae,dinosaurs.csv
Kangnasaurus,kangnasaurus,Chordata,Reptilia,Ornithischia,Dryosauridae,dinosaurs.csv
Dacentrurus,dacentrurus,Chordata,Reptilia,Ornithischia,Stegosauridae,dinosaurs.csv
Pararhabdodon,pararhabdodon,Chordata,Reptilia,Ornithischia,Hadrosauridae,dinosaurs.csv
Triceratops,triceratops,Chordata,Reptilia,Ornithischia,Ceratopsidae,dinosaurs.csv
Rhabdodon,rhabdodon,Chordata,Reptilia,Ornithischia,Rhabdodontidae,dinosaurs.csv
Struthiosaurus,struthiosaurus,Chordata,Reptilia,Ornithischia,Nodosauridae,dinosaurs.csv
Bagaceratops,bagaceratops,Chordata,Reptilia,Ornithischia,,dinosaurs.csv
Delapparentia,delapparentia,Chordata,Reptilia,Ornithischia,,dinosaurs.csv
Staurichnium,staurichnium,Chordata,Reptilia,Ornithischia,,dinosaurs.csv
Colepiocephale,colepiocephale,Chordata,Reptilia,Ornithischia,Pachycephalosauridae,dinosaurs.csv
Camptosaurus,camptosaurus,Chordata,Reptilia,Ornithischia,,dinosaurs.csv
Rhabdodon,rhabdodon,Chordata,Reptilia,Ornithischia,Rhabdodontidae,dinosaurs.csv
Albertaceratops,albertaceratops,Chordata,Reptilia,Ornithischia,Ceratopsidae,dinosaurs.csv
Albertaceratops,albertaceratops,Chordata,Reptilia,Ornithischia,Ceratopsidae,dinosaurs.csv
Triceratops,triceratops,Chordata,Reptilia,Ornithischia,Ceratopsidae,dinosaurs.csv
Hypsiloichnus,hypsiloichnus,Chordata,Reptilia,Ornithischia,,dinosaurs.csv
Hypsiloichnus,hypsiloichnus,Chordata,Reptilia,Ornithischia,,dinosaurs.csv
Hypsiloichnus,hypsiloichnus,Chordata,Reptilia,Ornithischia,,dinosaurs.csv
Edmontosaurus,edmontosaurus,Chordata,Reptilia,Ornithischia,Hadrosauridae,dinosaurs.csv
Zephyrosaurus,zephyrosaurus,Chordata,Reptilia,Ornithischia,Thescelosauridae,dinosaurs.csv
Stenopelix,stenopelix,Chordata,Reptilia,Ornithischia,,dinosaurs.csv
Abrictosaurus,abrictosaurus,Chordata,Reptilia,Ornithischia,Heterodontosauridae,dinosaurs.csv
Lycorhinus,lycorhinus,Chordata,Reptilia,Ornithischia,Heterodontosauridae,dinosaurs.csv
Lycorhinus,lycorhinus,Chordata,Reptilia,Ornithischia,Heterodontosauridae,dinosaurs.csv
Iguanodon,iguanodon,Chordata,Reptilia,Ornithischia,,dinosaurs.csv
Pachyrhinosaurus,pachyrhinosaurus,Chordata,Reptilia,Ornithischia,Ceratopsidae,dinosaurs.csv
Ugrunaaluk,ugrunaaluk,Chordata,Reptilia,Ornithischia,Hadrosauridae,dinosaurs.csv
Prenoceratops,prenoceratops,Chordata,Reptilia,Ornithischia,Leptoceratopsidae,dinosaurs.csv
Theiophytalia,theiophytalia,Chordata,Reptilia,Ornithischia,,dinosaurs.csv
Stegosaurus,stegosaurus,Chordata,Reptilia,Ornithischia,Stegosauridae,dinosaurs.csv
Corythosaurus,corythosaurus,Chordata,Reptilia,Ornithischia,Hadrosauridae,dinosaurs.csv
Lambeosaurus,lambeosaurus,Chordata,Reptilia,Ornithischia,Hadrosauridae,dinosaurs.csv
Lambeosaurus,lambeosaurus,Chordata,Reptilia,Ornithischia,Hadrosauridae,dinosaurs.csv
Lambeosaurus,lambeosaurus,Chordata,Reptilia,Ornithischia,Hadrosauridae,dinosaurs.csv
Psittacosaurus,psittacosaurus,Chordata,Reptilia,Ornithischia,Psittacosauridae,dinosaurs.csv
Micropachycephalosaurus,micropachycephalosaurus,Chordata,Reptilia,Ornithischia,,dinosaurs.csv
Udanoceratops,udanoceratops,Chordata,Reptilia,Ornithischia,Leptoceratopsidae,dinosaurs.csv
Protoceratops,protoceratops,Chordata,Reptilia,Ornithischia,,dinosaurs.csv
Bagaceratops,bagaceratops,Chordata,Reptilia,Ornithischia,,dinosaurs.csv
Stegosaurus,stegosaurus,Chordata,Reptilia,Ornithischia,Stegosauridae,dinosaurs.csv
Fruitadens,fruitadens,Chordata,Reptilia,Ornithischia,Heterodontosauridae,dinosaurs.csv
Brachyceratops,brachyceratops,Chordata,Reptilia,Ornithischia,Ceratopsidae,dinosaurs.csv
Kritosaurus,kritosaurus,Chordata,Reptilia,Ornithischia,Hadrosauridae,dinosaurs.csv
Microceratus,microceratus,Chordata,Reptilia,Ornithischia,Protoceratopsidae,dinosaurs.csv
Bactrosaurus,bactrosaurus,Chordata,Reptilia,Ornithischia,,dinosaurs.csv
Yinlong,yinlong,Chordata,Reptilia,Ornithischia,Chaoyangsauridae,dinosaurs.csv
Stegoceras,stegoceras,Chordata,Reptilia,Ornithischia,Pachycephalosauridae,dinosaurs.csv
Pachycephalosaurus,pachycephalosaurus,Chordata,Reptilia,Ornithischia,Pachycephalosauridae,dinosaurs.csv
Iguanodon,iguanodon,Chordata,Reptilia,Ornithischia,,dinosaurs.csv
Iguanodon,iguanodon,Chordata,Reptilia,Ornithischia,,dinosaurs.csv
Iguanodon,iguanodon,Chordata,Reptilia,Ornithischia,,dinosaurs.csv
Iguanodon,iguanodon,Chordata,Reptilia,Ornithischia,,dinosaurs.csv
Homalocephale,homalocephale,Chordata,Reptilia,Ornithischia,,dinosaurs.csv
Iguanodon,iguanodon,Chordata,Reptilia,Ornithischia,,dinosaurs.csv
Oryctodromeus,oryctodromeus,Chordata,Reptilia,Ornithischia,Thescelosauridae,dinosaurs.csv
Psittacosaurus,psittacosaurus,Chordata,Reptilia,Ornithischia,Psittacosauridae,dinosaurs.csv
Psittacosaurus,psittacosaurus,Chordata,Reptilia,Ornithischia,Psittacosauridae,dinosaurs.csv
Stegosaurus,stegosaurus,Chordata,Reptilia,Ornithischia,Stegosauridae,dinosaurs.csv
Eolambia,eolambia,Chordata,Reptilia,Ornithischia,,dinosaurs.csv
Eolambia,eolambia,Chordata,Reptilia,Ornithischia,,dinosaurs.csv
Eolambia,eolambia,Chordata,Reptilia,Ornithischia,,dinosaurs.csv
Eolambia,eolambia,Chordata,Reptilia,Ornithischia,,dinosaurs.csv
Eocursor,eocursor,Chordata,Reptilia,Ornithischia,,dinosaurs.csv
Cedrorestes,cedrorestes,Chordata,Reptilia,Ornithischia,,dinosaurs.csv
Brachylophosaurus,brachylophosaurus,Chordata,Reptilia,Ornithischia,Hadrosauridae,dinosaurs.csv
Triceratops,triceratops,Chordata,Reptilia,Ornithischia,Ceratopsidae,dinosaurs.csv
Leptoceratops,leptoceratops,Chordata,Reptilia,Ornithischia,Leptoceratopsidae,dinosaurs.csv
Leptoceratops,leptoceratops,Chordata,Reptilia,Ornithischia,Leptoceratopsidae,dinosaurs.csv
Anatotitan,anatotitan,Chordata,Reptilia,Ornithischia,Hadrosauridae,dinosaurs.csv
Lambeosaurus,lambeosaurus,Chordata,Reptilia,Ornithischia,Hadrosauridae,dinosaurs.csv
Thescelosaurus,thescelosaurus,Chordata,Reptilia,Ornithischia,Thescelosauridae,dinosaurs.csv
Triceratops,triceratops,Chordata,Reptilia,Ornithischia,Ceratopsidae,dinosaurs.csv
Dacentrurus,dacentrurus,Chordata,Reptilia,Ornithischia,Stegosauridae,dinosaurs.csv
Dryosaurus,dryosaurus,Chordata,Reptilia,Ornithischia,Dryosauridae,dinosaurs.csv
Iguanodon,iguanodon,Chordata,Reptilia,Ornithischia,,dinosaurs.csv
Iguanodon,iguanodon,Chordata,Reptilia,Ornithischia,,dinosaurs.csv
Iguanodon,iguanodon,Chordata,Reptilia,Ornithischia,,dinosaurs.csv
Iguanodon,iguanodon,Chordata,Reptilia,Ornithischia,,dinosaurs.csv
Centrosaurus,centrosaurus,Chordata,Reptilia,Ornithischia,Ceratopsidae,dinosaurs.csv
Prenocephale,prenocephale,Chordata,Reptilia,Ornithischia,Pachycephalosauridae,dinosaurs.csv
Thescelosaurus,thescelosaurus,Chordata,Reptilia,Ornithischia,Thescelosauridae,dinosaurs.csv
Anatotitan,anatotitan,Chordata,Reptilia,Ornithischia,Hadrosauridae,dinosaurs.csv
Triceratops,triceratops,Chordata,Reptilia,Ornithischia,Ceratopsidae,dinosaurs.csv
Heterodontosaurus,heterodontosaurus,Chordata,Reptilia,Ornithischia,Heterodontosauridae,dinosaurs.csv
Pachycephalosaurus,pachycephalosaurus,Chordata,Reptilia,Ornithischia,Pachycephalosauridae,dinosaurs.csv
Ankylosaurus,ankylosaurus,Chordata,Reptilia,Ornithischia,Ankylosauridae,dinosaurs.csv
Ankylosaurus,ankylosaurus,Chordata,Reptilia,Ornithischia,Ankylosauridae,dinosaurs.csv
Edmontonia,edmontonia,Chordata,Reptilia,Ornithischia,Nodosauridae,dinosaurs.csv
Ankylosaurus,ankylosaurus,Chordata,Reptilia,Ornithischia,Ankylosauridae,dinosaurs.csv
Edmontonia,edmontonia,Chordata,Reptilia,Ornithischia,Nodosauridae,dinosaurs.csv
Edmontonia,edmontonia,Chordata,Reptilia,Ornithischia,Nodosauridae,dinosaurs.csv
Ankylosaurus,ankylosaurus,Chordata,Reptilia,Ornithischia,Ankylosauridae,dinosaurs.csv
Ankylosaurus,ankylosaurus,Chordata,Reptilia,Ornithischia,Ankylosauridae,dinosaurs.csv
Edmontonia,edmontonia,Chordata,Reptilia,Ornithischia,Nodosauridae,dinosaurs.csv
Stegosaurus,stegosaurus,Chordata,Reptilia,Ornithischia,Stegosauridae,dinosaurs.csv
Gryposaurus,gryposaurus,Chordata,Reptilia,Ornithischia,Hadrosauridae,dinosaurs.csv
Psittacosaurus,psittacosaurus,Chordata,Reptilia,Ornithischia,Psittacosauridae,dinosaurs.csv
Eotriceratops,eotriceratops,Chordata,Reptilia,Ornithischia,Ceratopsidae,dinosaurs.csv
Monoclonius,monoclonius,Chordata,Reptilia,Ornithischia,Ceratopsidae,dinosaurs.csv
Psittacosaurus,psittacosaurus,Chordata,Reptilia,Ornithischia,Psittacosauridae,dinosaurs.csv
Valdosaurus,valdosaurus,Chordata,Reptilia,Ornithischia,Dryosauridae,dinosaurs.csv
Stegosaurus,stegosaurus,Chordata,Reptilia,Ornithischia,Stegosauridae,dinosaurs.csv
Loricatosaurus,loricatosaurus,Chordata,Reptilia,Ornithischia,Stegosauridae,dinosaurs.csv
Dacentrurus,dacentrurus,Chordata,Reptilia,Ornithischia,Stegosauridae,dinosaurs.csv
Levnesovia,levnesovia,Chordata,Reptilia,Ornithischia,,dinosaurs.csv
Dacentrurus,dacentrurus,Chordata,Reptilia,Ornithischia,Stegosauridae,dinosaurs.csv
Parasaurolophus,parasaurolophus,Chordata,Reptilia,Ornithischia,Hadrosauridae,dinosaurs.csv
Edmontosaurus,edmontosaurus,Chordata,Reptilia,Ornithischia,Hadrosauridae,dinosaurs.csv
Saurolophus,saurolophus,Chordata,Reptilia,Ornithischia,Hadrosauridae,dinosaurs.csv
Stegoceras,stegoceras,Chordata,Reptilia,Ornithischia,Pachycephalosauridae,dinosaurs.csv
Pentaceratops,pentaceratops,Chordata,Reptilia,Ornithischia,Ceratopsidae,dinosaurs.csv
Velafrons,velafrons,Chordata,Reptilia,Ornithischia,Hadrosauridae,dinosaurs.csv
Pachycephalosaurus,pachycephalosaurus,Chordata,Reptilia,Ornithischia,Pachycephalosauridae,dinosaurs.csv
Anasazisaurus,anasazisaurus,Chordata,Reptilia,Ornithischia,Hadrosauridae,dinosaurs.csv
Nodocephalosaurus,nodocephalosaurus,Chordata,Reptilia,Ornithischia,Ankylosauridae,dinosaurs.csv
Nodocephalosaurus,nodocephalosaurus,Chordata,Reptilia,Ornithischia,Ankylosauridae,dinosaurs.csv
Nodocephalosaurus,nodocephalosaurus,Chordata,Reptilia,Ornithischia,Ankylosauridae,dinosaurs.csv
Nodocephalosaurus,nodocephalosaurus,Chordata,Reptilia,Ornithischia,Ankylosauridae,dinosaurs.csv
Hylaeosaurus,hylaeosaurus,Chordata,Reptilia,Ornithischia,Nodosauridae,dinosaurs.csv
Styracosaurus,styracosaurus,Chordata,Reptilia,Ornithischia,Ceratopsidae,dinosaurs.csv
Styracosaurus,styracosaurus,Chordata,Reptilia,Ornithischia,Ceratopsidae,dinosaurs.csv
Styracosaurus,styracosaurus,Chordata,Reptilia,Ornithischia,Ceratopsidae,dinosaurs.csv
Styracosaurus,styracosaurus,Chordata,Reptilia,Ornithischia,Ceratopsidae,dinosaurs.csv
Sahaliyania,sahaliyania,Chordata,Reptilia,Ornithischia,Hadrosauridae,dinosaurs.csv
Wulagasaurus,wulagasaurus,Chordata,Reptilia,Ornithischia,Hadrosauridae,dinosaurs.csv
Protoceratops,protoceratops,Chordata,Reptilia,Ornithischia,,dinosaurs.csv
Zhongyuanosaurus,zhongyuanosaurus,Chordata,Reptilia,Ornithischia,Ankylosauridae,dinosaurs.csv
Edmontonia,edmontonia,Chordata,Reptilia,Ornithischia,Nodosauridae,dinosaurs.csv
Talarurus,talarurus,Chordata,Reptilia,Ornithischia,Ankylosauridae,dinosaurs.csv
Pinacosaurus,pinacosaurus,Chordata,Reptilia,Ornithischia,Ankylosauridae,dinosaurs.csv
Psittacosaurus,psittacosaurus,Chordata,Reptilia,Ornithischia,Psittacosauridae,dinosaurs.csv
Tarchia,tarchia,Chordata,Reptilia,Ornithischia,Ankylosauridae,dinosaurs.csv
Shamosaurus,shamosaurus,Chordata,Reptilia,Ornithischia,Ankylosauridae,dinosaurs.csv
Saichania,saichania,Chordata,Reptilia,Ornithischia,Ankylosauridae,dinosaurs.csv
Amtosaurus,amtosaurus,Chordata,Reptilia,Ornithischia,,dinosaurs.csv
Pinacosaurus,pinacosaurus,Chordata,Reptilia,Ornithischia,Ankylosauridae,dinosaurs.csv
Yamaceratops,yamaceratops,Chordata,Reptilia,Ornithischia,,dinosaurs.csv
Iguanodon,iguanodon,Chordata,Reptilia,Ornithischia,,dinosaurs.csv
Iguanodon,iguanodon,Chordata,Reptilia,Ornithischia,,dinosaurs.csv
Iguanodon,iguanodon,Chordata,Reptilia,Ornithischia,,dinosaurs.csv
Hylaeosaurus,hylaeosaurus,Chordata,Reptilia,Ornithischia,Nodosauridae,dinosaurs.csv
Iguanodon,iguanodon,Chordata,Reptilia,Ornithischia,,dinosaurs.csv
Zalmoxes,zalmoxes,Chordata,Reptilia,Ornithischia,Rhabdodontidae,dinosaurs.csv
Telmatosaurus,telmatosaurus,Chordata,Reptilia,Ornithischia,Hadrosauridae,dinosaurs.csv
Struthiosaurus,struthiosaurus,Chordata,Reptilia,Ornithischia,Nodosauridae,dinosaurs.csv
Triceratops,triceratops,Chordata,Reptilia,Ornithischia,Ceratopsidae,dinosaurs.csv
Triceratops,triceratops,Chordata,Reptilia,Ornithischia,Ceratopsidae,dinosaurs.csv
Gasparinisaura,gasparinisaura,Chordata,Reptilia,Ornithischia,,dinosaurs.csv
Iguanodon,iguanodon,Chordata,Reptilia,Ornithischia,,dinosaurs.csv
Iguanodon,iguanodon,Chordata,Reptilia,Ornithischia,,dinosaurs.csv
Dinehichnus,dinehichnus,Chordata,Reptilia,Ornithischia,,dinosaurs.csv
Psittacosaurus,psittacosaurus,Chordata,Reptilia,Ornithischia,Psittacosauridae,dinosaurs.csv
Changchunsaurus,changchunsaurus,Chordata,Reptilia,Ornithischia,Thescelosauridae,dinosaurs.csv
Helioceratops,helioceratops,Chordata,Reptilia,Ornithischia,,dinosaurs.csv
Edmontosaurus,edmontosaurus,Chordata,Reptilia,Ornithischia,Hadrosauridae,dinosaurs.csv
Lanzhousaurus,lanzhousaurus,Chordata,Reptilia,Ornithischia,,dinosaurs.csv
Pinacosaurus,pinacosaurus,Chordata,Reptilia,Ornithischia,Ankylosauridae,dinosaurs.csv
Diabloceratops,diabloceratops,Chordata,Reptilia,Ornithischia,Ceratopsidae,dinosaurs.csv
Diabloceratops,diabloceratops,Chordata,Reptilia,Ornithischia,Ceratopsidae,dinosaurs.csv
Edmontosaurus,edmontosaurus,Chordata,Reptilia,Ornithischia,Hadrosauridae,dinosaurs.csv
Scelidosaurus,scelidosaurus,Chordata,Reptilia,Ornithischia,,dinosaurs.csv
Triceratops,triceratops,Chordata,Reptilia,Ornithischia,Ceratopsidae,dinosaurs.csv
Heterodontosaurus,heterodontosaurus,Chordata,Reptilia,Ornithischia,Heterodontosauridae,dinosaurs.csv
Rhabdodon,rhabdodon,Chordata,Reptilia,Ornithischia,Rhabdodontidae,dinosaurs.csv
Thescelosaurus,thescelosaurus,Chordata,Reptilia,Ornithischia,Thescelosauridae,dinosaurs.csv
Delatorrichnus,delatorrichnus,Chordata,Reptilia,Ornithischia,,dinosaurs.csv
Tridigitichnus,tridigitichnus,Chordata,Reptilia,Ornithischia,Hadrosauridae,dinosaurs.csv
Staurichnium,staurichnium,Chordata,Reptilia,Ornithischia,,dinosaurs.csv
Platyceratops,platyceratops,Chordata,Reptilia,Ornithischia,Bagaceratopsidae,dinosaurs.csv
Hypacrosaurus,hypacrosaurus,Chordata,Reptilia,Ornithischia,Hadrosauridae,dinosaurs.csv
Vagaceratops,vagaceratops,Chordata,Reptilia,Ornithischia,Ceratopsidae,dinosaurs.csv
Dinosauropodes,dinosauropodes,Chordata,Reptilia,Ornithischia,,dinosaurs.csv
Miragaia,miragaia,Chordata,Reptilia,Ornithischia,Stegosauridae,dinosaurs.csv
Pachyrhinosaurus,pachyrhinosaurus,Chordata,Reptilia,Ornithischia,Ceratopsidae,dinosaurs.csv
Psittacosaurus,psittacosaurus,Chordata,Reptilia,Ornithischia,Psittacosauridae,dinosaurs.csv
Rhabdodon,rhabdodon,Chordata,Reptilia,Ornithischia,Rhabdodontidae,dinosaurs.csv
Rhabdodon,rhabdodon,Chordata,Reptilia,Ornithischia,Rhabdodontidae,dinosaurs.csv
Pachycephalosaurus,pachycephalosaurus,Chordata,Reptilia,Ornithischia,Pachycephalosauridae,dinosaurs.csv
Pachycephalosaurus,pachycephalosaurus,Chordata,Reptilia,Ornithischia,Pachycephalosauridae,dinosaurs.csv
Triceratops,triceratops,Chordata,Reptilia,Ornithischia,Ceratopsidae,dinosaurs.csv
Cedarpelta,cedarpelta,Chordata,Reptilia,Ornithischia,Ankylosauridae,dinosaurs.csv
Mantellisaurus,mantellisaurus,Chordata,Reptilia,Ornithischia,Iguanodontidae,dinosaurs.csv
Iguanodon,iguanodon,Chordata,Reptilia,Ornithischia,,dinosaurs.csv
Iguanodon,iguanodon,Chordata,Reptilia,Ornithischia,,dinosaurs.csv
Iguanodon,iguanodon,Chordata,Reptilia,Ornithischia,,dinosaurs.csv
Iguanodon,iguanodon,Chordata,Reptilia,Ornithischia,,dinosaurs.csv
Iguanodon,iguanodon,Chordata,Reptilia,Ornithischia,,dinosaurs.csv
Iguanodon,iguanodon,Chordata,Reptilia,Ornithischia,,dinosaurs.csv
Angulomastacator,angulomastacator,Chordata,Reptilia,Ornithischia,Hadrosauridae,dinosaurs.csv
Psittacosaurus,psittacosaurus,Chordata,Reptilia,Ornithischia,Psittacosauridae,dinosaurs.csv
Tenontosaurus,tenontosaurus,Chordata,Reptilia,Ornithischia,,dinosaurs.csv
Rhabdodon,rhabdodon,Chordata,Reptilia,Ornithischia,Rhabdodontidae,dinosaurs.csv
Rhabdodon,rhabdodon,Chordata,Reptilia,Ornithischia,Rhabdodontidae,dinosaurs.csv
Crichtonsaurus,crichtonsaurus,Chordata,Reptilia,Ornithischia,Ankylosauridae,dinosaurs.csv
Crichtonsaurus,crichtonsaurus,Chordata,Reptilia,Ornithischia,Ankylosauridae,dinosaurs.csv
Psittacosaurus,psittacosaurus,Chordata,Reptilia,Ornithischia,Psittacosauridae,dinosaurs.csv
Jiangjunosaurus,jiangjunosaurus,Chordata,Reptilia,Ornithischia,Stegosauridae,dinosaurs.csv
Nanningosaurus,nanningosaurus,Chordata,Reptilia,Ornithischia,Hadrosauridae,dinosaurs.csv
Xuanhuaceratops,xuanhuaceratops,Chordata,Reptilia,Ornithischia,Chaoyangsauridae,dinosaurs.csv
Zhejiangosaurus,zhejiangosaurus,Chordata,Reptilia,Ornithischia,Nodosauridae,dinosaurs.csv
Pachycephalosaurus,pachycephalosaurus,Chordata,Reptilia,Ornithischia,Pachycephalosauridae,dinosaurs.csv
Edmontosaurus,edmontosaurus,Chordata,Reptilia,Ornithischia,Hadrosauridae,dinosaurs.csv
Dacentrurus,dacentrurus,Chordata,Reptilia,Ornithischia,Stegosauridae,dinosaurs.csv
Zhuchengosaurus,zhuchengosaurus,Chordata,Reptilia,Ornithischia,Hadrosauridae,dinosaurs.csv
Corvipes,corvipes,Chordata,Reptilia,Ornithischia,Anomoepodidae,dinosaurs.csv
Apatichnus,apatichnus,Chordata,Reptilia,Ornithischia,Anomoepodidae,dinosaurs.csv
Corvipes,corvipes,Chordata,Reptilia,Ornithischia,Anomoepodidae,dinosaurs.csv
Corvipes,corvipes,Chordata,Reptilia,Ornithischia,Anomoepodidae,dinosaurs.csv
Apatichnus,apatichnus,Chordata,Reptilia,Ornithischia,Anomoepodidae,dinosaurs.csv
Apatichnus,apatichnus,Chordata,Reptilia,Ornithischia,Anomoepodidae,dinosaurs.csv
Corvipes,corvipes,Chordata,Reptilia,Ornithischia,Anomoepodidae,dinosaurs.csv
Rhabdodon,rhabdodon,Chordata,Reptilia,Ornithischia,Rhabdodontidae,dinosaurs.csv
Rhabdodon,rhabdodon,Chordata,Reptilia,Ornithischia,Rhabdodontidae,dinosaurs.csv
Tatankacephalus,tatankacephalus,Chordata,Reptilia,Ornithischia,Nodosauridae,dinosaurs.csv
Iguanodon,iguanodon,Chordata,Reptilia,Ornithischia,,dinosaurs.csv
Hypselospinus,hypselospinus,Chordata,Reptilia,Ornithischia,,dinosaurs.csv
Iguanodon,iguanodon,Chordata,Reptilia,Ornithischia,,dinosaurs.csv
Fruitadens,fruitadens,Chordata,Reptilia,Ornithischia,Heterodontosauridae,dinosaurs.csv
Fruitadens,fruitadens,Chordata,Reptilia,Ornithischia,Heterodontosauridae,dinosaurs.csv
Orcauichnites,orcauichnites,Chordata,Reptilia,Ornithischia,Iguanodontidae,dinosaurs.csv
Ornithopodichnites,ornithopodichnites,Chordata,Reptilia,Ornithischia,,dinosaurs.csv
Iguanodon,iguanodon,Chordata,Reptilia,Ornithischia,,dinosaurs.csv
Scelidosaurus,scelidosaurus,Chordata,Reptilia,Ornithischia,,dinosaurs.csv
Auroraceratops,auroraceratops,Chordata,Reptilia,Ornithischia,,dinosaurs.csv
Psittacosaurus,psittacosaurus,Chordata,Reptilia,Ornithischia,Psittacosauridae,dinosaurs.csv
Bissektipelta,bissektipelta,Chordata,Reptilia,Ornithischia,,dinosaurs.csv
Valdosaurus,valdosaurus,Chordata,Reptilia,Ornithischia,Dryosauridae,dinosaurs.csv
Penelopognathus,penelopognathus,Chordata,Reptilia,Ornithischia,,dinosaurs.csv
Maiasaura,maiasaura,Chordata,Reptilia,Ornithischia,Hadrosauridae,dinosaurs.csv
Psittacosaurus,psittacosaurus,Chordata,Reptilia,Ornithischia,Psittacosauridae,dinosaurs.csv
Psittacosaurus,psittacosaurus,Chordata,Reptilia,Ornithischia,Psittacosauridae,dinosaurs.csv
Neoanomoepus,neoanomoepus,Chordata,Reptilia,Ornithischia,Anomoepodidae,dinosaurs.csv
Bagaceratops,bagaceratops,Chordata,Reptilia,Ornithischia,,dinosaurs.csv
Edmontosaurus,edmontosaurus,Chordata,Reptilia,Ornithischia,Hadrosauridae,dinosaurs.csv
Magnirostris,magnirostris,Chordata,Reptilia,Ornithischia,Protoceratopsidae,dinosaurs.csv
Texacephale,texacephale,Chordata,Reptilia,Ornithischia,Pachycephalosauridae,dinosaurs.csv
Texacephale,texacephale,Chordata,Reptilia,Ornithischia,Pachycephalosauridae,dinosaurs.csv
Agujaceratops,agujaceratops,Chordata,Reptilia,Ornithischia,Ceratopsidae,dinosaurs.csv
Ornithopodichnus,ornithopodichnus,Chordata,Reptilia,Ornithischia,Iguanodontidae,dinosaurs.csv
Valdosaurus,valdosaurus,Chordata,Reptilia,Ornithischia,Dryosauridae,dinosaurs.csv
Ajkaceratops,ajkaceratops,Chordata,Reptilia,Ornithischia,,dinosaurs.csv
Pachyrhinosaurus,pachyrhinosaurus,Chordata,Reptilia,Ornithischia,Ceratopsidae,dinosaurs.csv
Barilium,barilium,Chordata,Reptilia,Ornithischia,Iguanodontidae,dinosaurs.csv
Pachyrhinosaurus,pachyrhinosaurus,Chordata,Reptilia,Ornithischia,Ceratopsidae,dinosaurs.csv
Pachyrhinosaurus,pachyrhinosaurus,Chordata,Reptilia,Ornithischia,Ceratopsidae,dinosaurs.csv
Scelidosaurus,scelidosaurus,Chordata,Reptilia,Ornithischia,,dinosaurs.csv
Gryposaurus,gryposaurus,Chordata,Reptilia,Ornithischia,Hadrosauridae,dinosaurs.csv
Iguanodon,iguanodon,Chordata,Reptilia,Ornithischia,,dinosaurs.csv
Polacanthus,polacanthus,Chordata,Reptilia,Ornithischia,Nodosauridae,dinosaurs.csv
Hylaeosaurus,hylaeosaurus,Chordata,Reptilia,Ornithischia,Nodosauridae,dinosaurs.csv
Polacanthus,polacanthus,Chordata,Reptilia,Ornithischia,Nodosauridae,dinosaurs.csv
Zalmoxes,zalmoxes,Chordata,Reptilia,Ornithischia,Rhabdodontidae,dinosaurs.csv
Struthiosaurus,struthiosaurus,Chordata,Reptilia,Ornithischia,Nodosauridae,dinosaurs.csv
Rhabdodon,rhabdodon,Chordata,Reptilia,Ornithischia,Rhabdodontidae,dinosaurs.csv
Mochlodon,mochlodon,Chordata,Reptilia,Ornithischia,Rhabdodontidae,dinosaurs.csv
Zalmoxes,zalmoxes,Chordata,Reptilia,Ornithischia,Rhabdodontidae,dinosaurs.csv
Telmatosaurus,telmatosaurus,Chordata,Reptilia,Ornithischia,Hadrosauridae,dinosaurs.csv
Zalmoxes,zalmoxes,Chordata,Reptilia,Ornithischia,Rhabdodontidae,dinosaurs.csv
Sinoceratops,sinoceratops,Chordata,Reptilia,Ornithischia,Ceratopsidae,dinosaurs.csv
Huaxiaosaurus,huaxiaosaurus,Chordata,Reptilia,Ornithischia,Hadrosauridae,dinosaurs.csv
Jaxartosaurus,jaxartosaurus,Chordata,Reptilia,Ornithischia,Hadrosauridae,dinosaurs.csv
Gilmoreosaurus,gilmoreosaurus,Chordata,Reptilia,Ornithischia,,dinosaurs.csv
Psittacosaurus,psittacosaurus,Chordata,Reptilia,Ornithischia,Psittacosauridae,dinosaurs.csv
Archaeoceratops,archaeoceratops,Chordata,Reptilia,Ornithischia,,dinosaurs.csv
Prenoceratops,prenoceratops,Chordata,Reptilia,Ornithischia,Leptoceratopsidae,dinosaurs.csv
Coahuilaceratops,coahuilaceratops,Chordata,Reptilia,Ornithischia,Ceratopsidae,dinosaurs.csv
Triceratops,triceratops,Chordata,Reptilia,Ornithischia,Ceratopsidae,dinosaurs.csv
Triceratops,triceratops,Chordata,Reptilia,Ornithischia,Ceratopsidae,dinosaurs.csv
Medusaceratops,medusaceratops,Chordata,Reptilia,Ornithischia,Ceratopsidae,dinosaurs.csv
Triceratops,triceratops,Chordata,Reptilia,Ornithischia,Ceratopsidae,dinosaurs.csv
Nasutoceratops,nasutoceratops,Chordata,Reptilia,Ornithischia,Ceratopsidae,dinosaurs.csv
Zalmoxes,zalmoxes,Chordata,Reptilia,Ornithischia,Rhabdodontidae,dinosaurs.csv
Zalmoxes,zalmoxes,Chordata,Reptilia,Ornithischia,Rhabdodontidae,dinosaurs.csv
Cedarpelta,cedarpelta,Chordata,Reptilia,Ornithischia,Ankylosauridae,dinosaurs.csv
Eolambia,eolambia,Chordata,Reptilia,Ornithischia,,dinosaurs.csv
Iguanacolossus,iguanacolossus,Chordata,Reptilia,Ornithischia,,dinosaurs.csv
Limayichnus,limayichnus,Chordata,Reptilia,Ornithischia,Iguanodontidae,dinosaurs.csv
Bonaparteichnium,bonaparteichnium,Chordata,Reptilia,Ornithischia,,dinosaurs.csv
Sousaichnium,sousaichnium,Chordata,Reptilia,Ornithischia,Iguanodontidae,dinosaurs.csv
Limayichnus,limayichnus,Chordata,Reptilia,Ornithischia,Iguanodontidae,dinosaurs.csv
Koreanosaurus,koreanosaurus,Chordata,Reptilia,Ornithischia,,dinosaurs.csv
Koreanosaurus,koreanosaurus,Chordata,Reptilia,Ornithischia,,dinosaurs.csv
Kritosaurus,kritosaurus,Chordata,Reptilia,Ornithischia,Hadrosauridae,dinosaurs.csv
Zhuchengceratops,zhuchengceratops,Chordata,Reptilia,Ornithischia,Leptoceratopsidae,dinosaurs.csv
Triceratops,triceratops,Chordata,Reptilia,Ornithischia,Ceratopsidae,dinosaurs.csv
Hypsilophodon,hypsilophodon,Chordata,Reptilia,Ornithischia,Hypsilophodontidae,dinosaurs.csv
Ouranosaurus,ouranosaurus,Chordata,Reptilia,Ornithischia,,dinosaurs.csv
Saurolophus,saurolophus,Chordata,Reptilia,Ornithischia,Hadrosauridae,dinosaurs.csv
Saurolophus,saurolophus,Chordata,Reptilia,Ornithischia,Hadrosauridae,dinosaurs.csv
Bolong,bolong,Chordata,Reptilia,Ornithischia,Iguanodontidae,dinosaurs.csv
Cerasinops,cerasinops,Chordata,Reptilia,Ornithischia,Leptoceratopsidae,dinosaurs.csv
Triceratops,triceratops,Chordata,Reptilia,Ornithischia,Ceratopsidae,dinosaurs.csv
Tenontosaurus,tenontosaurus,Chordata,Reptilia,Ornithischia,,dinosaurs.csv
Tianyulong,tianyulong,Chordata,Reptilia,Ornithischia,Heterodontosauridae,dinosaurs.csv
Tenontosaurus,tenontosaurus,Chordata,Reptilia,Ornithischia,,dinosaurs.csv
Koreaceratops,koreaceratops,Chordata,Reptilia,Ornithischia,,dinosaurs.csv
Jintasaurus,jintasaurus,Chordata,Reptilia,Ornithischia,,dinosaurs.csv
Xuwulong,xuwulong,Chordata,Reptilia,Ornithischia,,dinosaurs.csv
Haya,haya,Chordata,Reptilia,Ornithischia,Thescelosauridae,dinosaurs.csv
Telmatosaurus,telmatosaurus,Chordata,Reptilia,Ornithischia,Hadrosauridae,dinosaurs.csv
Zalmoxes,zalmoxes,Chordata,Reptilia,Ornithischia,Rhabdodontidae,dinosaurs.csv
Gobiceratops,gobiceratops,Chordata,Reptilia,Ornithischia,Bagaceratopsidae,dinosaurs.csv
Gregaripus,gregaripus,Chordata,Reptilia,Ornithischia,,dinosaurs.csv
Hippodraco,hippodraco,Chordata,Reptilia,Ornithischia,,dinosaurs.csv
Barilium,barilium,Chordata,Reptilia,Ornithischia,Iguanodontidae,dinosaurs.csv
Claosaurus,claosaurus,Chordata,Reptilia,Ornithischia,,dinosaurs.csv
Udanoceratops,udanoceratops,Chordata,Reptilia,Ornithischia,Leptoceratopsidae,dinosaurs.csv
Manidens,manidens,Chordata,Reptilia,Ornithischia,Heterodontosauridae,dinosaurs.csv
Edmontonia,edmontonia,Chordata,Reptilia,Ornithischia,Nodosauridae,dinosaurs.csv
Edmontonia,edmontonia,Chordata,Reptilia,Ornithischia,Nodosauridae,dinosaurs.csv
Triceratops,triceratops,Chordata,Reptilia,Ornithischia,Ceratopsidae,dinosaurs.csv
Triceratops,triceratops,Chordata,Reptilia,Ornithischia,Ceratopsidae,dinosaurs.csv
Triceratops,triceratops,Chordata,Reptilia,Ornithischia,Ceratopsidae,dinosaurs.csv
Dinehichnus,dinehichnus,Chordata,Reptilia,Ornithischia,,dinosaurs.csv
Rhabdodon,rhabdodon,Chordata,Reptilia,Ornithischia,Rhabdodontidae,dinosaurs.csv
Rhabdodon,rhabdodon,Chordata,Reptilia,Ornithischia,Rhabdodontidae,dinosaurs.csv
Telmatosaurus,telmatosaurus,Chordata,Reptilia,Ornithischia,Hadrosauridae,dinosaurs.csv
Struthiosaurus,struthiosaurus,Chordata,Reptilia,Ornithischia,Nodosauridae,dinosaurs.csv
Telmatosaurus,telmatosaurus,Chordata,Reptilia,Ornithischia,Hadrosauridae,dinosaurs.csv
Zalmoxes,zalmoxes,Chordata,Reptilia,Ornithischia,Rhabdodontidae,dinosaurs.csv
Struthiosaurus,struthiosaurus,Chordata,Reptilia,Ornithischia,Nodosauridae,dinosaurs.csv
Zalmoxes,zalmoxes,Chordata,Reptilia,Ornithischia,Rhabdodontidae,dinosaurs.csv
Struthiosaurus,struthiosaurus,Chordata,Reptilia,Ornithischia,Nodosauridae,dinosaurs.csv
Telmatosaurus,telmatosaurus,Chordata,Reptilia,Ornithischia,Hadrosauridae,dinosaurs.csv
Zalmoxes,zalmoxes,Chordata,Reptilia,Ornithischia,Rhabdodontidae,dinosaurs.csv
Mochlodon,mochlodon,Chordata,Reptilia,Ornithischia,Rhabdodontidae,dinosaurs.csv
Zalmoxes,zalmoxes,Chordata,Reptilia,Ornithischia,Rhabdodontidae,dinosaurs.csv
Telmatosaurus,telmatosaurus,Chordata,Reptilia,Ornithischia,Hadrosauridae,dinosaurs.csv
Zalmoxes,zalmoxes,Chordata,Reptilia,Ornithischia,Rhabdodontidae,dinosaurs.csv
Zalmoxes,zalmoxes,Chordata,Reptilia,Ornithischia,Rhabdodontidae,dinosaurs.csv
Bagaceratops,bagaceratops,Chordata,Reptilia,Ornithischia,,dinosaurs.csv
Mantellisaurus,mantellisaurus,Chordata,Reptilia,Ornithischia,Iguanodontidae,dinosaurs.csv
Iguanodon,iguanodon,Chordata,Reptilia,Ornithischia,,dinosaurs.csv
Iguanodon,iguanodon,Chordata,Reptilia,Ornithischia,,dinosaurs.csv
Acristavus,acristavus,Chordata,Reptilia,Ornithischia,Hadrosauridae,dinosaurs.csv
Acristavus,acristavus,Chordata,Reptilia,Ornithischia,Hadrosauridae,dinosaurs.csv
Spinops,spinops,Chordata,Reptilia,Ornithischia,Ceratopsidae,dinosaurs.csv
Dinehichnus,dinehichnus,Chordata,Reptilia,Ornithischia,,dinosaurs.csv
Propanoplosaurus,propanoplosaurus,Chordata,Reptilia,Ornithischia,Nodosauridae,dinosaurs.csv
Triceratops,triceratops,Chordata,Reptilia,Ornithischia,Ceratopsidae,dinosaurs.csv
Triceratops,triceratops,Chordata,Reptilia,Ornithischia,Ceratopsidae,dinosaurs.csv
Gryphoceratops,gryphoceratops,Chordata,Reptilia,Ornithischia,Leptoceratopsidae,dinosaurs.csv
Ankylosaurus,ankylosaurus,Chordata,Reptilia,Ornithischia,Ankylosauridae,dinosaurs.csv
Shenmuichnus,shenmuichnus,Chordata,Reptilia,Ornithischia,Anomoepodidae,dinosaurs.csv
Shenmuichnus,shenmuichnus,Chordata,Reptilia,Ornithischia,Anomoepodidae,dinosaurs.csv
Stegosaurus,stegosaurus,Chordata,Reptilia,Ornithischia,Stegosauridae,dinosaurs.csv
Camptosaurus,camptosaurus,Chordata,Reptilia,Ornithischia,,dinosaurs.csv
Othnielosaurus,othnielosaurus,Chordata,Reptilia,Ornithischia,,dinosaurs.csv
Kundurosaurus,kundurosaurus,Chordata,Reptilia,Ornithischia,Hadrosauridae,dinosaurs.csv
Protoceratops,protoceratops,Chordata,Reptilia,Ornithischia,,dinosaurs.csv
Protoceratops,protoceratops,Chordata,Reptilia,Ornithischia,,dinosaurs.csv
Mandschurosaurus,mandschurosaurus,Chordata,Reptilia,Ornithischia,Hadrosauridae,dinosaurs.csv
Tsagantegia,tsagantegia,Chordata,Reptilia,Ornithischia,Ankylosauridae,dinosaurs.csv
Bactrosaurus,bactrosaurus,Chordata,Reptilia,Ornithischia,,dinosaurs.csv
Protoceratops,protoceratops,Chordata,Reptilia,Ornithischia,,dinosaurs.csv
Pinacosaurus,pinacosaurus,Chordata,Reptilia,Ornithischia,Ankylosauridae,dinosaurs.csv
Bagaceratops,bagaceratops,Chordata,Reptilia,Ornithischia,,dinosaurs.csv
Tarchia,tarchia,Chordata,Reptilia,Ornithischia,Ankylosauridae,dinosaurs.csv
Huehuecanauhtlus,huehuecanauhtlus,Chordata,Reptilia,Ornithischia,,dinosaurs.csv
Ratchasimasaurus,ratchasimasaurus,Chordata,Reptilia,Ornithischia,,dinosaurs.csv
Kosmoceratops,kosmoceratops,Chordata,Reptilia,Ornithischia,Ceratopsidae,dinosaurs.csv
Utahceratops,utahceratops,Chordata,Reptilia,Ornithischia,Ceratopsidae,dinosaurs.csv
Batyrosaurus,batyrosaurus,Chordata,Reptilia,Ornithischia,,dinosaurs.csv
Sousaichnium,sousaichnium,Chordata,Reptilia,Ornithischia,Iguanodontidae,dinosaurs.csv
Mochlodon,mochlodon,Chordata,Reptilia,Ornithischia,Rhabdodontidae,dinosaurs.csv
Hypacrosaurus,hypacrosaurus,Chordata,Reptilia,Ornithischia,Hadrosauridae,dinosaurs.csv
Hypacrosaurus,hypacrosaurus,Chordata,Reptilia,Ornithischia,Hadrosauridae,dinosaurs.csv
Parksosaurus,parksosaurus,Chordata,Reptilia,Ornithischia,Thescelosauridae,dinosaurs.csv
Hypacrosaurus,hypacrosaurus,Chordata,Reptilia,Ornithischia,Hadrosauridae,dinosaurs.csv
Hypacrosaurus,hypacrosaurus,Chordata,Reptilia,Ornithischia,Hadrosauridae,dinosaurs.csv
Xenoceratops,xenoceratops,Chordata,Reptilia,Ornithischia,Ceratopsidae,dinosaurs.csv
Callovosaurus,callovosaurus,Chordata,Reptilia,Ornithischia,Dryosauridae,dinosaurs.csv
Proa,proa,Chordata,Reptilia,Ornithischia,,dinosaurs.csv
Iguanodon,iguanodon,Chordata,Reptilia,Ornithischia,,dinosaurs.csv
Heterodontosaurus,heterodontosaurus,Chordata,Reptilia,Ornithischia,Heterodontosauridae,dinosaurs.csv
Pegomastax,pegomastax,Chordata,Reptilia,Ornithischia,Heterodontosauridae,dinosaurs.csv
Heterodontosaurus,heterodontosaurus,Chordata,Reptilia,Ornithischia,Heterodontosauridae,dinosaurs.csv
Lycorhinus,lycorhinus,Chordata,Reptilia,Ornithischia,Heterodontosauridae,dinosaurs.csv
Lycorhinus,lycorhinus,Chordata,Reptilia,Ornithischia,Heterodontosauridae,dinosaurs.csv
Zephyrosaurus,zephyrosaurus,Chordata,Reptilia,Ornithischia,Thescelosauridae,dinosaurs.csv
Zephyrosaurus,zephyrosaurus,Chordata,Reptilia,Ornithischia,Thescelosauridae,dinosaurs.csv
Tenontosaurus,tenontosaurus,Chordata,Reptilia,Ornithischia,,dinosaurs.csv
Sauropelta,sauropelta,Chordata,Reptilia,Ornithischia,Nodosauridae,dinosaurs.csv
Zephyrosaurus,zephyrosaurus,Chordata,Reptilia,Ornithischia,Thescelosauridae,dinosaurs.csv
Sauropelta,sauropelta,Chordata,Reptilia,Ornithischia,Nodosauridae,dinosaurs.csv
Tenontosaurus,tenontosaurus,Chordata,Reptilia,Ornithischia,,dinosaurs.csv
Tenontosaurus,tenontosaurus,Chordata,Reptilia,Ornithischia,,dinosaurs.csv
Triceratops,triceratops,Chordata,Reptilia,Ornithischia,Ceratopsidae,dinosaurs.csv
Triceratops,triceratops,Chordata,Reptilia,Ornithischia,Ceratopsidae,dinosaurs.csv
Amtocephale,amtocephale,Chordata,Reptilia,Ornithischia,Pachycephalosauridae,dinosaurs.csv
Psittacosaurus,psittacosaurus,Chordata,Reptilia,Ornithischia,Psittacosauridae,dinosaurs.csv
Trinisaura,trinisaura,Chordata,Reptilia,Ornithischia,,dinosaurs.csv
Stegosaurus,stegosaurus,Chordata,Reptilia,Ornithischia,Stegosauridae,dinosaurs.csv
Parasaurolophus,parasaurolophus,Chordata,Reptilia,Ornithischia,Hadrosauridae,dinosaurs.csv
Oohkotokia,oohkotokia,Chordata,Reptilia,Ornithischia,Ankylosauridae,dinosaurs.csv
Heterodontosaurus,heterodontosaurus,Chordata,Reptilia,Ornithischia,Heterodontosauridae,dinosaurs.csv
Telmatosaurus,telmatosaurus,Chordata,Reptilia,Ornithischia,Hadrosauridae,dinosaurs.csv
Mantellisaurus,mantellisaurus,Chordata,Reptilia,Ornithischia,Iguanodontidae,dinosaurs.csv
Tarchia,tarchia,Chordata,Reptilia,Ornithischia,Ankylosauridae,dinosaurs.csv
Komlosaurus,komlosaurus,Chordata,Reptilia,Ornithischia,,dinosaurs.csv
Komlosaurus,komlosaurus,Chordata,Reptilia,Ornithischia,,dinosaurs.csv
Rhabdodon,rhabdodon,Chordata,Reptilia,Ornithischia,Rhabdodontidae,dinosaurs.csv
Rhabdodon,rhabdodon,Chordata,Reptilia,Ornithischia,Rhabdodontidae,dinosaurs.csv
Mantellisaurus,mantellisaurus,Chordata,Reptilia,Ornithischia,Iguanodontidae,dinosaurs.csv
Mantellisaurus,mantellisaurus,Chordata,Reptilia,Ornithischia,Iguanodontidae,dinosaurs.csv
Rhabdodon,rhabdodon,Chordata,Reptilia,Ornithischia,Rhabdodontidae,dinosaurs.csv
Rhabdodon,rhabdodon,Chordata,Reptilia,Ornithischia,Rhabdodontidae,dinosaurs.csv
Hypsilophodon,hypsilophodon,Chordata,Reptilia,Ornithischia,Hypsilophodontidae,dinosaurs.csv
Dryosaurus,dryosaurus,Chordata,Reptilia,Ornithischia,Dryosauridae,dinosaurs.csv
Dryosaurus,dryosaurus,Chordata,Reptilia,Ornithischia,Dryosauridae,dinosaurs.csv
Thescelosaurus,thescelosaurus,Chordata,Reptilia,Ornithischia,Thescelosauridae,dinosaurs.csv
Edmontosaurus,edmontosaurus,Chordata,Reptilia,Ornithischia,Hadrosauridae,dinosaurs.csv
Edmontosaurus,edmontosaurus,Chordata,Reptilia,Ornithischia,Hadrosauridae,dinosaurs.csv
Edmontosaurus,edmontosaurus,Chordata,Reptilia,Ornithischia,Hadrosauridae,dinosaurs.csv
Edmontosaurus,edmontosaurus,Chordata,Reptilia,Ornithischia,Hadrosauridae,dinosaurs.csv
Edmontosaurus,edmontosaurus,Chordata,Reptilia,Ornithischia,Hadrosauridae,dinosaurs.csv
Gryposaurus,gryposaurus,Chordata,Reptilia,Ornithischia,Hadrosauridae,dinosaurs.csv
Hypacrosaurus,hypacrosaurus,Chordata,Reptilia,Ornithischia,Hadrosauridae,dinosaurs.csv
Corythosaurus,corythosaurus,Chordata,Reptilia,Ornithischia,Hadrosauridae,dinosaurs.csv
Triceratops,triceratops,Chordata,Reptilia,Ornithischia,Ceratopsidae,dinosaurs.csv
Triceratops,triceratops,Chordata,Reptilia,Ornithischia,Ceratopsidae,dinosaurs.csv
Triceratops,triceratops,Chordata,Reptilia,Ornithischia,Ceratopsidae,dinosaurs.csv
Kritosaurus,kritosaurus,Chordata,Reptilia,Ornithischia,Hadrosauridae,dinosaurs.csv
Styracosaurus,styracosaurus,Chordata,Reptilia,Ornithischia,Ceratopsidae,dinosaurs.csv
Judiceratops,judiceratops,Chordata,Reptilia,Ornithischia,Ceratopsidae,dinosaurs.csv
Dacentrurus,dacentrurus,Chordata,Reptilia,Ornithischia,Stegosauridae,dinosaurs.csv
Albertadromeus,albertadromeus,Chordata,Reptilia,Ornithischia,Thescelosauridae,dinosaurs.csv
Stegoceras,stegoceras,Chordata,Reptilia,Ornithischia,Pachycephalosauridae,dinosaurs.csv
Stegoceras,stegoceras,Chordata,Reptilia,Ornithischia,Pachycephalosauridae,dinosaurs.csv
Stegoceras,stegoceras,Chordata,Reptilia,Ornithischia,Pachycephalosauridae,dinosaurs.csv
Yueosaurus,yueosaurus,Chordata,Reptilia,Ornithischia,,dinosaurs.csv
Anodontosaurus,anodontosaurus,Chordata,Reptilia,Ornithischia,Ankylosauridae,dinosaurs.csv
Anodontosaurus,anodontosaurus,Chordata,Reptilia,Ornithischia,Ankylosauridae,dinosaurs.csv
Euoplocephalus,euoplocephalus,Chordata,Reptilia,Ornithischia,Ankylosauridae,dinosaurs.csv
Anodontosaurus,anodontosaurus,Chordata,Reptilia,Ornithischia,Ankylosauridae,dinosaurs.csv
Anodontosaurus,anodontosaurus,Chordata,Reptilia,Ornithischia,Ankylosauridae,dinosaurs.csv
Acrotholus,acrotholus,Chordata,Reptilia,Ornithischia,Pachycephalosauridae,dinosaurs.csv
Iguanodon,iguanodon,Chordata,Reptilia,Ornithischia,,dinosaurs.csv
Bravoceratops,bravoceratops,Chordata,Reptilia,Ornithischia,Ceratopsidae,dinosaurs.csv
Dacentrurus,dacentrurus,Chordata,Reptilia,Ornithischia,Stegosauridae,dinosaurs.csv
Dacentrurus,dacentrurus,Chordata,Reptilia,Ornithischia,Stegosauridae,dinosaurs.csv
Iguanodon,iguanodon,Chordata,Reptilia,Ornithischia,,dinosaurs.csv
Iguanodon,iguanodon,Chordata,Reptilia,Ornithischia,,dinosaurs.csv
Dongyangopelta,dongyangopelta,Chordata,Reptilia,Ornithischia,Nodosauridae,dinosaurs.csv
Pararhabdodon,pararhabdodon,Chordata,Reptilia,Ornithischia,Hadrosauridae,dinosaurs.csv
Moyenisauropus,moyenisauropus,Chordata,Reptilia,Ornithischia,Moyenisauropodidae,dinosaurs.csv
Bolong,bolong,Chordata,Reptilia,Ornithischia,Iguanodontidae,dinosaurs.csv
Claosaurus,claosaurus,Chordata,Reptilia,Ornithischia,,dinosaurs.csv
Kritosaurus,kritosaurus,Chordata,Reptilia,Ornithischia,Hadrosauridae,dinosaurs.csv
Kritosaurus,kritosaurus,Chordata,Reptilia,Ornithischia,Hadrosauridae,dinosaurs.csv
Triceratops,triceratops,Chordata,Reptilia,Ornithischia,Ceratopsidae,dinosaurs.csv
Triceratops,triceratops,Chordata,Reptilia,Ornithischia,Ceratopsidae,dinosaurs.csv
Triceratops,triceratops,Chordata,Reptilia,Ornithischia,Ceratopsidae,dinosaurs.csv
Edmontosaurus,edmontosaurus,Chordata,Reptilia,Ornithischia,Hadrosauridae,dinosaurs.csv
Edmontosaurus,edmontosaurus,Chordata,Reptilia,Ornithischia,Hadrosauridae,dinosaurs.csv
Triceratops,triceratops,Chordata,Reptilia,Ornithischia,Ceratopsidae,dinosaurs.csv
Edmontosaurus,edmontosaurus,Chordata,Reptilia,Ornithischia,Hadrosauridae,dinosaurs.csv
Edmontosaurus,edmontosaurus,Chordata,Reptilia,Ornithischia,Hadrosauridae,dinosaurs.csv
Edmontosaurus,edmontosaurus,Chordata,Reptilia,Ornithischia,Hadrosauridae,dinosaurs.csv
Edmontosaurus,edmontosaurus,Chordata,Reptilia,Ornithischia,Hadrosauridae,dinosaurs.csv
Edmontosaurus,edmontosaurus,Chordata,Reptilia,Ornithischia,Hadrosauridae,dinosaurs.csv
Corythosaurus,corythosaurus,Chordata,Reptilia,Ornithischia,Hadrosauridae,dinosaurs.csv
Saurolophus,saurolophus,Chordata,Reptilia,Ornithischia,Hadrosauridae,dinosaurs.csv
Saurolophus,saurolophus,Chordata,Reptilia,Ornithischia,Hadrosauridae,dinosaurs.csv
Yunganglong,yunganglong,Chordata,Reptilia,Ornithischia,,dinosaurs.csv
Hadrosaurus,hadrosaurus,Chordata,Reptilia,Ornithischia,Hadrosauridae,dinosaurs.csv
Triceratops,triceratops,Chordata,Reptilia,Ornithischia,Ceratopsidae,dinosaurs.csv
Triceratops,triceratops,Chordata,Reptilia,Ornithischia,Ceratopsidae,dinosaurs.csv
Triceratops,triceratops,Chordata,Reptilia,Ornithischia,Ceratopsidae,dinosaurs.csv
Triceratops,triceratops,Chordata,Reptilia,Ornithischia,Ceratopsidae,dinosaurs.csv
Torosaurus,torosaurus,Chordata,Reptilia,Ornithischia,Ceratopsidae,dinosaurs.csv
Edmontosaurus,edmontosaurus,Chordata,Reptilia,Ornithischia,Hadrosauridae,dinosaurs.csv
Arrhinoceratops,arrhinoceratops,Chordata,Reptilia,Ornithischia,Ceratopsidae,dinosaurs.csv
Iguanodon,iguanodon,Chordata,Reptilia,Ornithischia,,dinosaurs.csv
Europelta,europelta,Chordata,Reptilia,Ornithischia,Nodosauridae,dinosaurs.csv
Rhabdodon,rhabdodon,Chordata,Reptilia,Ornithischia,Rhabdodontidae,dinosaurs.csv
Stegosaurus,stegosaurus,Chordata,Reptilia,Ornithischia,Stegosauridae,dinosaurs.csv
Zalmoxes,zalmoxes,Chordata,Reptilia,Ornithischia,Rhabdodontidae,dinosaurs.csv
Zalmoxes,zalmoxes,Chordata,Reptilia,Ornithischia,Rhabdodontidae,dinosaurs.csv
Zalmoxes,zalmoxes,Chordata,Reptilia,Ornithischia,Rhabdodontidae,dinosaurs.csv
Zalmoxes,zalmoxes,Chordata,Reptilia,Ornithischia,Rhabdodontidae,dinosaurs.csv
Hungarosaurus,hungarosaurus,Chordata,Reptilia,Ornithischia,Nodosauridae,dinosaurs.csv
Rhabdodon,rhabdodon,Chordata,Reptilia,Ornithischia,Rhabdodontidae,dinosaurs.csv
Rhabdodon,rhabdodon,Chordata,Reptilia,Ornithischia,Rhabdodontidae,dinosaurs.csv
Gastonia,gastonia,Chordata,Reptilia,Ornithischia,Nodosauridae,dinosaurs.csv
Stegosaurus,stegosaurus,Chordata,Reptilia,Ornithischia,Stegosauridae,dinosaurs.csv
Stegosaurus,stegosaurus,Chordata,Reptilia,Ornithischia,Stegosauridae,dinosaurs.csv
Anodontosaurus,anodontosaurus,Chordata,Reptilia,Ornithischia,Ankylosauridae,dinosaurs.csv
Anodontosaurus,anodontosaurus,Chordata,Reptilia,Ornithischia,Ankylosauridae,dinosaurs.csv
Anodontosaurus,anodontosaurus,Chordata,Reptilia,Ornithischia,Ankylosauridae,dinosaurs.csv
Anodontosaurus,anodontosaurus,Chordata,Reptilia,Ornithischia,Ankylosauridae,dinosaurs.csv
Anodontosaurus,anodontosaurus,Chordata,Reptilia,Ornithischia,Ankylosauridae,dinosaurs.csv
Euoplocephalus,euoplocephalus,Chordata,Reptilia,Ornithischia,Ankylosauridae,dinosaurs.csv
Scolosaurus,scolosaurus,Chordata,Reptilia,Ornithischia,Ankylosauridae,dinosaurs.csv
Euoplocephalus,euoplocephalus,Chordata,Reptilia,Ornithischia,Ankylosauridae,dinosaurs.csv
Lambeosaurus,lambeosaurus,Chordata,Reptilia,Ornithischia,Hadrosauridae,dinosaurs.csv
Euoplocephalus,euoplocephalus,Chordata,Reptilia,Ornithischia,Ankylosauridae,dinosaurs.csv
Euoplocephalus,euoplocephalus,Chordata,Reptilia,Ornithischia,Ankylosauridae,dinosaurs.csv
Qiyunshanpus,qiyunshanpus,Chordata,Reptilia,Ornithischia,,dinosaurs.csv
Taohelong,taohelong,Chordata,Reptilia,Ornithischia,Nodosauridae,dinosaurs.csv
Zalmoxes,zalmoxes,Chordata,Reptilia,Ornithischia,Rhabdodontidae,dinosaurs.csv
Telmatosaurus,telmatosaurus,Chordata,Reptilia,Ornithischia,Hadrosauridae,dinosaurs.csv
Zalmoxes,zalmoxes,Chordata,Reptilia,Ornithischia,Rhabdodontidae,dinosaurs.csv
Zalmoxes,zalmoxes,Chordata,Reptilia,Ornithischia,Rhabdodontidae,dinosaurs.csv
Zalmoxes,zalmoxes,Chordata,Reptilia,Ornithischia,Rhabdodontidae,dinosaurs.csv
Stegopodus,stegopodus,Chordata,Reptilia,Ornithischia,,dinosaurs.csv
Ahshislepelta,ahshislepelta,Chordata,Reptilia,Ornithischia,Ankylosauridae,dinosaurs.csv
Mercuriceratops,mercuriceratops,Chordata,Reptilia,Ornithischia,Ceratopsidae,dinosaurs.csv
Mercuriceratops,mercuriceratops,Chordata,Reptilia,Ornithischia,Ceratopsidae,dinosaurs.csv
Arrhinoceratops,arrhinoceratops,Chordata,Reptilia,Ornithischia,Ceratopsidae,dinosaurs.csv
Zhanghenglong,zhanghenglong,Chordata,Reptilia,Ornithischia,,dinosaurs.csv
Edmontosaurus,edmontosaurus,Chordata,Reptilia,Ornithischia,Hadrosauridae,dinosaurs.csv
Moyenisauropus,moyenisauropus,Chordata,Reptilia,Ornithischia,Moyenisauropodidae,dinosaurs.csv
Komlosaurus,komlosaurus,Chordata,Reptilia,Ornithischia,,dinosaurs.csv
Iguanodon,iguanodon,Chordata,Reptilia,Ornithischia,,dinosaurs.csv
Polacanthus,polacanthus,Chordata,Reptilia,Ornithischia,Nodosauridae,dinosaurs.csv
Iguanodon,iguanodon,Chordata,Reptilia,Ornithischia,,dinosaurs.csv
Dacentrurus,dacentrurus,Chordata,Reptilia,Ornithischia,Stegosauridae,dinosaurs.csv
Dacentrurus,dacentrurus,Chordata,Reptilia,Ornithischia,Stegosauridae,dinosaurs.csv
Rhabdodon,rhabdodon,Chordata,Reptilia,Ornithischia,Rhabdodontidae,dinosaurs.csv
Iguanodon,iguanodon,Chordata,Reptilia,Ornithischia,,dinosaurs.csv
Kulindadromeus,kulindadromeus,Chordata,Reptilia,Ornithischia,,dinosaurs.csv
Euoplocephalus,euoplocephalus,Chordata,Reptilia,Ornithischia,Ankylosauridae,dinosaurs.csv
Laquintasaura,laquintasaura,Chordata,Reptilia,Ornithischia,,dinosaurs.csv
Iguanodon,iguanodon,Chordata,Reptilia,Ornithischia,,dinosaurs.csv
Chuanqilong,chuanqilong,Chordata,Reptilia,Ornithischia,Ankylosauridae,dinosaurs.csv
Delapparentia,delapparentia,Chordata,Reptilia,Ornithischia,,dinosaurs.csv
Iguanodon,iguanodon,Chordata,Reptilia,Ornithischia,,dinosaurs.csv
Iguanodon,iguanodon,Chordata,Reptilia,Ornithischia,,dinosaurs.csv
Iguanodon,iguanodon,Chordata,Reptilia,Ornithischia,,dinosaurs.csv
Pachycephalosaurus,pachycephalosaurus,Chordata,Reptilia,Ornithischia,Pachycephalosauridae,dinosaurs.csv
Stegosaurus,stegosaurus,Chordata,Reptilia,Ornithischia,Stegosauridae,dinosaurs.csv
Edmontonia,edmontonia,Chordata,Reptilia,Ornithischia,Nodosauridae,dinosaurs.csv
Prosaurolophus,prosaurolophus,Chordata,Reptilia,Ornithischia,Hadrosauridae,dinosaurs.csv
Brachylophosaurus,brachylophosaurus,Chordata,Reptilia,Ornithischia,Hadrosauridae,dinosaurs.csv
Brachylophosaurus,brachylophosaurus,Chordata,Reptilia,Ornithischia,Hadrosauridae,dinosaurs.csv
Triceratops,triceratops,Chordata,Reptilia,Ornithischia,Ceratopsidae,dinosaurs.csv
Camptosaurus,camptosaurus,Chordata,Reptilia,Ornithischia,,dinosaurs.csv
Stegosaurus,stegosaurus,Chordata,Reptilia,Ornithischia,Stegosauridae,dinosaurs.csv
Centrosaurus,centrosaurus,Chordata,Reptilia,Ornithischia,Ceratopsidae,dinosaurs.csv
Centrosaurus,centrosaurus,Chordata,Reptilia,Ornithischia,Ceratopsidae,dinosaurs.csv
Triceratops,triceratops,Chordata,Reptilia,Ornithischia,Ceratopsidae,dinosaurs.csv
Hadrosaurus,hadrosaurus,Chordata,Reptilia,Ornithischia,Hadrosauridae,dinosaurs.csv
Protoceratops,protoceratops,Chordata,Reptilia,Ornithischia,,dinosaurs.csv
Protoceratops,protoceratops,Chordata,Reptilia,Ornithischia,,dinosaurs.csv
Protoceratops,protoceratops,Chordata,Reptilia,Ornithischia,,dinosaurs.csv
Pinacosaurus,pinacosaurus,Chordata,Reptilia,Ornithischia,Ankylosauridae,dinosaurs.csv
Iguanodon,iguanodon,Chordata,Reptilia,Ornithischia,,dinosaurs.csv
Edmontosaurus,edmontosaurus,Chordata,Reptilia,Ornithischia,Hadrosauridae,dinosaurs.csv
Psittacosaurus,psittacosaurus,Chordata,Reptilia,Ornithischia,Psittacosauridae,dinosaurs.csv
Iguanodon,iguanodon,Chordata,Reptilia,Ornithischia,,dinosaurs.csv
Psittacosaurus,psittacosaurus,Chordata,Reptilia,Ornithischia,Psittacosauridae,dinosaurs.csv
Aquilops,aquilops,Chordata,Reptilia,Ornithischia,,dinosaurs.csv
Triceratops,triceratops,Chordata,Reptilia,Ornithischia,Ceratopsidae,dinosaurs.csv
Triceratops,triceratops,Chordata,Reptilia,Ornithischia,Ceratopsidae,dinosaurs.csv
Triceratops,triceratops,Chordata,Reptilia,Ornithischia,Ceratopsidae,dinosaurs.csv
Stegosaurus,stegosaurus,Chordata,Reptilia,Ornithischia,Stegosauridae,dinosaurs.csv
Changdusaurus,changdusaurus,Chordata,Reptilia,Ornithischia,,dinosaurs.csv
Scelidosaurus,scelidosaurus,Chordata,Reptilia,Ornithischia,,dinosaurs.csv
Triceratops,triceratops,Chordata,Reptilia,Ornithischia,Ceratopsidae,dinosaurs.csv
Triceratops,triceratops,Chordata,Reptilia,Ornithischia,Ceratopsidae,dinosaurs.csv
Triceratops,triceratops,Chordata,Reptilia,Ornithischia,Ceratopsidae,dinosaurs.csv
Koshisaurus,koshisaurus,Chordata,Reptilia,Ornithischia,,dinosaurs.csv
Monoclonius,monoclonius,Chordata,Reptilia,Ornithischia,Ceratopsidae,dinosaurs.csv
Pinacosaurus,pinacosaurus,Chordata,Reptilia,Ornithischia,Ankylosauridae,dinosaurs.csv
Triceratops,triceratops,Chordata,Reptilia,Ornithischia,Ceratopsidae,dinosaurs.csv
Hadrosaurus,hadrosaurus,Chordata,Reptilia,Ornithischia,Hadrosauridae,dinosaurs.csv
Edmontosaurus,edmontosaurus,Chordata,Reptilia,Ornithischia,Hadrosauridae,dinosaurs.csv
Hadrosaurus,hadrosaurus,Chordata,Reptilia,Ornithischia,Hadrosauridae,dinosaurs.csv
Brachylophosaurus,brachylophosaurus,Chordata,Reptilia,Ornithischia,Hadrosauridae,dinosaurs.csv
Adelolophus,adelolophus,Chordata,Reptilia,Ornithischia,Hadrosauridae,dinosaurs.csv
Prosaurolophus,prosaurolophus,Chordata,Reptilia,Ornithischia,Hadrosauridae,dinosaurs.csv
Plesiohadros,plesiohadros,Chordata,Reptilia,Ornithischia,,dinosaurs.csv
Iguanodon,iguanodon,Chordata,Reptilia,Ornithischia,,dinosaurs.csv
Iguanodon,iguanodon,Chordata,Reptilia,Ornithischia,,dinosaurs.csv
Iguanodon,iguanodon,Chordata,Reptilia,Ornithischia,,dinosaurs.csv
Iguanodon,iguanodon,Chordata,Reptilia,Ornithischia,,dinosaurs.csv
Iguanodon,iguanodon,Chordata,Reptilia,Ornithischia,,dinosaurs.csv
Pinacosaurus,pinacosaurus,Chordata,Reptilia,Ornithischia,Ankylosauridae,dinosaurs.csv
Bagaceratops,bagaceratops,Chordata,Reptilia,Ornithischia,,dinosaurs.csv
Saurolophus,saurolophus,Chordata,Reptilia,Ornithischia,Hadrosauridae,dinosaurs.csv
Pachycephalosaurus,pachycephalosaurus,Chordata,Reptilia,Ornithischia,Pachycephalosauridae,dinosaurs.csv
Psittacosaurus,psittacosaurus,Chordata,Reptilia,Ornithischia,Psittacosauridae,dinosaurs.csv
Psittacosaurus,psittacosaurus,Chordata,Reptilia,Ornithischia,Psittacosauridae,dinosaurs.csv
Saurolophus,saurolophus,Chordata,Reptilia,Ornithischia,Hadrosauridae,dinosaurs.csv
Saurolophus,saurolophus,Chordata,Reptilia,Ornithischia,Hadrosauridae,dinosaurs.csv
Protoceratops,protoceratops,Chordata,Reptilia,Ornithischia,,dinosaurs.csv
Psittacosaurus,psittacosaurus,Chordata,Reptilia,Ornithischia,Psittacosauridae,dinosaurs.csv
Protoceratops,protoceratops,Chordata,Reptilia,Ornithischia,,dinosaurs.csv
Iguanodon,iguanodon,Chordata,Reptilia,Ornithischia,,dinosaurs.csv
Bagaceratops,bagaceratops,Chordata,Reptilia,Ornithischia,,dinosaurs.csv
Protoceratops,protoceratops,Chordata,Reptilia,Ornithischia,,dinosaurs.csv
Protoceratops,protoceratops,Chordata,Reptilia,Ornithischia,,dinosaurs.csv
Bactrosaurus,bactrosaurus,Chordata,Reptilia,Ornithischia,,dinosaurs.csv
Pinacosaurus,pinacosaurus,Chordata,Reptilia,Ornithischia,Ankylosauridae,dinosaurs.csv
Saurolophus,saurolophus,Chordata,Reptilia,Ornithischia,Hadrosauridae,dinosaurs.csv
Ziapelta,ziapelta,Chordata,Reptilia,Ornithischia,Ankylosauridae,dinosaurs.csv
Polacanthus,polacanthus,Chordata,Reptilia,Ornithischia,Nodosauridae,dinosaurs.csv
Saurolophus,saurolophus,Chordata,Reptilia,Ornithischia,Hadrosauridae,dinosaurs.csv
Saurolophus,saurolophus,Chordata,Reptilia,Ornithischia,Hadrosauridae,dinosaurs.csv
Iguanodon,iguanodon,Chordata,Reptilia,Ornithischia,,dinosaurs.csv
Iguanodon,iguanodon,Chordata,Reptilia,Ornithischia,,dinosaurs.csv
Iguanodon,iguanodon,Chordata,Reptilia,Ornithischia,,dinosaurs.csv
Iguanodon,iguanodon,Chordata,Reptilia,Ornithischia,,dinosaurs.csv
Iguanodon,iguanodon,Chordata,Reptilia,Ornithischia,,dinosaurs.csv
Mantellisaurus,mantellisaurus,Chordata,Reptilia,Ornithischia,Iguanodontidae,dinosaurs.csv
Mantellisaurus,mantellisaurus,Chordata,Reptilia,Ornithischia,Iguanodontidae,dinosaurs.csv
Delatorrichnus,delatorrichnus,Chordata,Reptilia,Ornithischia,,dinosaurs.csv
Rhabdodon,rhabdodon,Chordata,Reptilia,Ornithischia,Rhabdodontidae,dinosaurs.csv
Eousdryosaurus,eousdryosaurus,Chordata,Reptilia,Ornithischia,Dryosauridae,dinosaurs.csv
Iguanodon,iguanodon,Chordata,Reptilia,Ornithischia,,dinosaurs.csv
Iguanodon,iguanodon,Chordata,Reptilia,Ornithischia,,dinosaurs.csv
Iguanodon,iguanodon,Chordata,Reptilia,Ornithischia,,dinosaurs.csv
Hypsilophodon,hypsilophodon,Chordata,Reptilia,Ornithischia,Hypsilophodontidae,dinosaurs.csv
Hypsilophodon,hypsilophodon,Chordata,Reptilia,Ornithischia,Hypsilophodontidae,dinosaurs.csv
Valdosaurus,valdosaurus,Chordata,Reptilia,Ornithischia,Dryosauridae,dinosaurs.csv
Hypsilophodon,hypsilophodon,Chordata,Reptilia,Ornithischia,Hypsilophodontidae,dinosaurs.csv
Hypsilophodon,hypsilophodon,Chordata,Reptilia,Ornithischia,Hypsilophodontidae,dinosaurs.csv
Iguanodon,iguanodon,Chordata,Reptilia,Ornithischia,,dinosaurs.csv
Prenocephale,prenocephale,Chordata,Reptilia,Ornithischia,Pachycephalosauridae,dinosaurs.csv
Magnapaulia,magnapaulia,Chordata,Reptilia,Ornithischia,Hadrosauridae,dinosaurs.csv
Magnapaulia,magnapaulia,Chordata,Reptilia,Ornithischia,Hadrosauridae,dinosaurs.csv
Magnapaulia,magnapaulia,Chordata,Reptilia,Ornithischia,Hadrosauridae,dinosaurs.csv
Iguanodon,iguanodon,Chordata,Reptilia,Ornithischia,,dinosaurs.csv
Parasaurolophus,parasaurolophus,Chordata,Reptilia,Ornithischia,Hadrosauridae,dinosaurs.csv
Kritosaurus,kritosaurus,Chordata,Reptilia,Ornithischia,Hadrosauridae,dinosaurs.csv
Kritosaurus,kritosaurus,Chordata,Reptilia,Ornithischia,Hadrosauridae,dinosaurs.csv
Parasaurolophus,parasaurolophus,Chordata,Reptilia,Ornithischia,Hadrosauridae,dinosaurs.csv
Kritosaurus,kritosaurus,Chordata,Reptilia,Ornithischia,Hadrosauridae,dinosaurs.csv
Kritosaurus,kritosaurus,Chordata,Reptilia,Ornithischia,Hadrosauridae,dinosaurs.csv
Wendiceratops,wendiceratops,Chordata,Reptilia,Ornithischia,Ceratopsidae,dinosaurs.csv
Canardia,canardia,Chordata,Reptilia,Ornithischia,Hadrosauridae,dinosaurs.csv
Gryposaurus,gryposaurus,Chordata,Reptilia,Ornithischia,Hadrosauridae,dinosaurs.csv
Iguanodon,iguanodon,Chordata,Reptilia,Ornithischia,,dinosaurs.csv
Mosaiceratops,mosaiceratops,Chordata,Reptilia,Ornithischia,,dinosaurs.csv
Iguanodon,iguanodon,Chordata,Reptilia,Ornithischia,,dinosaurs.csv
Iguanodon,iguanodon,Chordata,Reptilia,Ornithischia,,dinosaurs.csv
Iguanodon,iguanodon,Chordata,Reptilia,Ornithischia,,dinosaurs.csv
Iguanodon,iguanodon,Chordata,Reptilia,Ornithischia,,dinosaurs.csv
Triceratops,triceratops,Chordata,Reptilia,Ornithischia,Ceratopsidae,dinosaurs.csv
Triceratops,triceratops,Chordata,Reptilia,Ornithischia,Ceratopsidae,dinosaurs.csv
Kentrosaurus,kentrosaurus,Chordata,Reptilia,Ornithischia,Stegosauridae,dinosaurs.csv
Hualianceratops,hualianceratops,Chordata,Reptilia,Ornithischia,Chaoyangsauridae,dinosaurs.csv
Morrosaurus,morrosaurus,Chordata,Reptilia,Ornithischia,,dinosaurs.csv
Stegosaurus,stegosaurus,Chordata,Reptilia,Ornithischia,Stegosauridae,dinosaurs.csv
Drinker,drinker,Chordata,Reptilia,Ornithischia,,dinosaurs.csv
Stegosaurus,stegosaurus,Chordata,Reptilia,Ornithischia,Stegosauridae,dinosaurs.csv
Drinker,drinker,Chordata,Reptilia,Ornithischia,,dinosaurs.csv
Drinker,drinker,Chordata,Reptilia,Ornithischia,,dinosaurs.csv
Stegosaurus,stegosaurus,Chordata,Reptilia,Ornithischia,Stegosauridae,dinosaurs.csv
Datonglong,datonglong,Chordata,Reptilia,Ornithischia,,dinosaurs.csv
Rhabdodon,rhabdodon,Chordata,Reptilia,Ornithischia,Rhabdodontidae,dinosaurs.csv
Shantungosaurus,shantungosaurus,Chordata,Reptilia,Ornithischia,Hadrosauridae,dinosaurs.csv
Protoceratops,protoceratops,Chordata,Reptilia,Ornithischia,,dinosaurs.csv
Torosaurus,torosaurus,Chordata,Reptilia,Ornithischia,Ceratopsidae,dinosaurs.csv
Psittacosaurus,psittacosaurus,Chordata,Reptilia,Ornithischia,Psittacosauridae,dinosaurs.csv
Machairoceratops,machairoceratops,Chordata,Reptilia,Ornithischia,Ceratopsidae,dinosaurs.csv
Spiclypeus,spiclypeus,Chordata,Reptilia,Ornithischia,Ceratopsidae,dinosaurs.csv
Ischioceratops,ischioceratops,Chordata,Reptilia,Ornithischia,Leptoceratopsidae,dinosaurs.csv
Iguanodon,iguanodon,Chordata,Reptilia,Ornithischia,,dinosaurs.csv
Saurolophus,saurolophus,Chordata,Reptilia,Ornithischia,Hadrosauridae,dinosaurs.csv
Tarchia,tarchia,Chordata,Reptilia,Ornithischia,Ankylosauridae,dinosaurs.csv
Altirhinus,altirhinus,Chordata,Reptilia,Ornithischia,,dinosaurs.csv
Psittacosaurus,psittacosaurus,Chordata,Reptilia,Ornithischia,Psittacosauridae,dinosaurs.csv
Pinacosaurus,pinacosaurus,Chordata,Reptilia,Ornithischia,Ankylosauridae,dinosaurs.csv
Triceratops,triceratops,Chordata,Reptilia,Ornithischia,Ceratopsidae,dinosaurs.csv
Triceratops,triceratops,Chordata,Reptilia,Ornithischia,Ceratopsidae,dinosaurs.csv
Triceratops,triceratops,Chordata,Reptilia,Ornithischia,Ceratopsidae,dinosaurs.csv
Thescelosaurus,thescelosaurus,Chordata,Reptilia,Ornithischia,Thescelosauridae,dinosaurs.csv
Triceratops,triceratops,Chordata,Reptilia,Ornithischia,Ceratopsidae,dinosaurs.csv
Tarchia,tarchia,Chordata,Reptilia,Ornithischia,Ankylosauridae,dinosaurs.csv
Homalocephale,homalocephale,Chordata,Reptilia,Ornithischia,,dinosaurs.csv
Saurolophus,saurolophus,Chordata,Reptilia,Ornithischia,Hadrosauridae,dinosaurs.csv
Saurolophus,saurolophus,Chordata,Reptilia,Ornithischia,Hadrosauridae,dinosaurs.csv
Prenocephale,prenocephale,Chordata,Reptilia,Ornithischia,Pachycephalosauridae,dinosaurs.csv
Eotrachodon,eotrachodon,Chordata,Reptilia,Ornithischia,Hadrosauridae,dinosaurs.csv
Pachycephalosaurus,pachycephalosaurus,Chordata,Reptilia,Ornithischia,Pachycephalosauridae,dinosaurs.csv
Protoceratops,protoceratops,Chordata,Reptilia,Ornithischia,,dinosaurs.csv
Protoceratops,protoceratops,Chordata,Reptilia,Ornithischia,,dinosaurs.csv
Protoceratops,protoceratops,Chordata,Reptilia,Ornithischia,,dinosaurs.csv
Tylocephale,tylocephale,Chordata,Reptilia,Ornithischia,Pachycephalosauridae,dinosaurs.csv
Saichania,saichania,Chordata,Reptilia,Ornithischia,Ankylosauridae,dinosaurs.csv
Tarchia,tarchia,Chordata,Reptilia,Ornithischia,Ankylosauridae,dinosaurs.csv
Scelidosaurus,scelidosaurus,Chordata,Reptilia,Ornithischia,,dinosaurs.csv
Camptosaurus,camptosaurus,Chordata,Reptilia,Ornithischia,,dinosaurs.csv
Dryosaurus,dryosaurus,Chordata,Reptilia,Ornithischia,Dryosauridae,dinosaurs.csv
Triceratops,triceratops,Chordata,Reptilia,Ornithischia,Ceratopsidae,dinosaurs.csv
Ornithopodichnus,ornithopodichnus,Chordata,Reptilia,Ornithischia,Iguanodontidae,dinosaurs.csv
Elrhazosaurus,elrhazosaurus,Chordata,Reptilia,Ornithischia,Dryosauridae,dinosaurs.csv
Triceratops,triceratops,Chordata,Reptilia,Ornithischia,Ceratopsidae,dinosaurs.csv
Edmontosaurus,edmontosaurus,Chordata,Reptilia,Ornithischia,Hadrosauridae,dinosaurs.csv
Triceratops,triceratops,Chordata,Reptilia,Ornithischia,Ceratopsidae,dinosaurs.csv
Pachycephalosaurus,pachycephalosaurus,Chordata,Reptilia,Ornithischia,Pachycephalosauridae,dinosaurs.csv
Stegosaurus,stegosaurus,Chordata,Reptilia,Ornithischia,Stegosauridae,dinosaurs.csv
Othnielosaurus,othnielosaurus,Chordata,Reptilia,Ornithischia,,dinosaurs.csv
Isaberrysaura,isaberrysaura,Chordata,Reptilia,Ornithischia,,dinosaurs.csv
Stegosaurus,stegosaurus,Chordata,Reptilia,Ornithischia,Stegosauridae,dinosaurs.csv
Othnielosaurus,othnielosaurus,Chordata,Reptilia,Ornithischia,,dinosaurs.csv
Iguanodon,iguanodon,Chordata,Reptilia,Ornithischia,,dinosaurs.csv
Luluichnus,luluichnus,Chordata,Reptilia,Ornithischia,,dinosaurs.csv
